database;phylum;family;species;author;decimalLatitude;decimalLongitude;recordedBy;recordNumber;identifiedBy;catalogNumber;collectionCode;institutionCode;n_grid;locality_id
GBIF;Marchantiophyta;Lejeuneaceae;Acrolejeunea emergens;(Mitt.) Steph.;-13.343333;-44.636667;Vital, D. M.;1128;Vital, D. M.;117213;SP-BRYOPHYTA;IBt;437;1
GBIF;Marchantiophyta;Lejeuneaceae;Acrolejeunea emergens;(Mitt.) Steph.;-13.343333;-44.636667;Vital, D. M.;1138;Vital, D. M.;137598;SP-BRYOPHYTA;IBt;437;1
GBIF;Bryophyta;Sematophyllaceae;Brittonodoxa subpinnata;(Mitt.) Steph.;-13.343333;-44.636667;Vital, D.M.;1136;Vital, D.M.;84230;SP-BRYOPHYTA;IBt;437;1
GBIF;Bryophyta;Bryaceae;Anomobryum apiculatum;(Mitt.) Steph.;-13.343333;-44.636667;Vital, D.M.;1122;Vital, D.M.;090009;SP-BRYOPHYTA;IBt;437;1
GBIF;Bryophyta;Bryaceae;Rosulabryum capillare;(Mitt.) Steph.;-13.343333;-44.636667;Vital, D.M.;1110;Vital, D.M.;1834008;SP-BRYOPHYTA;IBt;437;1
GBIF;Bryophyta;Leucobryaceae;Campylopus savannarum;(Mitt.) Steph.;-13.343333;-44.636667;Vital, D.M.;1149;Griffin III, D.G.;119435;SP-BRYOPHYTA;IBt;437;1
GBIF;Marchantiophyta;Lejeuneaceae;Cheilolejeunea rigidula;(Mitt.) Steph.;-13.343333;-44.636667;Vital, D. M.;1134;Peralta, D. F.;119309;SP-BRYOPHYTA;IBt;437;1
GBIF;Bryophyta;Hypnaceae;Chryso-hypnum diminutivum;(Lehm. & Lindenb.) Schiffn.;-13.343333;-44.636667;Vital, D.M.;1115;Vital, D.M.;CINC-B-0015636;SP-BRYOPHYTA;IBt;437;1
GBIF;Marchantiophyta;Corsiniaceae;Cronisia weddellii;(Lehm. & Lindenb.) Schiffn.;-13.343333;-44.636667;Vital, D. M.;1123;Vital, D. M.;135527;SP-BRYOPHYTA;IBt;437;1
GBIF;Marchantiophyta;Corsiniaceae;Cronisia weddellii;(Lehm. & Lindenb.) Schiffn.;-13.343333;-44.636667;Vital, D. M.;1125;Vital, D. M.;131871;SP-BRYOPHYTA;IBt;437;1
GBIF;Marchantiophyta;Corsiniaceae;Cronisia weddellii;(Lehm. & Lindenb.) Schiffn.;-13.343333;-44.636667;Vital, D. M.;1124;Vital, D. M.;131868;SP-BRYOPHYTA;IBt;437;1
GBIF;Marchantiophyta;Corsiniaceae;Cronisia weddellii;(Lehm. & Lindenb.) Schiffn.;-13.343333;-44.636667;Vital, D. M.;1121;Vital, D. M.;131870;SP-BRYOPHYTA;IBt;437;1
GBIF;Bryophyta;Stereophyllaceae;Entodontopsis leucostega;(Lehm. & Lindenb.) Schiffn.;-13.343333;-44.636667;Vital, D.M.;1118;Vital, D.M.;70517;SP-BRYOPHYTA;IBt;437;1
GBIF;Bryophyta;Erpodiaceae;Venturiella coronata;(Lehm. & Lindenb.) Schiffn.;-13.343333;-44.636667;Vital, D.M.;1112;Vital, D.M.;51384;SP-BRYOPHYTA;IBt;437;1
GBIF;Bryophyta;Erpodiaceae;Venturiella coronata;(Lehm. & Lindenb.) Schiffn.;-13.343333;-44.636667;Vital, D.M.;1116;Vital, D.M.;51476;SP-BRYOPHYTA;IBt;437;1
GBIF;Bryophyta;Erpodiaceae;Venturiella coronata;(Lehm. & Lindenb.) Schiffn.;-13.343333;-44.636667;Vital, D.M.;1150;Vital, D.M.;51366;SP-BRYOPHYTA;IBt;437;1
GBIF;Bryophyta;Fabroniaceae;Fabronia ciliaris;(Lehm. & Lindenb.) Schiffn.;-13.343333;-44.636667;Vital, D.M.;1111;Vital, D.M.;96239;SP-BRYOPHYTA;IBt;437;1
GBIF;Bryophyta;Fabroniaceae;Fabronia ciliaris;(Lehm. & Lindenb.) Schiffn.;-13.343333;-44.636667;Vital, D.M.;1120;Vital, D.M.;71860;SP-BRYOPHYTA;IBt;437;1
GBIF;Bryophyta;Fissidentaceae;Fissidens zollingeri;(Lehm. & Lindenb.) Schiffn.;-13.343333;-44.636667;Vital, D.M.;1114;Bordin, J.;72370;SP-BRYOPHYTA;IBt;437;1
GBIF;Marchantiophyta;Frullaniaceae;Frullania caulisequa;(Lehm. & Lindenb.) Schiffn.;-13.343333;-44.636667;Vital, D. M.;1133;Vital, D. M.;77203;SP-BRYOPHYTA;IBt;437;1
GBIF;Marchantiophyta;Frullaniaceae;Frullania ericoides;(Hedw.) Broth.;-13.343333;-44.636667;Vital, D. M.;1126;Vital, D. M.;72563;SP-BRYOPHYTA;IBt;437;1
GBIF;Marchantiophyta;Frullaniaceae;Frullania ericoides;(Hedw.) Broth.;-13.343333;-44.636667;Vital, D. M.;1117;Vital, D. M.;72564;SP-BRYOPHYTA;IBt;437;1
GBIF;Marchantiophyta;Frullaniaceae;Frullania gibbosa;(Hampe) Mitt.;-13.343333;-44.636667;Vital, D. M.;1135;Vital, D. M.;70389;SP-BRYOPHYTA;IBt;437;1
GBIF;Marchantiophyta;Frullaniaceae;Frullania gibbosa;(Schwägr.) D. Bell & Holyoak;-13.343333;-44.636667;Vital, D. M.;1151;Vital, D. M.;71877;SP-BRYOPHYTA;IBt;437;1
GBIF;Marchantiophyta;Frullaniaceae;Frullania riojaneirensis;(Schwägr.) D. Bell & Holyoak;-13.343333;-44.636667;Vital, D. M.;1130;Vital, D. M.;71875;SP-BRYOPHYTA;IBt;437;1
GBIF;Bryophyta;Helicophyllaceae;Helicophyllum torquatum;(Schwägr.) D. Bell & Holyoak;-13.343333;-44.636667;Vital, D.M.;1119;Vital, D.M.;79186;SP-BRYOPHYTA;IBt;437;1
GBIF;Bryophyta;Pylaisiadelphaceae;Isopterygium tenerifolium;(C.F.W. Meissn. ex Spreng.) A. Evans;-13.343333;-44.636667;Vital, D.M.;1137;Vital, D.M.;96469;SP-BRYOPHYTA;IBt;437;1
GBIF;Bryophyta;Pylaisiadelphaceae;Isopterygium tenerum;(C.F.W. Meissn. ex Spreng.) A. Evans;-13.343333;-44.636667;Vital, D.M.;1152;Vital, D.M.;77814;SP-BRYOPHYTA;IBt;437;1
GBIF;Marchantiophyta;Lejeuneaceae;Lejeunea puiggariana;(C.F.W. Meissn. ex Spreng.) A. Evans;-13.343333;-44.636667;Vital, D. M.;1139;Bastos, C.;79148;SP-BRYOPHYTA;IBt;437;1
GBIF;Bryophyta;Octoblepharaceae;Octoblepharum cylindricum;(C.F.W. Meissn. ex Spreng.) A. Evans;-13.343333;-44.636667;Vital, D.M.;1143;Vital, D.M.;191280;SP-BRYOPHYTA;IBt;437;1
GBIF;Marchantiophyta;Pallaviciniaceae;Pallavicinia lyellii;(C.F.W. Meissn. ex Spreng.) A. Evans;-13.343333;-44.636667;Vital, D. M.;1131;Vital, D. M.;71898;SP-BRYOPHYTA;IBt;437;1
GBIF;Marchantiophyta;Aneuraceae;Riccardia digitiloba;(C.F.W. Meissn. ex Spreng.) A. Evans;-13.343333;-44.636667;Vital, D. M.;1153;Vital, D. M.;84983D;SP-BRYOPHYTA;IBt;437;1
GBIF;Marchantiophyta;Aneuraceae;Riccardia digitiloba;(C.F.W. Meissn. ex Spreng.) A. Evans;-13.343333;-44.636667;Vital, D. M.;1131;Vital, D. M.;84984A;SP-BRYOPHYTA;IBt;437;1
GBIF;Marchantiophyta;Aneuraceae;Riccardia digitiloba;(C.F.W. Meissn. ex Spreng.) A. Evans;-13.343333;-44.636667;Vital, D. M.;1141;Vital, D. M.;84985A;SP-BRYOPHYTA;IBt;437;1
GBIF;Marchantiophyta;Ricciaceae;Riccia oerstediana;(C.F.W. Meissn. ex Spreng.) A. Evans;-13.343333;-44.636667;Vital, D. M.;1113;Vital, D. M.;84990B;SP-BRYOPHYTA;IBt;437;1
GBIF;Marchantiophyta;Ricciaceae;Riccia vitalii;(C.F.W. Meissn. ex Spreng.) A. Evans;-13.343333;-44.636667;Vital, D. M.;1109;Vital, D. M.;84975A;SP-BRYOPHYTA;IBt;437;1
GBIF;Bryophyta;Sphagnaceae;Sphagnum subsecundum;(C.F.W. Meissn. ex Spreng.) A. Evans;-13.343333;-44.636667;Vital, D.M.;1142;Santos, D.P.;84896B;SP-BRYOPHYTA;IBt;437;1
GBIF;Marchantiophyta;Lepidoziaceae;Zoopsidella integrifolia;(C.F.W. Meissn. ex Spreng.) A. Evans;-13.343333;-44.636667;Vital, D. M.;1140;Vital, D. M.;111535;SP-BRYOPHYTA;IBt;437;1
GBIF;Bryophyta;Bryaceae;Rosulabryum capillare;(C.F.W. Meissn. ex Spreng.) A. Evans;-8.096667;-43.663611;Vital, D.M.;8209;Vital, D.M.;134997;SP-BRYOPHYTA;IBt;7333;2
GBIF;Marchantiophyta;Corsiniaceae;Cronisia weddellii;(C.F.W. Meissn. ex Spreng.) A. Evans;-8.096480257;-43.66619245;Vital, D. M.;8210;Vital, D. M.;133016;SP-BRYOPHYTA;IBt;7333;2
GBIF;Bryophyta;Stereophyllaceae;Entodontopsis leucostega;(C.F.W. Meissn. ex Spreng.) A. Evans;-8.096667;-43.663611;Vital, D.M.;8212;Ireland, R. R. & Buck, W. R.;51415;MOBOT;MO;7333;2
GBIF;Bryophyta;Bartramiaceae;Philonotis uncinata;(C.F.W. Meissn. ex Spreng.) A. Evans;-8.096667;-43.663611;Vital, D.M.;8214;Vital, D.M.;71830;SP-BRYOPHYTA;IBt;7333;2
GBIF;Marchantiophyta;Ricciaceae;Riccia squamata;(C.F.W. Meissn. ex Spreng.) A. Evans;-8.096480257;-43.66619245;Vital, D. M.;8211;Vital, D. M.;84984D;SP-BRYOPHYTA;IBt;7333;2
GBIF;Bryophyta;Pottiaceae;Chionoloma tenuirostre;(C.F.W. Meissn. ex Spreng.) A. Evans;-8.096667;-43.663611;Vital, D.M.;8216;Vital, D.M.;87277;SP-BRYOPHYTA;IBt;7333;2
GBIF;Bryophyta;Pottiaceae;Weisiopsis bahiensis;(C.F.W. Meissn. ex Spreng.) A. Evans;-8.096668;-43.663612;Vital, D.M.;8215;Zander, R.H;96201;NY;NYBG;7333;2
GBIF;Bryophyta;Pottiaceae;Weisiopsis bahiensis;(C.F.W. Meissn. ex Spreng.) A. Evans;-8.096667;-43.663611;Vital, D.M.;8217;Vital, D.M.;96203;SP-BRYOPHYTA;IBt;7333;2
GBIF;Bryophyta;Bryaceae;Rosulabryum atenense;(C.F.W. Meissn. ex Spreng.) A. Evans;-13.25884441;-43.42059531;Vital, D.M.;1649;Vital, D. M.;49737;SP-BRYOPHYTA;IBt;10049;3
GBIF;Bryophyta;Bryaceae;Gemmabryum coronatum;(C.F.W. Meissn. ex Spreng.) A. Evans;-13.25833027;-43.42036837;Vital, D.M.;1650;Vital, D.M.;51267;SP-BRYOPHYTA;IBt;10049;3
GBIF;Marchantiophyta;Corsiniaceae;Cronisia fimbriata;(C.F.W. Meissn. ex Spreng.) A. Evans;-13.25884441;-43.42059531;Vital, D. M.;1644;Vital, D. M.;133018;SP-BRYOPHYTA;IBt;10049;3
GBIF;Marchantiophyta;Corsiniaceae;Cronisia fimbriata;(C.F.W. Meissn. ex Spreng.) A. Evans;-13.25884441;-43.42059531;Vital, D. M.;1651;Vital, D. M.;135529;SP-BRYOPHYTA;IBt;10049;3
GBIF;Marchantiophyta;Corsiniaceae;Cronisia weddellii;(C.F.W. Meissn. ex Spreng.) A. Evans;-13.25884441;-43.42059531;Vital, D. M.;7991;Vital, D. M.;131869;SP-BRYOPHYTA;IBt;10049;3
GBIF;Bryophyta;Erpodiaceae;Tricherpodium beccarii;(C.F.W. Meissn. ex Spreng.) A. Evans;-13.255;-43.418056;Vital, D.M.;7984;Vital, D.M.;51417;SP-BRYOPHYTA;IBt;10049;3
GBIF;Bryophyta;Erpodiaceae;Venturiella coronata;(C.F.W. Meissn. ex Spreng.) A. Evans;-13.255;-43.418056;Vital, D.M.;1647;Vital, D.M.;51367;SP-BRYOPHYTA;IBt;10049;3
GBIF;Bryophyta;Fissidentaceae;Fissidens goyazensis;(C.F.W. Meissn. ex Spreng.) A. Evans;-13.255;-43.418056;Vital, D.M.;7996;Pursell, R. A.;70485;SP-BRYOPHYTA;IBt;10049;3
GBIF;Bryophyta;Fissidentaceae;Fissidens goyazensis;(C.F.W. Meissn. ex Spreng.) A. Evans;-13.255;-43.418056;Vital, D.M.;1646;Bordin, J.;71659;SP-BRYOPHYTA;IBt;10049;3
GBIF;Bryophyta;Fissidentaceae;Fissidens zollingeri;(C.F.W. Meissn. ex Spreng.) A. Evans;-13.25884441;-43.42059531;Vital, D.M.;1645;Vital, D. M.;72372;SP-BRYOPHYTA;IBt;10049;3
GBIF;Marchantiophyta;Aytoniaceae;Plagiochasma rupestre;(C.F.W. Meissn. ex Spreng.) A. Evans;-13.25884441;-43.42059531;Vital, D. M.;1648;Vital, D. M.;191510;SP-BRYOPHYTA;IBt;10049;3
GBIF;Marchantiophyta;Ricciaceae;Riccia albopunctata;(C.F.W. Meissn. ex Spreng.) A. Evans;-13.25884441;-43.42059531;Vital, D. M.;7983;Peralta, D. F.;84973D;SP-BRYOPHYTA;IBt;10049;3
GBIF;Marchantiophyta;Ricciaceae;Riccia horrida;(C.F.W. Meissn. ex Spreng.) A. Evans;-13.255;-43.418056;Vital, D. M.;7993;Vital, D. M.;84979B;SP-BRYOPHYTA;IBt;10049;3
GBIF;Marchantiophyta;Ricciaceae;Riccia planobiconvexa;(C.F.W. Meissn. ex Spreng.) A. Evans;-13.25884441;-43.42059531;Vital, D. M.;1649;Vital, D. M.;84977C;SP-BRYOPHYTA;IBt;10049;3
GBIF;Marchantiophyta;Ricciaceae;Riccia squamata;(C.F.W. Meissn. ex Spreng.) A. Evans;-13.25884441;-43.42059531;Vital, D. M.;7993;Vital, D. M.;84979E;SP-BRYOPHYTA;IBt;10049;3
GBIF;Marchantiophyta;Ricciaceae;Riccia squamata;(C.F.W. Meissn. ex Spreng.) A. Evans;-13.25884441;-43.42059531;Vital, D. M.;7992;Vital, D. M.;84981C;SP-BRYOPHYTA;IBt;10049;3
GBIF;Marchantiophyta;Ricciaceae;Riccia oerstediana;(C.F.W. Meissn. ex Spreng.) A. Evans;-13.25884441;-43.42059531;Vital, D. M.;7994;Vital, D. M.;84986A;SP-BRYOPHYTA;IBt;10049;3
GBIF;Marchantiophyta;Ricciaceae;Riccia wainionis;(C.F.W. Meissn. ex Spreng.) A. Evans;-13.25884441;-43.42059531;Vital, D. M.;7995;Vital, D. M.;85010A;SP-BRYOPHYTA;IBt;10049;3
GBIF;Marchantiophyta;Ricciaceae;Riccia wainionis;(C.F.W. Meissn. ex Spreng.) A. Evans;-13.25884441;-43.42059531;Vital, D. M.;1645;Vital, D. M.;84992F;SP-BRYOPHYTA;IBt;10049;3
GBIF;Marchantiophyta;Targioniaceae;Targionia hypophylla;(C.F.W. Meissn. ex Spreng.) A. Evans;-13.255;-43.418056;"Hatschbach, G; Ribas, OS";55146;Griffin III,  D.;190339;ALCB;UFBA;10049;3
GBIF;Bryophyta;Pottiaceae;Trichostomum brachydontium;(C.F.W. Meissn. ex Spreng.) A. Evans;-13.25855221;-43.41924069;Vital, D.M.;1652;Vital, D.M.;EAC00053323;SP-BRYOPHYTA;IBt;10049;3
GBIF;Bryophyta;Erpodiaceae;Venturiella coronata;(C.F.W. Meissn. ex Spreng.) A. Evans;-13.183333;-43.4;Vital, D.M.;7986;Vital, D.M.;51360;SP-BRYOPHYTA;IBt;10051;4
GBIF;Bryophyta;Archidiaceae;Archidium ohioense;(C.F.W. Meissn. ex Spreng.) A. Evans;-13.066667;-43.366667;Vital, D.M.;7989;Vital, D.M.;550140;SP-BRYOPHYTA;IBt;10362;5
GBIF;Bryophyta;Micromitriaceae;Micromitrium tenerum;(C.F.W. Meissn. ex Spreng.) A. Evans;-13.066667;-43.366667;Vital, D.M.;7990;Vital, D.M.;133068;SP-BRYOPHYTA;IBt;10362;5
GBIF;Bryophyta;Micromitriaceae;Micromitrium tenerum;(C.F.W. Meissn. ex Spreng.) A. Evans;-13.066667;-43.366667;Vital, D.M.;7987;Vital, D.M.;133069;SP-BRYOPHYTA;IBt;10362;5
GBIF;Bryophyta;Leucobryaceae;Campylopus carolinae;(C.F.W. Meissn. ex Spreng.) A. Evans;-15.8025;-43.308889;Vital, D.M.;7915;Peralta, D. F.;119516;PACA-BRYOPHYTES;IAP;10863;6
GBIF;Bryophyta;Stereophyllaceae;Entodontopsis leucostega;(C.F.W. Meissn. ex Spreng.) A. Evans;-15.8025;-43.308889;Vital, D.M.;7914;Ireland, R.R.;79057;SP-BRYOPHYTA;IBt;10863;6
GBIF;Bryophyta;Erpodiaceae;Tricherpodium beccarii;(C.F.W. Meissn. ex Spreng.) A. Evans;-15.80098643;-43.30941136;Vital, D.M.;7917;Vital, D.M.;51382;SP-BRYOPHYTA;IBt;10863;6
GBIF;Bryophyta;Erpodiaceae;Venturiella coronata;(C.F.W. Meissn. ex Spreng.) A. Evans;-15.80098643;-43.30941136;Vital, D.M.;7916;Vital, D.M.;51373;SP-BRYOPHYTA;IBt;10863;6
GBIF;Marchantiophyta;Frullaniaceae;Frullania ericoides;(C.F.W. Meissn. ex Spreng.) A. Evans;-15.8025;-43.308889;Vital, D. M.;7910;Hattori, S.;77188;SP-BRYOPHYTA;IBt;10863;6
GBIF;Marchantiophyta;Frullaniaceae;Frullania ericoides;(C.F.W. Meissn. ex Spreng.) A. Evans;-15.8025;-43.308889;Vital, D. M.;7908;Hattori, S.;77199;SP-BRYOPHYTA;IBt;10863;6
GBIF;Bryophyta;Helicophyllaceae;Helicophyllum torquatum;(C.F.W. Meissn. ex Spreng.) A. Evans;-15.80098643;-43.30941136;Vital, D.M.;7918;Vital, D.M.;79172;SP-BRYOPHYTA;IBt;10863;6
GBIF;Bryophyta;Archidiaceae;Archidium ohioense;(C.F.W. Meissn. ex Spreng.) A. Evans;-12.18150235;-43.21634215;Vital, D.M.;7999;Vital, D.M.;550139;PC;MNHN;12175;7
GBIF;Bryophyta;Stereophyllaceae;Entodontopsis leucostega;(C.F.W. Meissn. ex Spreng.) A. Evans;-12.185278;-43.220556;Vital, D.M.;6080;Vital, D.M.;70491;SP-BRYOPHYTA;IBt;12175;7
GBIF;Bryophyta;Erpodiaceae;Venturiella coronata;(C.F.W. Meissn. ex Spreng.) A. Evans;-12.185278;-43.220556;Vital, D.M.;6078;Vital, D.M.;123691;SP-BRYOPHYTA;IBt;12175;7
GBIF;Bryophyta;Erpodiaceae;Venturiella coronata;(C.F.W. Meissn. ex Spreng.) A. Evans;-12.185278;-43.220556;Vital, D.M.;6079;Vital, D.M.;96238;SP-BRYOPHYTA;IBt;12175;7
GBIF;Bryophyta;Fabroniaceae;Fabronia ciliaris var. polycarpa;(C.F.W. Meissn. ex Spreng.) A. Evans;-12.185278;-43.220556;Vital, D.M.;6077;Vital, D.M.;51624;SP-BRYOPHYTA;IBt;12175;7
GBIF;Bryophyta;Fissidentaceae;Fissidens angustelimbatus;(C.F.W. Meissn. ex Spreng.) A. Evans;-12.18173867;-43.21714445;Vital, D.M.;8000;Pursell, R. A.;51655;SP-BRYOPHYTA;IBt;12175;7
GBIF;Bryophyta;Fissidentaceae;Fissidens intramarginatus;(C.F.W. Meissn. ex Spreng.) A. Evans;-12.185278;-43.220556;Vital, D.M.;6076;Peralta, D. F.;72233;SP-BRYOPHYTA;IBt;12175;7
GBIF;Marchantiophyta;Ricciaceae;Riccia wainionis;L.;-12.185278;-43.220556;Vital, D. M.;8002;Vital, D. M.;84994D;SP-BRYOPHYTA;IBt;12175;7
GBIF;Bryophyta;Erpodiaceae;Tricherpodium beccarii;(Müll. Hal.) P.E.A.S. Câmara, W.R. Buck & Carv.-Silva;-12.55;-43.166667;Vital, D.M.;7997;Vital, D.M.;51356;SP-BRYOPHYTA;IBt;12458;8
GBIF;Bryophyta;Erpodiaceae;Venturiella coronata;(Müll. Hal.) Wijk & Margad.;-12.55;-43.166667;Vital, D.M.;7998;Vital, D.M.;123687;SP-BRYOPHYTA;IBt;12458;8
GBIF;Bryophyta;Fissidentaceae;Fissidens guianensis;(Müll. Hal.) Wijk & Margad.;-12.233333;-43.166667;Vital, D.M.;8003;Vital, D.M.;77863;SP-BRYOPHYTA;IBt;12469;9
GBIF;Bryophyta;Fissidentaceae;Fissidens goyazensis;(Müll. Hal.) Wijk & Margad.;-11.089444;-43.141667;Vital, D.M.;6069;Peralta, D. F.;71665;SP-BRYOPHYTA;IBt;12808;10
GBIF;Bryophyta;Fissidentaceae;Fissidens goyazensis;(Müll. Hal.) Wijk & Margad.;-11.089444;-43.141667;Vital, D.M.;6070;Peralta, D. F.;96705;SP-BRYOPHYTA;IBt;12808;10
GBIF;Bryophyta;Stereophyllaceae;Entodontopsis leucostega;(Müll. Hal.) Wijk & Margad.;-15.743333;-43.028333;Vital, D.M.;7923;Vital, D.M.;70498;SP-BRYOPHYTA;IBt;13850;11
GBIF;Bryophyta;Erpodiaceae;Tricherpodium beccarii;(Müll. Hal.) Wijk & Margad.;-15.7;-43.016667;Vital, D.M.;7922;Vital, D.M.;51498;SP-BRYOPHYTA;IBt;14149;12
GBIF;Bryophyta;Bryaceae;Gemmabryum coronatum;(Müll. Hal.) Wijk & Margad.;-8.111363288;-42.94457974;Vital, D.M.;8206;Peralta, D. F.;49692;SP-BRYOPHYTA;IBt;15003;13
GBIF;Bryophyta;Erpodiaceae;Venturiella coronata;(Broth.) Broth.;-15.39614582;-42.86099438;Vital, D.M.;7920;Vital, D.M.;51458;SP-BRYOPHYTA;IBt;15625;14
GBIF;Bryophyta;Erpodiaceae;Tricherpodium beccarii;(Hampe) P.E.A.S. Câmara, Carv.-Silva & W.R. Buck;-15.33175064;-42.8239517;Vital, D.M.;7925;Vital, D.M.;51434;SP-BRYOPHYTA;IBt;15910;15
GBIF;Bryophyta;Erpodiaceae;Venturiella coronata;(Hampe) P.E.A.S. Câmara, Carv.-Silva & W.R. Buck;-15.33175064;-42.8239517;Vital, D.M.;7926;Vital, D.M.;51461;SP-BRYOPHYTA;IBt;15910;15
GBIF;Bryophyta;Fissidentaceae;Fissidens pallidinervis;(Hampe) P.E.A.S. Câmara, Carv.-Silva & W.R. Buck;-15.33175064;-42.8239517;Vital, D.M.;7924;Pursell, R. A.;72369;MOBOT;MO;15910;15
GBIF;Bryophyta;Rhachitheciaceae;Zanderia octoblepharis;I.G. Stone;-15.33175064;-42.8239517;Vital, D.M.;7927a;Vital, D.M.;190329;SP-BRYOPHYTA;IBt;15910;15
GBIF;Bryophyta;Rhachitheciaceae;Zanderia octoblepharis;I.G. Stone;-15.33175064;-42.8239517;Vital, D.M.;7927;Vital, D.M.;190332;MOBOT;MO;15910;15
GBIF;Bryophyta;Erpodiaceae;Tricherpodium beccarii;I.G. Stone;-10.716667;-42.75;Vital, D.M.;6068;Pursell, R. A.;51364;MOBOT;MO;16821;16
GBIF;Marchantiophyta;Lejeuneaceae;Stictolejeunea squamata;Austin;-10.8;-42.716667;"Guedes, ML;Harley, RM,Silva, EM da,Smith, S,Hind, DJN";PCD2954;Bastos, C.;70645;ALCB;UFBA;17095;17
GBIF;Marchantiophyta;Corsiniaceae;Cronisia weddellii;Müll. Hal.;-14.4925;-42.687222;Vital, D. M.;7944;Peralta, D. F.;131845;SP-BRYOPHYTA;IBt;17261;18
GBIF;Bryophyta;Erpodiaceae;Tricherpodium beccarii;Müll. Hal.;-14.4925;-42.687222;Vital, D.M.;7948;Vital, D.M.;51372;SP-BRYOPHYTA;IBt;17261;18
GBIF;Bryophyta;Erpodiaceae;Venturiella coronata;Müll. Hal.;-14.4925;-42.687222;Vital, D.M.;7940;Vital, D.M.;51438;SP-BRYOPHYTA;IBt;17261;18
GBIF;Bryophyta;Fissidentaceae;Fissidens goyazensis;Müll. Hal.;-14.4925;-42.687222;Vital, D.M.;7942;Pursell, R. A.;96717;SP-BRYOPHYTA;IBt;17261;18
GBIF;Marchantiophyta;Ricciaceae;Riccia oerstediana;Müll. Hal.;-14.4925;-42.687222;Vital, D. M.;7945;Vital, D. M.;84986D;SP-BRYOPHYTA;IBt;17261;18
GBIF;Marchantiophyta;Ricciaceae;Riccia vitalii;Müll. Hal.;-14.4925;-42.687222;Vital, D. M.;7943;Peralta, D. F.;84981B;SP-BRYOPHYTA;IBt;17261;18
GBIF;Marchantiophyta;Ricciaceae;Riccia wainionis;Müll. Hal.;-14.4925;-42.687222;Vital, D. M.;7949;Peralta, D. F.;85007A;SP-BRYOPHYTA;IBt;17261;18
GBIF;Bryophyta;Erpodiaceae;Venturiella coronata;Müll. Hal.;-14.45;-42.683333;Vital, D.M.;7941;Vital, D.M.;51375;SP-BRYOPHYTA;IBt;17262;19
GBIF;Bryophyta;Archidiaceae;Archidium ohioense;Müll. Hal.;-14.433333;-42.687222;Vital, D.M.;7950;Vital, D.M.;550130;CESJ;UFJF;17263;20
GBIF;Bryophyta;Erpodiaceae;Tricherpodium beccarii;Müll. Hal.;-14.433333;-42.683333;Vital, D.M.;7947;Vital, D.M.;51503;SP-BRYOPHYTA;IBt;17263;20
GBIF;Bryophyta;Helicophyllaceae;Helicophyllum torquatum;Müll. Hal.;-14.416667;-42.683333;Vital, D.M.;7946;Vital, D.M.;79206;SP-BRYOPHYTA;IBt;17263;20
GBIF;Marchantiophyta;Ricciaceae;Riccia erythrocarpa;Müll. Hal.;-14.771389;-42.655;Vital, D. M.;7933;Jovet-Ast, S.;84978C;SP-BRYOPHYTA;IBt;17524;21
GBIF;Marchantiophyta;Ricciaceae;Riccia oerstediana;Müll. Hal.;-14.771389;-42.655;Vital, D. M.;7932;Vital, D. M.;84983C;SP-BRYOPHYTA;IBt;17524;21
GBIF;Marchantiophyta;Ricciaceae;Riccia wainionis;Müll. Hal.;-14.771389;-42.655;Vital, D. M.;7937;Peralta, D. F.;85006A;SP-BRYOPHYTA;IBt;17524;21
GBIF;Bryophyta;Bryaceae;Rosulabryum capillare;Müll. Hal.;-14.716667;-42.65;Vital, D.M.;7936;Yano, O.;123697;SP-BRYOPHYTA;IBt;17526;22
GBIF;Bryophyta;Erpodiaceae;Tricherpodium beccarii;Müll. Hal.;-14.716667;-42.65;Vital, D.M.;7935;Vital, D.M.;51406;SP-BRYOPHYTA;IBt;17526;22
GBIF;Bryophyta;Leucobryaceae;Ochrobryum gardneri;Müll. Hal.;-12.002569;-42.633;H. van der Werff;26110;Allen, B.;191502;MOBOT;MO;17864;23
GBIF;Marchantiophyta;Ricciaceae;Riccia vitalii;Dixon & P. de la Varde;-12.686944;-42.524167;"Reis, TR; Santos, ND";242;Reis, T. R.;85008A;UFP;UFPE;18926;24
GBIF;Bryophyta;Sematophyllaceae;Brittonodoxa subpinnata;Dixon & P. de la Varde;-14.033333;-42.5;Vital, D.M.;7960;Vital, D.M.;84454;SP-BRYOPHYTA;IBt;19181;25
GBIF;Bryophyta;Sematophyllaceae;Brittonodoxa subpinnata;Dixon & P. de la Varde;-14.033333;-42.5;Vital, D.M.;7951;Vital, D.M.;84450;SP-BRYOPHYTA;IBt;19181;25
GBIF;Bryophyta;Bryaceae;Rosulabryum capillare;Schimp. ex Müll. Hal.;-14.033333;-42.5;Vital, D.M.;7955;Vital, D.M.;37725;SP-BRYOPHYTA;IBt;19181;25
GBIF;Bryophyta;Bryaceae;Rosulabryum capillare;Schimp. ex Müll. Hal.;-14.033333;-42.5;Vital, D.M.;7965;Vital, D.M.;1834052;SP-BRYOPHYTA;IBt;19181;25
GBIF;Bryophyta;Fabroniaceae;Fabronia ciliaris var. polycarpa;Schimp. ex Müll. Hal.;-14.033333;-42.5;Vital, D.M.;7963;Vital, D.M.;51607;SP-BRYOPHYTA;IBt;19181;25
GBIF;Bryophyta;Fissidentaceae;Fissidens guianensis;Schimp. ex Müll. Hal.;-14.033333;-42.5;Vital, D.M.;7954;Vital, D.M.;72579;SP-BRYOPHYTA;IBt;19181;25
GBIF;Bryophyta;Fissidentaceae;Fissidens hornschuchii;Schimp. ex Müll. Hal.;-14.03333;-42.5;Vital, D.M.;7956;Pursell, R. A.;77952;MOBOT;MO;19181;25
GBIF;Bryophyta;Helicophyllaceae;Helicophyllum torquatum;Schimp. ex Müll. Hal.;-14.033333;-42.5;Vital, D.M.;7961;Vital, D.M.;79401;SP-BRYOPHYTA;IBt;19181;25
GBIF;Bryophyta;Rhachitheciaceae;Jonesiobryum termitarum;Schimp. ex Müll. Hal.;-14.033333;-42.5;Vital, D.M.;7952;Vital, D.M.;96475;SP-BRYOPHYTA;IBt;19181;25
GBIF;Bryophyta;Pottiaceae;Trichostomum brachydontium;Schimp. ex Müll. Hal.;-14.033333;-42.5;Vital, D.M.;7966;Vital, D.M.;53323;SP-BRYOPHYTA;IBt;19181;25
GBIF;Marchantiophyta;Lejeuneaceae;Cheilolejeunea discoidea;Schimp. ex Müll. Hal.;-14.069444;-42.475;Vital, D. M.;7970;Grolle, R.;119429;SP-BRYOPHYTA;IBt;19470;26
GBIF;Marchantiophyta;Lejeuneaceae;Cheilolejeunea xanthocarpa;Schimp. ex Müll. Hal.;-14.069444;-42.475;Vital, D. M.;7957;Vital, D. M.;135061;SP-BRYOPHYTA;IBt;19470;26
GBIF;Marchantiophyta;Frullaniaceae;Frullania ericoides;Schimp. ex Müll. Hal.;-14.069444;-42.475;Vital, D. M.;7962;Hattori, S.;77241;SP-BRYOPHYTA;IBt;19470;26
GBIF;Marchantiophyta;Frullaniaceae;Frullania ericoides;Schimp. ex Müll. Hal.;-14.069444;-42.475;Vital, D. M.;7964;Hattori, S.;72553;SP-BRYOPHYTA;IBt;19470;26
GBIF;Marchantiophyta;Frullaniaceae;Frullania glomerata;Schimp. ex Müll. Hal.;-14.069444;-42.475;Vital, D. M.;7958;Yano, O.;70359;SP-BRYOPHYTA;IBt;19470;26
GBIF;Marchantiophyta;Frullaniaceae;Frullania riojaneirensis;Schimp. ex Müll. Hal.;-14.069444;-42.475;Vital, D. M.;7957;Vital, D. M.;70227;SP-BRYOPHYTA;IBt;19470;26
GBIF;Bryophyta;Archidiaceae;Archidium julicaule;Schimp. ex Müll. Hal.;-7.019424044;-42.12250259;Vital, D. M.;8199;Peralta, D. F.;72844;SP-BRYOPHYTA;IBt;23240;27
GBIF;Bryophyta;Archidiaceae;Archidium ohioense;Schimp. ex Müll. Hal.;-7.015162339;-42.12655741;Vital, D.M.;8198;Vital, D.M.;87093;SP-BRYOPHYTA;IBt;23240;27
GBIF;Bryophyta;Bryaceae;Rosulabryum capillare;Schimp. ex Müll. Hal.;-7.025278;-42.131111;Vital, D.M.;2934;Peralta, D. F.;28921;SP-BRYOPHYTA;IBt;23240;27
GBIF;Marchantiophyta;Corsiniaceae;Cronisia weddellii;Schimp. ex Müll. Hal.;-7.025278;-42.131111;Vital, D. M.;2933;Vital, D. M.;131869;RB;JBRJ;23240;27
GBIF;Marchantiophyta;Corsiniaceae;Cronisia weddellii;Schimp. ex Müll. Hal.;-7.019424044;-42.12250259;Vital, D. M.;8201;Vital, D. M.;131868;SP-BRYOPHYTA;IBt;23240;27
GBIF;Bryophyta;Stereophyllaceae;Entodontopsis leucostega;Schimp. ex Müll. Hal.;-7.015162339;-42.12655741;Vital, D.M.;8200;Ireland, R. R. & Buck, W. R.;119969;MOBOT;MO;23240;27
GBIF;Marchantiophyta;Ricciaceae;Riccia vitalii;Schimp. ex Müll. Hal.;-7.025278;-42.131111;Vital, D. M.;2935;Vital, D. M.;84998B;SP-BRYOPHYTA;IBt;23240;27
GBIF;Marchantiophyta;Ricciaceae;Riccia vitalii;Schimp. ex Müll. Hal.;-7.019424044;-42.12250259;Vital, D. M.;8199;Peralta, D. F.;85000B;SP-BRYOPHYTA;IBt;23240;27
GBIF;Marchantiophyta;Ricciaceae;Riccia squamata;Schimp. ex Müll. Hal.;-7.013056;-42.075278;Vital, D. M.;2936;"Peralta, D.F.; Oliveira, J.W.";84976A;HUSC;UNISANTA;23538;28
GBIF;Marchantiophyta;Lejeuneaceae;Cheilolejeunea discoidea;Schimp. ex Müll. Hal.;-13.516667;-42;R. M. Harley;27564;Gradstein, S. R.;119524;CEPEC;CEPLAC;24206;29
GBIF;Bryophyta;Bryaceae;Bryum argenteum;Schimp. ex Müll. Hal.;-13.52693333;-41.96805308;R. M. Harley;26275;Ochi, H. et al.;1408198;CEPEC;CEPLAC;24503;30
GBIF;Bryophyta;Leucobryaceae;Campylopus pilifer;Schimp. ex Müll. Hal.;-13.52693333;-41.96805308;R.M. Harley;24523;Peralta, D.F.;119699;CESJ;UFJF;24503;30
GBIF;Bryophyta;Leucobryaceae;Campylopus pilifer;Schimp. ex Müll. Hal.;-13.52693333;-41.96805308;"S.R. Visnadi; D.M. Vital";2610;"S.R. Visnadi; D.M. Vital";119529;RB;JBRJ;24503;30
GBIF;Bryophyta;Pottiaceae;Leptodontium viticulosoides;Schimp. ex Müll. Hal.;-13.52693333;-41.96805308;"S.R. Visnadi; D.M. Vital";2605;Costa, D.P.;79146;RB;JBRJ;24503;30
GBIF;Bryophyta;Pottiaceae;Leptodontium excelsum;Schimp. ex Müll. Hal.;-13.52693333;-41.96805308;"R. M. Harley;et al.";26274;Zander, R.H;51393;MOBOT;MO;24503;30
GBIF;Bryophyta;Leucobryaceae;Leucobryum crispum;(Nees) Gradst.;-13.52693333;-41.96805308;R. M. Harley;27562;Buck, W. R.;63465;CEPEC;CEPLAC;24503;30
GBIF;Bryophyta;Polytrichaceae;Polytrichum juniperinum;(Nees) Gradst.;-13.52693333;-41.96805308;R. M. Harley;26272;Buck, W. R.;170676;CEPEC;CEPLAC;24503;30
GBIF;Bryophyta;Polytrichaceae;Polytrichum juniperinum;(Müll. Hal.) R.S. Williams;-13.52693333;-41.96805308;"S.R. Visnadi; D.M. Vital";2609;Peralta, D.F.;191500;RB;JBRJ;24503;30
GBIF;Bryophyta;Sphagnaceae;Sphagnum brevirameum;(Müll. Hal.) R.S. Williams;-13.52693333;-41.96805308;R.M. Harley;26271;Crum, H. A.;84885E;MICH;UM;24503;30
GBIF;Bryophyta;Sphagnaceae;Sphagnum perichaetiale;Spruce;-13.52693333;-41.96805308;R. M. Harley;26721;Crum, H. A.;85047A;CEPEC;CEPLAC;24503;30
GBIF;Bryophyta;Sphagnaceae;Sphagnum recurvum;Spruce;-13.5267737;-41.9641174;J. L. Hage;299;Costa, D.P.;84899B;CEPEC;CEPLAC;24503;30
GBIF;Bryophyta;Calymperaceae;Syrrhopodon prolifer;Spruce;-13.52693333;-41.96805308;R. M. Harley;26250;Reese, W.D.;88396;MOBOT;MO;24503;30
GBIF;Bryophyta;Sematophyllaceae;Aptychopsis pyrrhophylla;Spruce;-13.52419561;-41.94690478;R. M. Harley;26634;Buck, W. R.;50075;CEPEC;CEPLAC;24801;31
GBIF;Bryophyta;Sematophyllaceae;Brittonodoxa subpinnata;Spruce;-13.533333;-41.933333;R. M. Harley;26243;Buck, W. R.;84279;CEPEC;CEPLAC;24801;31
GBIF;Bryophyta;Leucobryaceae;Campylopus dichrostis;Spruce;-13.533333;-41.933333;R. M. Harley;26249;Buck, W. R.;119336;NY;NYBG;24801;31
GBIF;Marchantiophyta;Frullaniaceae;Frullania brasiliensis;Spruce;-13.533333;-41.933333;"Valente, EB; Gusmao, LFP";82;Valente, E. B.;70483;ALCB;UFBA;24801;31
GBIF;Marchantiophyta;Herbertaceae;Herbertus bivittatus;Spruce;-13.533333;-41.933333;R. M. Harley;26239;Feldberg, K.;79182;NY;NYBG;24801;31
GBIF;Marchantiophyta;Herbertaceae;Herbertus bivittatus;Spruce;-13.533333;-41.933333;R. M. Harley;26240;Feldberg, K.;79171;NY;NYBG;24801;31
GBIF;Marchantiophyta;Lejeuneaceae;Lejeunea flava;Spruce;-13.533333;-41.933333;R. M. Harley;26242;Gradstein, S. R.;77778;CEPEC;CEPLAC;24801;31
GBIF;Bryophyta;Leucobryaceae;Leucobryum albidum;Spruce;-13.533333;-41.933333;R. M. Harley;26637;Yano, O.;79125;CEPEC;CEPLAC;24801;31
GBIF;Bryophyta;Leucobryaceae;Leucobryum crispum;(Lindenb.) Trevis.;-13.533333;-41.933333;R. M. Harley;26246;Buck, W. R.;87728;CEPEC;CEPLAC;24801;31
GBIF;Bryophyta;Leucobryaceae;Leucobryum crispum;(Lindenb.) Trevis.;-13.52419561;-41.94690478;R. M. Harley;26381;Buck, W. R.;70477;CEPEC;CEPLAC;24801;31
GBIF;Marchantiophyta;Metzgeriaceae;Metzgeria furcata;(Lindenb.) Trevis.;-13.533333;-41.933333;R. M. Harley;26640;Costa, D.P.;42135;CEPEC;CEPLAC;24801;31
GBIF;Bryophyta;Calomniaceae;Pyrrhobryum spiniforme;(Lindenb.) Trevis.;-13.52419561;-41.94690478;R. M. Harley;26631;Buck, W. R.;71824;CEPEC;CEPLAC;24801;31
GBIF;Bryophyta;Orthotrichaceae;Schlotheimia rugifolia;(Lindenb.) Trevis.;-13.52419561;-41.94690478;R. M. Harley;26635;Buck, W. R.;85061A;CEPEC;CEPLAC;24801;31
GBIF;Bryophyta;Brachytheciaceae;Squamidium brasiliense;(Lindenb.) Trevis.;-13.533333;-41.933333;R. M. Harley;26643;Buck, W. R.;84896A;CEPEC;CEPLAC;24801;31
GBIF;Bryophyta;Calymperaceae;Syrrhopodon gaudichaudii;(Lindenb.) Trevis.;-13.533333;-41.933333;R. M. Harley;26248;Buck, W. R.;134704;CEPEC;CEPLAC;24801;31
GBIF;Bryophyta;Calymperaceae;Syrrhopodon prolifer;(F. Weber) Grolle;-13.533333;-41.933333;R. M. Harley;26244;Reese, W. D. & Towsend,  C. C.;88397;CEPEC;CEPLAC;24801;31
GBIF;Bryophyta;Sematophyllaceae;Aptychopsis subpungifolia;(F. Weber) Grolle;-13.52137468;-41.91624069;W. R. Buck;26873;Evangelista, M.;RB00922080;UB;UNB;25094;32
GBIF;Bryophyta;Bryaceae;Bryum arachnoideum;(F. Weber) Grolle;-13.52137468;-41.91624069;Buck, W. R.;26843;Buck, W. R.;133000;NY;NYBG;25094;32
GBIF;Bryophyta;Sematophyllaceae;Donnellia commutata;(F. Weber) Grolle;-13.52137468;-41.91624069;Buck, W. R.;26875;Buck, W. R.;51812;NY;NYBG;25094;32
GBIF;Bryophyta;Sematophyllaceae;Donnellia commutata;(F. Weber) Grolle;-13.52137468;-41.91624069;Buck, W. R.;26882;Buck, W. R.;51794;NY;NYBG;25094;32
GBIF;Bryophyta;Sematophyllaceae;Donnellia commutata;(F. Weber) Grolle;-13.52137468;-41.91624069;Buck, W. R.;26884;Buck, W. R.;51751;NY;NYBG;25094;32
GBIF;Bryophyta;Fissidentaceae;Fissidens pellucidus;(F. Weber) Grolle;-13.52137468;-41.91624069;Buck, W. R.;26859;Buck, W. R.;77848;NY;NYBG;25094;32
GBIF;Bryophyta;Fissidentaceae;Fissidens scalaris;(F. Weber) Grolle;-13.52137468;-41.91624069;Buck, W. R.;26852;Buck, W. R.;72199;NY;NYBG;25094;32
GBIF;Bryophyta;Orthotrichaceae;Macrocoma orthotrichoides;(F. Weber) Grolle;-13.52137468;-41.91624069;Buck, W. R.;26866;Buck, W. R.;RB01355973;NY;NYBG;25094;32
GBIF;Bryophyta;Cryphaeaceae;Schoenobryum concavifolium;(Gottsche & Lindenb.) Schiffn.;-13.52137468;-41.91624069;Buck, W. R.;26851;Buck, W. R.;84855A;NY;NYBG;25094;32
GBIF;Bryophyta;Sphagnaceae;Sphagnum aciphyllum;(Gottsche & Lindenb.) Schiffn.;-13.52137468;-41.91624069;W. R. Buck;26853;Crum, H. A.;84876B;MICH;UM;25094;32
GBIF;Bryophyta;Sphagnaceae;Sphagnum aciphyllum;(Gottsche & Lindenb.) Schiffn.;-13.52137468;-41.91624069;Buck, W. R.;26853;Buck, W. R.;84880B;DUKE;DUKE;25094;32
GBIF;Bryophyta;Sphagnaceae;Sphagnum brevirameum;(Nees) Kruijt & Gradst.;-13.52137468;-41.91624069;W. R. Buck;26844;Crum, H. A.;84893D;DUKE;DUKE;25094;32
GBIF;Bryophyta;Sphagnaceae;Sphagnum gracilescens;(Nees) Kruijt & Gradst.;-13.52137468;-41.91624069;W. R. Buck;26868;Crum, H. A.;84883B;MICH;UM;25094;32
GBIF;Bryophyta;Sphagnaceae;Sphagnum magellanicum;(Nees) Kruijt & Gradst.;-13.52137468;-41.91624069;W. R. Buck;26854;Crum, H. A.;85031B;MICH;UM;25094;32
GBIF;Bryophyta;Sphagnaceae;Sphagnum magellanicum;(Nees) Kruijt & Gradst.;-13.52137468;-41.91624069;W. R. Buck;26863;Crum, H. A.;85036B;MICH;UM;25094;32
GBIF;Bryophyta;Bryaceae;Rosulabryum densifolium;(Nees) Kruijt & Gradst.;-13.290833;-41.904167;Bastos, C;5096;Bastos, C.;79583;ALCB;UFBA;25102;33
GBIF;Bryophyta;Bryaceae;Rosulabryum densifolium;Mart.;-13.290833;-41.904167;Bastos, C;5100;Bastos, C.;80152;ALCB;UFBA;25102;33
GBIF;Bryophyta;Leucobryaceae;Campylopus arctocarpus;(Schwägr.) Hampe;-13.290556;-41.903611;Bastos, C;5184;Bastos, C.;119441;ALCB;UFBA;25102;33
GBIF;Bryophyta;Leucobryaceae;Campylopus arctocarpus;(Sw. ex Brid.) Spruce;-13.290556;-41.903611;Vilas Boas-Bastos, SB;2417;Vilas Boas-Bastos, SB;119460;ALCB;UFBA;25102;33
GBIF;Bryophyta;Leucobryaceae;Campylopus filifolius;(Brid.) W.R. Buck, P.E.A.S. Câmara & Carv.-Silva;-13.290833;-41.904167;Valente, EB;F61373;Valente, E. B.;119576;UFP;UFPE;25102;33
GBIF;Bryophyta;Leucobryaceae;Campylopus filifolius;(Brid.) W.R. Buck, P.E.A.S. Câmara & Carv.-Silva;-13.290833;-41.904167;Valente, EB;F61447;Valente, E. B.;119570;UFP;UFPE;25102;33
GBIF;Bryophyta;Leucobryaceae;Campylopus julaceus;(Brid.) W.R. Buck, P.E.A.S. Câmara & Carv.-Silva;-13.296667;-41.9075;Valente, EB;F61520;Valente, E. B.;112890;UFP;UFPE;25102;33
GBIF;Bryophyta;Leucobryaceae;Campylopus pilifer;(Brid.) W.R. Buck, P.E.A.S. Câmara & Carv.-Silva;-13.296667;-41.9075;Valente, EB;F61511;Valente, E. B.;119484;UFP;UFPE;25102;33
GBIF;Bryophyta;Leucobryaceae;Campylopus pilifer;(Brid.) W.R. Buck, P.E.A.S. Câmara & Carv.-Silva;-13.290278;-41.904167;Vilas Boas-Bastos, SB;2422;Vilas Boas-Bastos, SB;119527;ALCB;UFBA;25102;33
GBIF;Bryophyta;Leucobryaceae;Campylopus pilifer;(Brid.) W.R. Buck, P.E.A.S. Câmara & Carv.-Silva;-13.289722;-41.905;Bastos, C;5185;Bastos, C.;119258;ALCB;UFBA;25102;33
GBIF;Marchantiophyta;Lejeuneaceae;Cheilolejeunea filiformis;(Brid.) W.R. Buck, P.E.A.S. Câmara & Carv.-Silva;-13.290833;-41.904167;Bastos, C;s/n;Bastos, C.;119397;ALCB;UFBA;25102;33
GBIF;Marchantiophyta;Lejeuneaceae;Cheilolejeunea filiformis;(Brid.) W.R. Buck, P.E.A.S. Câmara & Carv.-Silva;-13.2908;-41.9042;Valente, EB;F61401;Valente, E. B.;119766;UFP;UFPE;25102;33
GBIF;Marchantiophyta;Lejeuneaceae;Cheilolejeunea lobulata;(Brid.) W.R. Buck, P.E.A.S. Câmara & Carv.-Silva;-13.290833;-41.904167;Bastos, C;s/n;Bastos, C.;119319;ALCB;UFBA;25102;33
GBIF;Marchantiophyta;Lejeuneaceae;Drepanolejeunea campanulata;(Brid.) W.R. Buck, P.E.A.S. Câmara & Carv.-Silva;-13.290833;-41.904167;Bastos, C;5284;Bastos, C.;51764;ALCB;UFBA;25102;33
GBIF;Marchantiophyta;Frullaniaceae;Frullania brasiliensis;(Brid.) W.R. Buck, P.E.A.S. Câmara & Carv.-Silva;-13.2908;-41.9042;Valente, EB;F61393;Valente, E. B.;70456;UFP;UFPE;25102;33
GBIF;Marchantiophyta;Lejeuneaceae;Harpalejeunea subacuta;(Brid.) W.R. Buck, P.E.A.S. Câmara & Carv.-Silva;-13.290833;-41.904167;Vilas Boas-Bastos, SB;2451;Boas-Bastos, S. B. V;109043;ALCB;UFBA;25102;33
GBIF;Marchantiophyta;Herbertaceae;Herbertus bivittatus;(Brid.) W.R. Buck, P.E.A.S. Câmara & Carv.-Silva;-13.290834;-41.904168;R. M. Harley;27868;Feldberg, K.;79187;NY;NYBG;25102;33
GBIF;Marchantiophyta;Herbertaceae;Herbertus juniperoideus;(Brid.) W.R. Buck, P.E.A.S. Câmara & Carv.-Silva;-13.2908;-41.9042;Valente, EB;F61453;Valente, E. B.;79195;UFP;UFPE;25102;33
GBIF;Bryophyta;Sematophyllaceae;Jirivanaea galipensis;(Brid.) W.R. Buck, P.E.A.S. Câmara & Carv.-Silva;-13.290833;-41.904167;Vilas Boas-Bastos, SB;2392;Vilas Boas-Bastos, SB;109019;ALCB;UFBA;25102;33
GBIF;Bryophyta;Leucobryaceae;Leucobryum giganteum;(Brid.) W.R. Buck, P.E.A.S. Câmara & Carv.-Silva;-13.290833;-41.904167;Vilas Boas-Bastos, SB;2394;Vilas Boas-Bastos, SB;79678;ALCB;UFBA;25102;33
GBIF;Bryophyta;Dicranaceae;Leucoloma serrulatum;(Brid.) W.R. Buck, P.E.A.S. Câmara & Carv.-Silva;-13.290833;-41.904167;Bastos, C;5137;Bastos, C.;96426;ALCB;UFBA;25102;33
GBIF;Bryophyta;Dicranaceae;Leucoloma serrulatum;(Brid.) W.R. Buck, P.E.A.S. Câmara & Carv.-Silva;-13.290833;-41.904167;Vilas Boas-Bastos, SB;2423;Vilas Boas-Bastos, SB;96440;ALCB;UFBA;25102;33
GBIF;Bryophyta;Orthotrichaceae;Macromitrium microstomum;(Brid.) W.R. Buck, P.E.A.S. Câmara & Carv.-Silva;-13.289722;-41.905;Vilas Boas-Bastos, SB;2420;Vilas Boas-Bastos, SB;70192;ALCB;UFBA;25102;33
GBIF;Marchantiophyta;Lejeuneaceae;Neurolejeunea breutelii;(Brid.) W.R. Buck, P.E.A.S. Câmara & Carv.-Silva;-13.290833;-41.904167;R. M. Harley;27866;Gradstein, S. R.;191462;CEPEC;CEPLAC;25102;33
GBIF;Bryophyta;Pterobryaceae;Orthostichopsis praetermissa;(Brid.) W.R. Buck, P.E.A.S. Câmara & Carv.-Silva;-13.290833;-41.904167;Bastos, C;5108;Bastos, C.;76284A;ALCB;UFBA;25102;33
GBIF;Marchantiophyta;Plagiochilaceae;Plagiochila cristata;(Brid.) W.R. Buck, P.E.A.S. Câmara & Carv.-Silva;-13.2908;-41.9042;Valente, EB;F61431;Valente, E. B.;191173;UFP;UFPE;25102;33
GBIF;Marchantiophyta;Plagiochilaceae;Plagiochila cristata;(Brid.) W.R. Buck, P.E.A.S. Câmara & Carv.-Silva;-13.2908;-41.9042;Valente, EB;F61386;Valente, E. B.;191200;UFP;UFPE;25102;33
GBIF;Marchantiophyta;Plagiochilaceae;Plagiochila disticha;(Brid.) W.R. Buck, P.E.A.S. Câmara & Carv.-Silva;-13.2908;-41.9042;Valente, EB;F61443;Valente, E. B.;191182;UFP;UFPE;25102;33
GBIF;Marchantiophyta;Plagiochilaceae;Plagiochila gymnocalycina;(Brid.) W.R. Buck, P.E.A.S. Câmara & Carv.-Silva;-13.2908;-41.9042;Valente, EB;F61391;Valente, E. B.;191478;UFP;UFPE;25102;33
GBIF;Marchantiophyta;Plagiochilaceae;Plagiochila martiana;(Brid.) W.R. Buck, P.E.A.S. Câmara & Carv.-Silva;-13.2908;-41.9042;Valente, EB;F61402;Valente, E. B.;191188;UFP;UFPE;25102;33
GBIF;Marchantiophyta;Plagiochilaceae;Plagiochila martiana;(Brid.) W.R. Buck, P.E.A.S. Câmara & Carv.-Silva;-13.2908;-41.9042;Valente, EB;F61421;Valente, E. B.;191165;UFP;UFPE;25102;33
GBIF;Marchantiophyta;Plagiochilaceae;Plagiochila simplex;(Brid.) W.R. Buck, P.E.A.S. Câmara & Carv.-Silva;-13.2908;-41.9042;Valente, EB;F61434;Valente, E. B.;191495;UFP;UFPE;25102;33
GBIF;Marchantiophyta;Plagiochilaceae;Plagiochila simplex;(Brid.) W.R. Buck, P.E.A.S. Câmara & Carv.-Silva;-13.2908;-41.9042;Valente, EB;F61458;Valente, E. B.;BM001244353;UFP;UFPE;25102;33
GBIF;Bryophyta;Polytrichaceae;Polytrichum juniperinum;(Brid.) W.R. Buck, P.E.A.S. Câmara & Carv.-Silva;-13.290833;-41.903333;Bastos, C;5179;Bastos, C.;G-G-141462/13;ALCB;UFBA;25102;33
GBIF;Bryophyta;Polytrichaceae;Polytrichum juniperinum;(Brid.) W.R. Buck, P.E.A.S. Câmara & Carv.-Silva;-13.290833;-41.903333;Bastos, C;5187;Bastos, C.;213603;ALCB;UFBA;25102;33
GBIF;Bryophyta;Calomniaceae;Pyrrhobryum spiniforme;(Brid.) W.R. Buck, P.E.A.S. Câmara & Carv.-Silva;-13.290833;-41.904167;Bastos, C;5105;Bastos, C.;76011;ALCB;UFBA;25102;33
GBIF;Bryophyta;Hedwigiaceae;Rhacocarpus purpurascens;(Brid.) W.R. Buck, P.E.A.S. Câmara & Carv.-Silva;-13.290556;-41.903611;Bastos, C;5180;Bastos, C.;85055B;ALCB;UFBA;25102;33
GBIF;Bryophyta;Orthotrichaceae;Schlotheimia rugifolia;(Brid.) W.R. Buck, P.E.A.S. Câmara & Carv.-Silva;-13.290833;-41.904167;Bastos, C;5120;Bastos, C.;85059C;ALCB;UFBA;25102;33
GBIF;Bryophyta;Orthotrichaceae;Schlotheimia rugifolia;(Brid.) W.R. Buck, P.E.A.S. Câmara & Carv.-Silva;-13.289722;-41.905;Bastos, C;5186;Bastos, C.;85063D;ALCB;UFBA;25102;33
GBIF;Bryophyta;Sphagnaceae;Sphagnum longistolo;(Brid.) W.R. Buck, P.E.A.S. Câmara & Carv.-Silva;-13.296667;-41.9075;Valente, EB;F61529;Valente, E. B.;85036C;UFP;UFPE;25102;33
GBIF;Bryophyta;Sphagnaceae;Sphagnum longistolo;(Brid.) W.R. Buck, P.E.A.S. Câmara & Carv.-Silva;-13.289722;-41.905;S.B. Vilas Boas-Bastos;2421;Costa, D.P.;85032C;RB;JBRJ;25102;33
GBIF;Bryophyta;Sphagnaceae;Sphagnum perichaetiale;(Brid.) W.R. Buck, P.E.A.S. Câmara & Carv.-Silva;-13.296667;-41.9075;Valente, EB;F61515;Valente, E. B.;85048A;UFP;UFPE;25102;33
GBIF;Bryophyta;Sphagnaceae;Sphagnum perichaetiale;(Brid.) W.R. Buck, P.E.A.S. Câmara & Carv.-Silva;-13.290556;-41.903611;Vilas Boas-Bastos, SB;2416;Bastos, C.;85045C;ALCB;UFBA;25102;33
GBIF;Bryophyta;Sphagnaceae;Sphagnum perichaetiale;(Brid.) W.R. Buck, P.E.A.S. Câmara & Carv.-Silva;-13.290555;-41.903611;S.B. Vilas Boas-Bastos;2416;Bastos, C.;85042B;RB;JBRJ;25102;33
GBIF;Bryophyta;Sphagnaceae;Sphagnum perichaetiale;(Brid.) W.R. Buck, P.E.A.S. Câmara & Carv.-Silva;-13.289722;-41.905;Vilas Boas-Bastos, SB;2421;Costa, D.P.;85033;ALCB;UFBA;25102;33
GBIF;Bryophyta;Calymperaceae;Syrrhopodon prolifer;(Brid.) W.R. Buck, P.E.A.S. Câmara & Carv.-Silva;-13.290833;-41.904167;Bastos, C;511;Bastos, C.;88397;ALCB;UFBA;25102;33
GBIF;Marchantiophyta;Adelanthaceae;Syzygiella trigonifolia;(Brid.) W.R. Buck, P.E.A.S. Câmara & Carv.-Silva;-13.2908;-41.9042;Valente, EB;F61364;Valente, E. B.;190350;UFP;UFPE;25102;33
GBIF;Marchantiophyta;Adelanthaceae;Syzygiella trigonifolia;(Brid.) W.R. Buck, P.E.A.S. Câmara & Carv.-Silva;-13.2908;-41.9042;Valente, EB;F61448;Valente, E. B.;190351;UFP;UFPE;25102;33
GBIF;Bryophyta;Daltoniaceae;Adelothecium bogotense;(Brid.) W.R. Buck, P.E.A.S. Câmara & Carv.-Silva;-13.279722;-41.903889;Vilas Boas-Bastos, SB;2427;Vilas Boas-Bastos, SB;1913748;ALCB;UFBA;25103;34
GBIF;Bryophyta;Sematophyllaceae;Aptychopsis pyrrhophylla;(Brid.) W.R. Buck, P.E.A.S. Câmara & Carv.-Silva;-13.279722;-41.905278;Vilas Boas-Bastos, SB;s/n;Vilas Boas-Bastos, SB;550137;ALCB;UFBA;25103;34
GBIF;Bryophyta;Sematophyllaceae;Aptychopsis pyrrhophylla;(Brid.) W.R. Buck, P.E.A.S. Câmara & Carv.-Silva;-13.279722;-41.903889;Bastos, C;5193;Bastos, C.;550138;ALCB;UFBA;25103;34
GBIF;Bryophyta;Sematophyllaceae;Aptychopsis pyrrhophylla;(Brid.) W.R. Buck, P.E.A.S. Câmara & Carv.-Silva;-13.279722;-41.903889;Bastos, C;5267;Bastos, C.;550631;ALCB;UFBA;25103;34
GBIF;Bryophyta;Sematophyllaceae;Aptychopsis pyrrhophylla;(Brid.) W.R. Buck, P.E.A.S. Câmara & Carv.-Silva;-13.279722;-41.903889;Vilas Boas-Bastos, SB;2444;Vilas Boas-Bastos, SB;50080;ALCB;UFBA;25103;34
GBIF;Bryophyta;Sematophyllaceae;Aptychopsis pyrrhophylla;(Brid.) W.R. Buck, P.E.A.S. Câmara & Carv.-Silva;-13.279722;-41.903889;Vilas Boas-Bastos, SB;2445;Vilas Boas-Bastos, SB;71125;ALCB;UFBA;25103;34
GBIF;Bryophyta;Bryaceae;Rosulabryum densifolium;(Brid.) W.R. Buck, P.E.A.S. Câmara & Carv.-Silva;-13.279722;-41.903889;Vilas Boas-Bastos, SB;2476;Vilas Boas-Bastos, SB;80159;ALCB;UFBA;25103;34
GBIF;Marchantiophyta;Calypogeiaceae;Calypogeia peruviana;(Brid.) W.R. Buck, P.E.A.S. Câmara & Carv.-Silva;-13.269444;-41.911111;Valente, EB;F61574;Valente, E. B.;64217;UFP;UFPE;25103;34
GBIF;Bryophyta;Leucobryaceae;Campylopus arctocarpus;(Brid.) W.R. Buck, P.E.A.S. Câmara & Carv.-Silva;-13.279722;-41.903889;Bastos, C;5253;Bastos, C.;119575;ALCB;UFBA;25103;34
GBIF;Bryophyta;Leucobryaceae;Campylopus arctocarpus;(Brid.) W.R. Buck, P.E.A.S. Câmara & Carv.-Silva;-13.279722;-41.903889;Vilas Boas-Bastos, SB;2438;Vilas Boas-Bastos, SB;119595;ALCB;UFBA;25103;34
GBIF;Bryophyta;Leucobryaceae;Campylopus arctocarpus;(Brid.) W.R. Buck, P.E.A.S. Câmara & Carv.-Silva;-13.279722;-41.903889;Vilas Boas-Bastos, SB;2454;Vilas Boas-Bastos, SB;119622;ALCB;UFBA;25103;34
GBIF;Bryophyta;Leucobryaceae;Campylopus arctocarpus;(Brid.) W.R. Buck, P.E.A.S. Câmara & Carv.-Silva;-13.279722;-41.903889;Vilas Boas-Bastos, SB;2460;Vilas Boas-Bastos, SB;119588;ALCB;UFBA;25103;34
GBIF;Bryophyta;Leucobryaceae;Campylopus filifolius;(Brid.) W.R. Buck, P.E.A.S. Câmara & Carv.-Silva;-13.279722;-41.903889;Bastos, C;5212;Bastos, C.;119569;ALCB;UFBA;25103;34
GBIF;Bryophyta;Leucobryaceae;Campylopus filifolius;(Brid.) W.R. Buck, P.E.A.S. Câmara & Carv.-Silva;-13.279722;-41.903889;Bastos, C;5216;Bastos, C.;119544;ALCB;UFBA;25103;34
GBIF;Bryophyta;Leucobryaceae;Campylopus filifolius var. humilis;(Brid.) W.R. Buck, P.E.A.S. Câmara & Carv.-Silva;-13.279722;-41.903889;Bastos, C;5194;Bastos, C.;119458;ALCB;UFBA;25103;34
GBIF;Bryophyta;Leucobryaceae;Campylopus filifolius var. humilis;(Brid.) W.R. Buck, P.E.A.S. Câmara & Carv.-Silva;-13.279722;-41.903889;Bastos, C;5266;Bastos, C.;119362;ALCB;UFBA;25103;34
GBIF;Bryophyta;Leucobryaceae;Campylopus pilifer;(Brid.) W.R. Buck, P.E.A.S. Câmara & Carv.-Silva;-13.280833;-41.902778;Bastos, C;5289;Bastos, C.;119377;ALCB;UFBA;25103;34
GBIF;Bryophyta;Leucobryaceae;Campylopus pilifer;(Brid.) W.R. Buck, P.E.A.S. Câmara & Carv.-Silva;-13.280833;-41.902778;Bastos, C;5291;Bastos, C.;119470;ALCB;UFBA;25103;34
GBIF;Marchantiophyta;Lejeuneaceae;Cheilolejeunea acutangula;(Brid.) W.R. Buck, P.E.A.S. Câmara & Carv.-Silva;-13.269444;-41.911111;Valente, EB;F61608;Valente, E. B.;119684-A;UFP;UFPE;25103;34
GBIF;Marchantiophyta;Lejeuneaceae;Colura tenuicornis;(Brid.) W.R. Buck, P.E.A.S. Câmara & Carv.-Silva;-13.269444;-41.911111;Bastos, C;5282;Bastos, C.;132081;ALCB;UFBA;25103;34
GBIF;Bryophyta;Fissidentaceae;Fissidens serratus;(Brid.) W.R. Buck, P.E.A.S. Câmara & Carv.-Silva;-13.279722;-41.903889;Bastos, C;5261;Bastos, C.;72362;ALCB;UFBA;25103;34
GBIF;Bryophyta;Dicranaceae;Holomitrium crispulum;(Brid.) W.R. Buck, P.E.A.S. Câmara & Carv.-Silva;-13.279722;-41.903889;Vilas Boas-Bastos, SB;2452;Vilas Boas-Bastos, SB;72129;ALCB;UFBA;25103;34
GBIF;Bryophyta;Dicranaceae;Holomitrium crispulum;(Brid.) W.R. Buck, P.E.A.S. Câmara & Carv.-Silva;-13.279722;-41.903889;Vilas Boas-Bastos, SB;2471;Vilas Boas-Bastos, SB;79213;ALCB;UFBA;25103;34
GBIF;Bryophyta;Sematophyllaceae;Jirivanaea galipensis;(Brid.) W.R. Buck, P.E.A.S. Câmara & Carv.-Silva;-13.279722;-41.903889;Bastos, C;5204;Bastos, C.;79135;ALCB;UFBA;25103;34
GBIF;Marchantiophyta;Lepidoziaceae;Lepidozia inaequalis;(Brid.) W.R. Buck, P.E.A.S. Câmara & Carv.-Silva;-13.269444;-41.911111;Valente, EB;F61605;Valente, E. B.;79107;UFP;UFPE;25103;34
GBIF;Marchantiophyta;Lepidoziaceae;Lepidozia inaequalis;(Brid.) W.R. Buck, P.E.A.S. Câmara & Carv.-Silva;-13.269444;-41.911111;Valente, EB;F61607;Valente, E. B.;79149;UFP;UFPE;25103;34
GBIF;Bryophyta;Leucobryaceae;Leucobryum crispum;(Brid.) W.R. Buck, P.E.A.S. Câmara & Carv.-Silva;-13.279722;-41.903889;Bastos, C;5268;Bastos, C.;71702;ALCB;UFBA;25103;34
GBIF;Bryophyta;Leucobryaceae;Leucobryum crispum;(Brid.) W.R. Buck, P.E.A.S. Câmara & Carv.-Silva;-13.269444;-41.911111;Valente, EB;F61601;Valente, E. B.;63480;UFP;UFPE;25103;34
GBIF;Bryophyta;Leucobryaceae;Leucobryum crispum;(Brid.) W.R. Buck, P.E.A.S. Câmara & Carv.-Silva;-13.268333;-41.9275;Valente, EB;F61575;Valente, E. B.;71629;UFP;UFPE;25103;34
GBIF;Bryophyta;Leucobryaceae;Leucobryum martianum;(Brid.) W.R. Buck, P.E.A.S. Câmara & Carv.-Silva;-13.279722;-41.903889;Bastos, C;5218;Bastos, C.;72133;ALCB;UFBA;25103;34
GBIF;Bryophyta;Dicranaceae;Leucoloma serrulatum;(Brid.) W.R. Buck, P.E.A.S. Câmara & Carv.-Silva;-13.279722;-41.903889;Bastos, C;5221;Bastos, C.;96220;ALCB;UFBA;25103;34
GBIF;Bryophyta;Dicranaceae;Leucoloma serrulatum;(Brid.) W.R. Buck, P.E.A.S. Câmara & Carv.-Silva;-13.279722;-41.903889;Bastos, C;5249;Bastos, C.;119962;ALCB;UFBA;25103;34
GBIF;Bryophyta;Dicranaceae;Leucoloma serrulatum;(Brid.) W.R. Buck, P.E.A.S. Câmara & Carv.-Silva;-13.279722;-41.903889;Vilas Boas-Bastos, SB;2440;Vilas Boas-Bastos, SB;96436;ALCB;UFBA;25103;34
GBIF;Bryophyta;Orthotrichaceae;Pseudomacromitrium punctatum;(Brid.) W.R. Buck, P.E.A.S. Câmara & Carv.-Silva;-13.279722;-41.903889;Bastos, C;5228;Bastos, C.;96485;ALCB;UFBA;25103;34
GBIF;Bryophyta;Hypnaceae;Mittenothamnium substriatum;(Brid.) W.R. Buck, P.E.A.S. Câmara & Carv.-Silva;-13.279722;-41.903889;Vilas Boas-Bastos, SB;2473;Vilas Boas-Bastos, SB;191460;ALCB;UFBA;25103;34
GBIF;Bryophyta;Pterobryaceae;Orthostichopsis praetermissa;(Brid.) W.R. Buck, P.E.A.S. Câmara & Carv.-Silva;-13.279722;-41.903889;Vilas Boas-Bastos, SB;2489;Vilas Boas-Bastos, SB;76278;ALCB;UFBA;25103;34
GBIF;Bryophyta;Pterobryaceae;Orthostichopsis praetermissa;(Brid.) W.R. Buck, P.E.A.S. Câmara & Carv.-Silva;-13.279722;-41.903889;Vilas Boas-Bastos, SB;s/n;Vilas Boas-Bastos, SB;76284;ALCB;UFBA;25103;34
GBIF;Marchantiophyta;Pallaviciniaceae;Pallavicinia lyellii;(Brid.) W.R. Buck, P.E.A.S. Câmara & Carv.-Silva;-13.269444;-41.911111;Valente, EB;F61565;Valente, E. B.;71896;UFP;UFPE;25103;34
GBIF;Bryophyta;Phyllogoniaceae;Phyllogonium viride;(Sw.) Nees;-13.279722;-41.903889;Bastos, C;5196;Bastos, C.;76241;ALCB;UFBA;25103;34
GBIF;Bryophyta;Phyllogoniaceae;Phyllogonium viride;(Sw.) Nees;-13.279722;-41.903889;Vilas Boas-Bastos, SB;2439;Vilas Boas-Bastos, SB;75869;ALCB;UFBA;25103;34
GBIF;Bryophyta;Phyllogoniaceae;Phyllogonium viride;(Sw.) Nees;-13.279722;-41.903889;Vilas Boas-Bastos, SB;2472;Vilas Boas-Bastos, SB;75868;ALCB;UFBA;25103;34
GBIF;Bryophyta;Phyllogoniaceae;Phyllogonium viride;(Sw.) Nees;-13.269444;-41.911111;Valente, EB;F61585;Valente, E. B.;75851;UFP;UFPE;25103;34
GBIF;Bryophyta;Phyllogoniaceae;Phyllogonium viride;(Sw.) Nees;-13.269444;-41.911111;Valente, EB;F61590;Valente, E. B.;75863;UFP;UFPE;25103;34
GBIF;Bryophyta;Phyllogoniaceae;Phyllogonium viride;(Sw.) Nees;-13.269444;-41.911111;Valente, EB;F61603;Valente, E. B.;76213;UFP;UFPE;25103;34
GBIF;Bryophyta;Orthotrichaceae;Schlotheimia tecta;(Sw.) Nees;-13.277222;-41.905556;Valente, EB;F21635;Valente, E. B.;84970B;UFP;UFPE;25103;34
GBIF;Bryophyta;Orthotrichaceae;Schlotheimia tecta;(Sw.) Nees;-13.277222;-41.905556;Valente, EB;F61639;Valente, E. B.;84965A;UFP;UFPE;25103;34
GBIF;Bryophyta;Calymperaceae;Syrrhopodon elongatus;(Sw.) Nees;-13.269444;-41.911111;Valente, EB;F61624;Valente, E. B.;126988;UFP;UFPE;25103;34
GBIF;Bryophyta;Calymperaceae;Syrrhopodon gaudichaudii;(Sw.) Nees;-13.279722;-41.903889;"Bastos, C; Vilas Boas-Bastos, SB";5238;Bastos, C.;134703;ALCB;UFBA;25103;34
GBIF;Bryophyta;Calymperaceae;Syrrhopodon gaudichaudii;(Sw.) Nees;-13.279722;-41.903889;Bastos, C;5242;Bastos, C.;126996;ALCB;UFBA;25103;34
GBIF;Bryophyta;Calymperaceae;Syrrhopodon prolifer;(Sw.) Nees;-13.269444;-41.911111;Valente, EB;F61590;Valente, E. B.;150137;UFP;UFPE;25103;34
GBIF;Bryophyta;Calymperaceae;Syrrhopodon prolifer;(Sw.) Nees;-13.279722;-41.903889;Bastos, C;527;Bastos, C.;88398;ALCB;UFBA;25103;34
GBIF;Bryophyta;Calymperaceae;Syrrhopodon prolifer;(Sw.) Nees;-13.279722;-41.903889;Vilas Boas-Bastos, SB;247;Vilas Boas-Bastos, SB;88399;ALCB;UFBA;25103;34
GBIF;Bryophyta;Calymperaceae;Syrrhopodon prolifer var. scaber;(Sw.) Nees;-13.279722;-41.903889;Bastos, C;5201;Bastos, C.;70681;ALCB;UFBA;25103;34
GBIF;Bryophyta;Pottiaceae;Chionoloma tenuirostre;(Sw.) Nees;-13.279722;-41.903889;Bastos, C;5236;Bastos, C.;112679;ALCB;UFBA;25103;34
GBIF;Bryophyta;Pylaisiadelphaceae;Wijkia flagellifera;(Sw.) Nees;-13.279722;-41.903889;Bastos, C;5271;Bastos, C.;190331;ALCB;UFBA;25103;34
GBIF;Bryophyta;Sphagnaceae;Sphagnum ornatum;(Sw.) Nees;-13.25;-41.916667;R. M. Harley;H52050;Costa, D.P.;85048B;NY;NYBG;25104;35
GBIF;Bryophyta;Pylaisiadelphaceae;Isopterygium tenerum;(Sw.) Nees;-13.533333;-41.883333;"R.M. Harley; D.J.N. Hind, R.Simao & J.M. Fothergill";25965;Griffin III, D.G.;79118;UF;FLAS;25384;36
GBIF;Bryophyta;Sphagnaceae;Sphagnum magellanicum;(Sw.) Nees;-13.53333;-41.88333;R.M. Harley;25966;Crum, H. A.;85036A;MICH;UM;25384;36
GBIF;Bryophyta;Sphagnaceae;Sphagnum magellanicum;(Sw.) Nees;-13.53333;-41.88333;R.M. Harley;25975;Crum, H. A.;85048D;MICH;UM;25384;36
GBIF;Bryophyta;Sphagnaceae;Sphagnum recurvum;(Sw.) Nees;-13.53333;-41.88333;R.M. Harley;25973;Crum, H. A.;84898A;MICH;UM;25384;36
GBIF;Bryophyta;Bryaceae;Rosulabryum densifolium;(Sw.) Nees;-13.290556;-41.900556;Vilas Boas-Bastos, SB;2405;Vilas Boas-Bastos, SB;80161;ALCB;UFBA;25392;37
GBIF;Bryophyta;Bryaceae;Rosulabryum densifolium;(Sw.) Nees;-13.289722;-41.894167;Alves, L. de J.;s/n;Santos, M.;80160;ALCB;UFBA;25392;37
GBIF;Bryophyta;Leucobryaceae;Campylopus filifolius;(Sw.) Nees;-13.290833;-41.901944;Vilas Boas-Bastos, SB;2409;Vilas Boas-Bastos, SB;119696;ALCB;UFBA;25392;37
GBIF;Bryophyta;Pterobryaceae;Orthostichopsis praetermissa;(Sw.) Nees;-13.290556;-41.900556;Vilas Boas-Bastos, SB;2425;Vilas Boas-Bastos, SB;76216;ALCB;UFBA;25392;37
GBIF;Bryophyta;Sphagnaceae;Sphagnum capillifolium;(Sw.) Nees;-13.290833;-41.900278;Vilas Boas-Bastos, SB;2388;Bastos, C.;84860C;ALCB;UFBA;25392;37
GBIF;Bryophyta;Sematophyllaceae;Aptychopsis pyrrhophylla;(Sw.) Nees;-13.283333;-41.9;Valente, EB;F61419;Valente, E. B.;50199;UFP;UFPE;25393;38
GBIF;Bryophyta;Bryaceae;Rosulabryum densifolium;Müll. Hal.;-13.285556;-41.899722;Valente, EB;F61545;Valente, E. B.;79686;UFP;UFPE;25393;38
GBIF;Bryophyta;Bryaceae;Rosulabryum densifolium;Hedw.;-13.285556;-41.899167;Vilas Boas-Bastos, SB;2407;Vilas Boas-Bastos, SB;79893;ALCB;UFBA;25393;38
GBIF;Bryophyta;Bryaceae;Rosulabryum densifolium;Hedw.;-13.283333;-41.9;Valente, EB;F61395;Valente, E. B.;79585;UFP;UFPE;25393;38
GBIF;Bryophyta;Leucobryaceae;Campylopus julaceus;Hedw.;-13.283333;-41.9;Valente, EB;F61502;Valente, E. B.;119359;UFP;UFPE;25393;38
GBIF;Bryophyta;Leucobryaceae;Campylopus lamellinervis;Hedw.;-13.283333;-41.9;Valente, EB;F61415;Valente, E. B.;119610;UFP;UFPE;25393;38
GBIF;Bryophyta;Leucobryaceae;Campylopus pilifer;Hedw.;-13.283333;-41.9;Valente, EB;F61490;Valente, E. B.;119695;UFP;UFPE;25393;38
GBIF;Marchantiophyta;Lepidoziaceae;Lepidozia cupressina;Hedw.;-13.283333;-41.9;Valente, EB;F61469;Valente, E. B.;51745;UFP;UFPE;25393;38
GBIF;Marchantiophyta;Lepidoziaceae;Lepidozia cupressina;Hedw.;-13.283333;-41.9;Valente, EB;F61465;Valente, E. B.;51750;UFP;UFPE;25393;38
GBIF;Marchantiophyta;Lepidoziaceae;Lepidozia cupressina;Hedw.;-13.283333;-41.9;Valente, EB;F61486;Valente, E. B.;51631A;UFP;UFPE;25393;38
GBIF;Bryophyta;Phyllogoniaceae;Phyllogonium viride;Hedw.;-13.283333;-41.9;Valente, EB;F61422;Valente, E. B.;75870;UFP;UFPE;25393;38
GBIF;Bryophyta;Polytrichaceae;Polytrichum juniperinum;Hedw.;-13.283333;-41.9;Valente, EB;F61360;Valente, E. B.;191486;UFP;UFPE;25393;38
GBIF;Bryophyta;Polytrichaceae;Polytrichum juniperinum;Hedw.;-13.283333;-41.9;Valente, EB;F61418;Valente, E. B.;191484;UFP;UFPE;25393;38
GBIF;Bryophyta;Polytrichaceae;Polytrichum juniperinum;Hedw.;-13.283333;-41.9;Valente, EB;F61478;Valente, E. B.;191479;UFP;UFPE;25393;38
GBIF;Bryophyta;Hedwigiaceae;Rhacocarpus purpurascens;Hedw.;-13.283333;-41.9;Valente, EB;F61498;Valente, E. B.;85054C;UFP;UFPE;25393;38
GBIF;Bryophyta;Orthotrichaceae;Schlotheimia jamesonii;Hedw.;-13.283333;-41.9;Valente, EB;F61365;Valente, E. B.;85072B;UFP;UFPE;25393;38
GBIF;Bryophyta;Orthotrichaceae;Schlotheimia jamesonii;Hedw.;-13.283333;-41.9;Valente, EB;F61389;Valente, E. B.;85061C;UFP;UFPE;25393;38
GBIF;Bryophyta;Orthotrichaceae;Schlotheimia rugifolia;Hedw.;-13.283333;-41.9;Valente, EB;F61480;Valente, E. B.;85065;UFP;UFPE;25393;38
GBIF;Bryophyta;Sphagnaceae;Sphagnum longistolo;Hedw.;-13.283333;-41.9;Valente, EB;F61468;Valente, E. B.;85031C;UFP;UFPE;25393;38
GBIF;Bryophyta;Sphagnaceae;Sphagnum palustre;Hedw.;-13.283333;-41.9;Valente, EB;F61470;Valente, E. B.;85032A;UFP;UFPE;25393;38
GBIF;Bryophyta;Sphagnaceae;Sphagnum perichaetiale;Hedw.;-13.283333;-41.9;Valente, EB;F61475;Valente, E. B.;85032B;UFP;UFPE;25393;38
GBIF;Bryophyta;Sphagnaceae;Sphagnum perichaetiale;Hedw.;-13.283333;-41.9;Valente, EB;F61479;Valente, E. B.;85043A;UFP;UFPE;25393;38
GBIF;Bryophyta;Sphagnaceae;Sphagnum perichaetiale;Hedw.;-13.283333;-41.9;Valente, EB;F61496;Valente, E. B.;85046B;UFP;UFPE;25393;38
GBIF;Bryophyta;Brachytheciaceae;Squamidium brasiliense;Hedw.;-13.283333;-41.9;Valente, EB;F61420;Valente, E. B.;84908B;UFP;UFPE;25393;38
GBIF;Marchantiophyta;Herbertaceae;Herbertus bivittatus;Hedw.;-13.25;-41.9;D. J. N. Hind;H50080;Feldberg, K.;79221;NY;NYBG;25394;39
GBIF;Bryophyta;Sphagnaceae;Sphagnum aciphyllum;Hedw.;-13.25;-41.9;D. J. N. Hind;H50081;Crum, H. A.;84875B;NY;NYBG;25394;39
GBIF;Bryophyta;Bartramiaceae;Philonotis cernua;Hedw.;-13.014722;-41.893056;Valente, EB;F6605;Valente, E. B.;71849;UFP;UFPE;25402;40
GBIF;Bryophyta;Bartramiaceae;Philonotis hastata;Hedw.;-13.014722;-41.893056;Valente, EB;F6608;Valente, E. B.;76225;UFP;UFPE;25402;40
GBIF;Bryophyta;Sphagnaceae;Sphagnum frahmii;Hedw.;-13.49418447;-41.86857346;E.M.L. Assis;1107;Costa, D.P.;84885D;RB;JBRJ;25680;41
GBIF;Marchantiophyta;Lophocoleaceae;Cryptolophocolea martiana;Hedw.;-13.086111;-41.853333;Valente, EB;F6621;Valente, E. B.;79587;UFP;UFPE;25695;42
GBIF;Marchantiophyta;Balantiopsidaceae;Neesioscyphus homophyllus;Hedw.;-13.086111;-41.853333;Valente, EB;F6610;Valente, E. B.;14092;UFP;UFPE;25695;42
GBIF;Bryophyta;Bartramiaceae;Philonotis hastata;Müll. Hal.;-13.086111;-41.853333;Valente, EB;F6630;Valente, E. B.;76228;UFP;UFPE;25695;42
GBIF;Bryophyta;Sphagnaceae;Sphagnum subsecundum;Müll. Hal.;-13.083333;-41.85;Valente, EB;F6617;Valente, E. B.;84899A;UFP;UFPE;25695;42
GBIF;Bryophyta;Pottiaceae;Hyophila involuta;Müll. Hal.;-11.304167;-41.855833;Vital, D.M.;1082;Vital, D.M.;84557;SP-BRYOPHYTA;IBt;25757;43
GBIF;Marchantiophyta;Ricciaceae;Riccia sorocarpa;(Hornsch.) A. Jaeger;-11.304167;-41.855833;Vital, D. M.;1088;Vital, D. M.;84974A;SP-BRYOPHYTA;IBt;25757;43
GBIF;Marchantiophyta;Ricciaceae;Riccia squamata;(Hornsch.) A. Jaeger;-11.304167;-41.855833;Vital, D. M.;8021;Vital, D. M.;84988C;SP-BRYOPHYTA;IBt;25757;43
GBIF;Marchantiophyta;Ricciaceae;Riccia squamata;(Hornsch.) Spruce;-11.304167;-41.855833;Vital, D. M.;8022;Vital, D. M.;84985D;SP-BRYOPHYTA;IBt;25757;43
GBIF;Marchantiophyta;Ricciaceae;Riccia vitalii;(Hornsch.) Spruce;-11.304167;-41.855833;Vital, D. M.;1089;Vital, D. M.;84999C;SP-BRYOPHYTA;IBt;25757;43
GBIF;Marchantiophyta;Ricciaceae;Riccia wainionis;(Hornsch.) Spruce;-11.304167;-41.855833;Vital, D. M.;6071;Vital, D. M.;84999E;SP-BRYOPHYTA;IBt;25757;43
GBIF;Marchantiophyta;Lejeuneaceae;Acrolejeunea torulosa;(Hornsch.) Spruce;-13.59791812;-41.82890472;R. M. Harley;27626;Gradstein, S. R.;137607;CEPEC;CEPLAC;25978;44
GBIF;Marchantiophyta;Lejeuneaceae;Acrolejeunea torulosa;(Hornsch.) Spruce;-13.59791812;-41.82890472;R. M. Harley;27623;Gradstein, S. R.;137606;CEPEC;CEPLAC;25978;44
GBIF;Bryophyta;Callicostaceae;Callicostella martiana;(Hornsch.) Spruce;-13.59800398;-41.82889483;W. R. Buck;26838;Vaz-Imbassahy, T. F.;28265;NY;NYBG;25978;44
GBIF;Bryophyta;Hypnaceae;Chryso-hypnum diminutivum;(Hornsch.) Spruce;-13.59800398;-41.82889483;Buck, W. R.;26840;Buck, W. R.;02081186;NY;NYBG;25978;44
GBIF;Bryophyta;Fissidentaceae;Fissidens angustelimbatus;(Hornsch.) Spruce;-13.59800398;-41.82889483;W. R. Buck;26833;Pursell, R. A.;51608;NY;NYBG;25978;44
GBIF;Bryophyta;Fissidentaceae;Fissidens angustelimbatus;(Mitt.) A. Jaeger;-13.59800398;-41.82889483;W. R. Buck;26841;Pursell, R. A.;51606;NY;NYBG;25978;44
GBIF;Bryophyta;Helicophyllaceae;Helicophyllum torquatum;(Mitt.) A. Jaeger;-13.59800398;-41.82889483;Buck, W. R.;26837;Buck, W. R.;79644;NY;NYBG;25978;44
GBIF;Bryophyta;Sematophyllaceae;Jirivanaea galipensis;(Mitt.) A. Jaeger;-13.59800398;-41.82889483;Buck, W. R.;26836;Buck, W. R.;77743;NY;NYBG;25978;44
GBIF;Bryophyta;Calymperaceae;Syrrhopodon gardneri;(Mitt.) A. Jaeger;-13.59800398;-41.82889483;R. M. Harley;27622;Reese, W.D.;134702;MOBOT;MO;25978;44
GBIF;Bryophyta;Calymperaceae;Syrrhopodon ligulatus;(Mitt.) A. Jaeger;-13.59800398;-41.82889483;R. M. Harley;27629;Buck, W. R.;150138;CEPEC;CEPLAC;25978;44
GBIF;Bryophyta;Sphagnaceae;Sphagnum magellanicum;Sw.;-13.5;-41.83333;R.M. Harley;25661;Crum, H. A.;85044C;MICH;UM;25981;45
GBIF;Bryophyta;Sphagnaceae;Sphagnum magellanicum;Sw.;-13.5;-41.83333;R.M. Harley;25662;Crum, H. A.;85045B;MICH;UM;25981;45
GBIF;Marchantiophyta;Lophocoleaceae;Leptoscyphus amphibolius;Sw.;-13.283333;-41.833333;Valente, EB;F61471;Valente, E. B.;79424;UFP;UFPE;25989;46
GBIF;Bryophyta;Orthotrichaceae;Macromitrium microstomum;Sw.;-13.283333;-41.833333;Valente, E. B.;F61445;Valente, E. B.;84970;UFP;UFPE;25989;46
GBIF;Bryophyta;Sematophyllaceae;Trichosteleum lonchophyllum;Sw.;-13.583333;-41.8;"Guedes, ML;Alunos de Botanica BIOC05";25318;Vilas Boas-Bastos, SB;53326;ALCB;UFBA;26286;47
GBIF;Marchantiophyta;Lepidoziaceae;Bazzania falcata;Müll. Hal.;-13.149444;-41.758889;Valente, EB;F6777;Valente, E. B.;84473;UFP;UFPE;26613;48
GBIF;Bryophyta;Polytrichaceae;Polytrichum juniperinum;Schwägr.;-13.151389;-41.768611;Valente, EB;F6749;Valente, E. B.;191480;UFP;UFPE;26613;48
GBIF;Marchantiophyta;Lejeuneaceae;Acrolejeunea torulosa;Schwägr.;-12.418611;-41.770278;Vital, D. M.;8009;Vital, D. M.;137609;SP-BRYOPHYTA;IBt;26639;49
GBIF;Marchantiophyta;Lejeuneaceae;Acrolejeunea torulosa;Schwägr.;-12.418611;-41.770278;Vital, D. M.;8014;Vital, D. M.;137610;SP-BRYOPHYTA;IBt;26639;49
GBIF;Bryophyta;Sematophyllaceae;Brittonodoxa subpinnata;Schwägr.;-12.418611;-41.770278;Vital, D.M.;6566;Vital, D.M.;84451;SP-BRYOPHYTA;IBt;26639;49
GBIF;Bryophyta;Bryaceae;Rosulabryum capillare;Schwägr.;-12.418611;-41.770278;Vital, D.M.;6568;Vital, D.M.;135001;SP-BRYOPHYTA;IBt;26639;49
GBIF;Marchantiophyta;Lejeuneaceae;Cheilolejeunea rigidula;Schwägr.;-12.418611;-41.770278;Vital, D. M.;8005;Vital, D. M.;119644;SP-BRYOPHYTA;IBt;26639;49
GBIF;Bryophyta;Fissidentaceae;Fissidens minutipes;Schwägr.;-12.418611;-41.770278;Vital, D.M.;6567;Pursell, R. A.;77846;SP-BRYOPHYTA;IBt;26639;49
GBIF;Marchantiophyta;Frullaniaceae;Frullania gibbosa;Schwägr.;-12.418611;-41.770278;Vital, D. M.;8011;Hattori, S.;71900;SP-BRYOPHYTA;IBt;26639;49
GBIF;Marchantiophyta;Frullaniaceae;Frullania glomerata;Schwägr.;-12.418611;-41.770278;Vital, D. M.;8006;Vital, D. M.;63471;SP-BRYOPHYTA;IBt;26639;49
GBIF;Bryophyta;Octoblepharaceae;Octoblepharum albidum;Schwägr.;-12.418611;-41.770278;Vital, D.M.;6565;Vital, D.M.;70261;SP-BRYOPHYTA;IBt;26639;49
GBIF;Bryophyta;Calymperaceae;Syrrhopodon gaudichaudii;Schwägr.;-12.25586994;-41.76357443;H. S. Irwin;31128;Steere, W. C.;133075;NY;NYBG;26644;50
GBIF;Bryophyta;Calymperaceae;Syrrhopodon ligulatus;Schwägr.;-12.25586994;-41.76357443;H. S. Irwin;30944;Steere, W. C.;191264;NY;NYBG;26644;50
GBIF;Marchantiophyta;Lophocoleaceae;Cryptolophocolea martiana;Schwägr.;-12.25489139;-41.7615535;H. S. Irwin;30950;Steere, W. C.;90201704;NY;NYBG;26645;51
GBIF;Marchantiophyta;Lejeuneaceae;Myriocoleopsis minutissima;Bischl.;-12.25489139;-41.7615535;H. S. Irwin;31276;Pocs, T.;191468;NY;NYBG;26645;51
GBIF;Marchantiophyta;Cephaloziaceae;Odontoschisma variabile;Nees & Mont.;-12.25489139;-41.7615535;H. S. Irwin;30951;Gradstein, S. R.;27202;NY;NYBG;26645;51
GBIF;Marchantiophyta;Pallaviciniaceae;Symphyogyna brasiliensis;(Schwägr.) Broth.;-12.25489139;-41.7615535;H. S. Irwin;30853;Steere, W. C.;88407;NY;NYBG;26645;51
GBIF;Bryophyta;Pottiaceae;Hyophiladelphus agrarius;(Schwägr.) Broth.;-11.684722;-41.768889;Vital, D.M.;6072;Peralta, D. F.;79114;SP-BRYOPHYTA;IBt;26664;52
GBIF;Marchantiophyta;Ricciaceae;Riccia vitalii;(Hornsch.) Mitt.;-11.684722;-41.768889;Vital, D. M.;6074;Vital, D. M.;85008E;SP-BRYOPHYTA;IBt;26664;52
GBIF;Bryophyta;Funariaceae;Funaria hygrometrica;(Hornsch.) Mitt.;-13.151389;-41.751944;Valente, EB;F6667;Valente, E. B.;63498;UFP;UFPE;26925;53
GBIF;Bryophyta;Funariaceae;Funaria hygrometrica;(Hornsch.) Mitt.;-13.151389;-41.751944;Valente, EB;F6684;Valente, E. B.;63499;UFP;UFPE;26925;53
GBIF;Bryophyta;Polytrichaceae;Polytrichum juniperinum;(Hornsch.) Mitt.;-13.151389;-41.751944;Valente, EB;F6664;Valente, E. B.;BM001244354;UFP;UFPE;26925;53
GBIF;Bryophyta;Leucobryaceae;Campylopus richardii;(Hornsch.) Mitt.;-12.24126739;-41.74415308;H. S. Irwin;30854;Frahm, J.-P.;119356;NY;NYBG;26957;54
GBIF;Bryophyta;Pylaisiadelphaceae;Isopterygium tenerifolium;(Hornsch.) Mitt.;-12.563333;-41.700556;Valente, EB;E6600;Valente, E. B.;96467;UFP;UFPE;27578;55
GBIF;Marchantiophyta;Ricciaceae;Riccia lindmanii;(Hornsch.) Mitt.;-12.729444;-41.648611;"Reis, TR; Santos, ND";212;Reis, T. R.;84991A;UFP;UFPE;27898;56
GBIF;Marchantiophyta;Ricciaceae;Riccia vitalii;(Hornsch.) Mitt.;-12.729444;-41.648611;"Reis, TR; Santos, ND";252;Reis, T. R.;84992A;UFP;UFPE;27898;56
GBIF;Marchantiophyta;Ricciaceae;Riccia vitalii;(Hornsch.) Mitt.;-12.729444;-41.648611;"Reis, TR; Santos, ND";251;Reis, T. R.;84993A;UFP;UFPE;27898;56
GBIF;Marchantiophyta;Ricciaceae;Riccia vitalii;(Hornsch.) Mitt.;-12.723333;-41.653056;"Reis, TR; Santos, ND";244;Reis, T. R.;84994A;UFP;UFPE;27898;56
GBIF;Marchantiophyta;Ricciaceae;Riccia vitalii;(Hornsch.) Mitt.;-12.723333;-41.653056;"Reis, TR; Santos, ND";245;Reis, T. R.;84998E;UFP;UFPE;27898;56
GBIF;Marchantiophyta;Ricciaceae;Riccia vitalii;(Hornsch.) Mitt.;-12.723333;-41.653056;"Reis, TR; Santos, ND";247;Reis, T. R.;84999D;UFP;UFPE;27898;56
GBIF;Marchantiophyta;Ricciaceae;Riccia vitalii;(Hornsch.) Mitt.;-12.723333;-41.653056;"Reis, TR; Santos, ND";256;Reis, T. R.;85000C;UFP;UFPE;27898;56
GBIF;Marchantiophyta;Ricciaceae;Riccia vitalii;(Hornsch.) Mitt.;-12.723333;-41.653056;"Reis, TR; Santos, ND";243;Reis, T. R.;85001E;UFP;UFPE;27898;56
GBIF;Marchantiophyta;Ricciaceae;Riccia vitalii;(Hornsch.) Mitt.;-12.719167;-41.654722;"Reis, TR; Santos, ND";250;Reis, T. R.;85002B;UFP;UFPE;27898;56
GBIF;Marchantiophyta;Ricciaceae;Riccia vitalii;(Hornsch.) Mitt.;-12.719167;-41.654722;"Reis, TR; Santos, ND";249;Reis, T. R.;85005C;UFP;UFPE;27898;56
GBIF;Marchantiophyta;Ricciaceae;Riccia vitalii;(Hornsch.) Mitt.;-12.719167;-41.654722;"Reis, TR; Santos, ND";248;Reis, T. R.;85006D;UFP;UFPE;27898;56
GBIF;Bryophyta;Bryaceae;Brachymenium hornschuchianum;(Hornsch.) Mitt.;-12.433333;-41.633333;Vital, D.M.;8015;Valente, E. B.;64197;SP-BRYOPHYTA;IBt;28239;57
GBIF;Bryophyta;Sematophyllaceae;Brittonodoxa subpinnata;(Hornsch.) Mitt.;-12.433333;-41.633333;Vital, D.M.;8004;Valente, E. B.;RB00667365;SP-BRYOPHYTA;IBt;28239;57
GBIF;Bryophyta;Stereophyllaceae;Entodontopsis leucostega;(Hornsch.) Mitt.;-12.433333;-41.633333;Vital, D.M.;8010;Ireland, R. R. & Buck, W. R.;70479;MOBOT;MO;28239;57
GBIF;Bryophyta;Stereophyllaceae;Entodontopsis leucostega;(Hornsch.) Mitt.;-12.43333;-41.63333;Vital, D.M.;8012;Ireland, R. R. & Buck, W. R.;70515;MOBOT;MO;28239;57
GBIF;Bryophyta;Fissidentaceae;Fissidens elegans;(Hornsch.) Mitt.;-12.433333;-41.633333;Vital, D.M.;8016;Valente, E. B.;123776;SP-BRYOPHYTA;IBt;28239;57
GBIF;Bryophyta;Sematophyllaceae;Microcalpe subsimplex;(Hornsch.) Mitt.;-12.433333;-41.633333;Vital, D.M.;8008;Valente, E. B.;41864;SP-BRYOPHYTA;IBt;28239;57
GBIF;Bryophyta;Pottiaceae;Tortella humilis;(Hornsch.) Mitt.;-12.433333;-41.633333;Vital, D.M.;8013;Valente, E. B.;19264;SP-BRYOPHYTA;IBt;28239;57
GBIF;Bryophyta;Fabroniaceae;Fabronia ciliaris;(Hornsch.) Mitt.;-12.2;-41.616667;Vital, D.M.;8017;Valente, E. B.;96449;SP-BRYOPHYTA;IBt;28247;58
GBIF;Bryophyta;Fissidentaceae;Fissidens zollingeri;(Hornsch.) Mitt.;-12.2;-41.61666;Vital, D.M.;8018;Pursell, R. A.;72373;MOBOT;MO;28247;58
GBIF;Bryophyta;Pottiaceae;Trichostomum brachydontium;(Hornsch.) Mitt.;-12.2;-41.616667;Vital, D.M.;8019;Valente, E. B.;112677;SP-BRYOPHYTA;IBt;28247;58
GBIF;Bryophyta;Fabroniaceae;Fabronia ciliaris var. polycarpa;(Hornsch.) Mitt.;-12.088611;-41.637778;Vital, D.M.;6569;Vital, D.M.;51593;SP-BRYOPHYTA;IBt;28251;59
GBIF;Bryophyta;Fabroniaceae;Fabronia ciliaris var. polycarpa;(Hornsch.) Mitt.;-12.088611;-41.637778;Vital, D.M.;6075;Vital, D.M.;51569;SP-BRYOPHYTA;IBt;28251;59
GBIF;Marchantiophyta;Herbertaceae;Herbertus sendtneri;(Hornsch.) Mitt.;-13.308906;-41.589553;"Gonzatti, F; Kulkamp, J; Guerra, E; Coelho, GP";4897;Peralta, D. F.;79357;HUCS;UCS;28543;60
GBIF;Bryophyta;Sphagnaceae;Sphagnum irwinii;(Hornsch.) Mitt.;-13.308906;-41.589553;"Gonzatti, F; Kulkamp, J; Guerra, E; Coelho, GP";4895;Peralta, D. F.;84892;HUCS;UCS;28543;60
speciesLink;Bryophyta;Sphagnaceae;Sphagnum irwinii;(Hornsch.) Mitt.;-13.308889;-41.589444;"Gonzatti, F; Kulkamp, J; Guerra, E; Coelho, GP";4895;Peralta, DF;84859A;HUCP;PUCPR;28543;60
GBIF;Bryophyta;Calymperaceae;Syrrhopodon tortilis;(Hornsch.) Mitt.;-13.308906;-41.589553;"Gonzatti, F; Kulkamp, J; Guerra, E; Coelho, GP";4896;Peralta, D. F.;190348;HUCS;UCS;28543;60
GBIF;Bryophyta;Racopilaceae;Racopilum tomentosum;(Hornsch.) Mitt.;-12.34856625;-41.6038599;B. M. Boom;1204;I. Sastre-de Jesus;76268;NY;NYBG;28576;61
GBIF;Marchantiophyta;Ricciaceae;Riccia lindmanii;(Hornsch.) Mitt.;-12.358611;-41.605556;"Reis, TR; Santos, ND";214;Reis, T. R.;84988D;UFP;UFPE;28576;61
GBIF;Marchantiophyta;Ricciaceae;Riccia lindmanii;(Hornsch.) Mitt.;-12.358611;-41.605556;"Reis, TR; Santos, ND";215;Reis, T. R.;84989C;UFP;UFPE;28576;61
GBIF;Marchantiophyta;Ricciaceae;Riccia lindmanii;(Hornsch.) Mitt.;-12.358611;-41.605556;"Reis, TR; Santos, ND";209;Reis, T. R.;84985C;UFP;UFPE;28576;61
GBIF;Marchantiophyta;Ricciaceae;Riccia lindmanii;(Hornsch.) Mitt.;-12.358611;-41.605556;"Reis, TR; Santos, ND";219;Reis, T. R.;84972B;UFP;UFPE;28576;61
GBIF;Marchantiophyta;Ricciaceae;Riccia lindmanii;(Hornsch.) Mitt.;-12.358611;-41.605556;"Reis, TR; Santos, ND";210;Reis, T. R.;84972A;UFP;UFPE;28576;61
GBIF;Marchantiophyta;Ricciaceae;Riccia lindmanii;(Hornsch.) Mitt.;-12.358611;-41.605556;"Reis, TR; Santos, ND";208;Reis, T. R.;84978D;UFP;UFPE;28576;61
GBIF;Marchantiophyta;Ricciaceae;Riccia lindmanii;(Hornsch.) Mitt.;-12.358611;-41.605556;"Reis, TR; Santos, ND";216;Reis, T. R.;84979C;UFP;UFPE;28576;61
GBIF;Marchantiophyta;Ricciaceae;Riccia lindmanii;(Hornsch.) Mitt.;-12.358611;-41.605556;"Reis, TR; Santos, ND";211;Reis, T. R.;84982B;UFP;UFPE;28576;61
GBIF;Marchantiophyta;Ricciaceae;Riccia lindmanii;(Hornsch.) Mitt.;-12.358611;-41.605556;"Reis, TR; Santos, ND";217;Reis, T. R.;84988B;UFP;UFPE;28576;61
GBIF;Marchantiophyta;Ricciaceae;Riccia lindmanii;(Hornsch.) Mitt.;-12.333611;-41.606944;"Reis, TR; Santos, ND";225;Reis, T. R.;84984C;UFP;UFPE;28577;62
GBIF;Bryophyta;Polytrichaceae;Polytrichum juniperinum;(Hornsch.) Mitt.;-12.769793;-41.539021;H. van der Werff;26109;Allen, B.;191485;MOBOT;MO;29262;63
GBIF;Marchantiophyta;Ricciaceae;Riccia vitalii;(Hornsch.) Mitt.;-12.353056;-41.544722;"Reis, TR; Santos, ND";221;Reis, T. R.;84996D;UFP;UFPE;29276;64
GBIF;Bryophyta;Pottiaceae;Hyophiladelphus agrarius;(Hornsch.) Mitt.;-12.437778;-41.522222;Valente, EB;E61652;Valente, E. B.;61634;UFP;UFPE;29643;65
GBIF;Bryophyta;Stereophyllaceae;Pilosium chlorophyllum;(Hornsch.) Mitt.;-12.603333;-41.5;"Queiroz-Lima, A;Andrino, CO,Oliveira, AA";153;Vilas Boas-Bastos, SB;21048;ALCB;UFBA;30011;66
GBIF;Marchantiophyta;Lepidoziaceae;Bazzania nitida;(Hornsch.) Mitt.;-12.463611;-41.476111;Valente, EB;E61070;Valente, E. B.;84163;UFP;UFPE;30016;67
GBIF;Bryophyta;Pterobryaceae;Jaegerina scariosa;(Hornsch.) Mitt.;-12.463889;-41.476667;Valente, EB;E61124;Valente, E. B.;77777;UFP;UFPE;30016;67
GBIF;Bryophyta;Pterobryaceae;Jaegerina scariosa;(Hornsch.) Mitt.;-12.463889;-41.476667;Valente, EB;E61137;Valente, E. B.;77773;UFP;UFPE;30016;67
GBIF;Marchantiophyta;Lejeuneaceae;Marchesinia brachiata;(Hornsch.) Mitt.;-12.463611;-41.476111;Valente, EB;E61017;Valente, E. B.;14248;UFP;UFPE;30016;67
GBIF;Marchantiophyta;Lejeuneaceae;Marchesinia brachiata;(Hornsch.) Mitt.;-12.463611;-41.476111;Valente, EB;E61002;Valente, E. B.;135029;UFP;UFPE;30016;67
GBIF;Bryophyta;Neckeraceae;Neckeropsis undulata;(Hornsch.) Mitt.;-12.463611;-41.476111;Valente, EB;E61046;Valente, E. B.;191446;UFP;UFPE;30016;67
GBIF;Bryophyta;Pterobryaceae;Orthostichopsis praetermissa;(Hornsch.) Mitt.;-12.463889;-41.476667;Valente, EB;E61081;Valente, E. B.;76284B;UFP;UFPE;30016;67
GBIF;Marchantiophyta;Plagiochilaceae;Plagiochila aerea;(Hornsch.) Mitt.;-12.463889;-41.476667;Valente, EB;E61126;Valente, E. B.;191517;UFP;UFPE;30016;67
GBIF;Marchantiophyta;Plagiochilaceae;Plagiochila aerea;(Hornsch.) Mitt.;-12.463889;-41.476667;Valente, EB;E61115;Valente, E. B.;191556;UFP;UFPE;30016;67
GBIF;Marchantiophyta;Plagiochilaceae;Plagiochila corrugata;(Hornsch.) Mitt.;-12.463889;-41.476667;Valente, EB;E61135;Valente, E. B.;02749425;UFP;UFPE;30016;67
GBIF;Marchantiophyta;Plagiochilaceae;Plagiochila corrugata;(Hornsch.) Mitt.;-12.463611;-41.476111;Valente, EB;E61071;Valente, E. B.;191516;UFP;UFPE;30016;67
GBIF;Marchantiophyta;Plagiochilaceae;Plagiochila martiana;(Hornsch.) Mitt.;-12.463889;-41.476667;Valente, EB;E61108;Valente, E. B.;191166;UFP;UFPE;30016;67
GBIF;Marchantiophyta;Porellaceae;Porella brasiliensis;(Hornsch.) Mitt.;-12.463889;-41.476667;Valente, EB;E61103;Valente, E. B.;191488;UFP;UFPE;30016;67
GBIF;Marchantiophyta;Porellaceae;Porella swartziana;(Hornsch.) Mitt.;-12.463889;-41.476667;Valente, EB;E61086;Valente, E. B.;191490;UFP;UFPE;30016;67
GBIF;Marchantiophyta;Porellaceae;Porella swartziana;(Hornsch.) Mitt.;-12.463889;-41.476667;Valente, EB;E61085;Valente, E. B.;2817300;UFP;UFPE;30016;67
GBIF;Marchantiophyta;Porellaceae;Porella swartziana;(Hornsch.) Mitt.;-12.463889;-41.476667;Valente, EB;E61114;Valente, E. B.;191483;UFP;UFPE;30016;67
GBIF;Marchantiophyta;Porellaceae;Porella swartziana;(Hornsch.) Mitt.;-12.463611;-41.476111;Valente, EB;E61078;Valente, E. B.;191487;UFP;UFPE;30016;67
GBIF;Bryophyta;Brachytheciaceae;Zelometeorium patulum;Grout;-12.463889;-41.476667;Valente, EB;E61098;Valente, E. B.;190330;UFP;UFPE;30016;67
GBIF;Bryophyta;Brachytheciaceae;Zelometeorium patulum;(Hornsch.) Mitt.;-12.463889;-41.476667;Valente, EB;E61104;Valente, E. B.;100887;UFP;UFPE;30016;67
GBIF;Bryophyta;Sematophyllaceae;Brittonodoxa subpinnata;(Hornsch.) Mitt.;-12.58395398;-41.45017181;Stradmann, MTS;32;"Bastos, C; Stradmann, MTS; Vilas Boas-Bastos, SB. (1998)";84516;ALCB;UFBA;30401;68
GBIF;Bryophyta;Bryaceae;Bryum argenteum;(Hornsch.) Mitt.;-12.460278;-41.468056;"Gonzatti, F; Kulkamp, J; Guerra, E; Coelho, GP";4909;Peralta, D. F.;137656;HUCS;UCS;30405;69
GBIF;Bryophyta;Leucobryaceae;Campylopus julicaulis;(Müll. Hal.) Paris ex Broth.;-12.460278;-41.468056;"Gonzatti, F; Kulkamp, J; Guerra, E; Coelho, GP";4904;Peralta, D. F.;119704;HUCS;UCS;30405;69
GBIF;Bryophyta;Sematophyllaceae;Donnellia commutata;(Hornsch.) Spruce;-12.460278;-41.468056;"Gonzatti, F; Kulkamp, J; Guerra, E; Coelho, GP";4908;Peralta, D. F.;51673;HUCS;UCS;30405;69
GBIF;Marchantiophyta;Frullaniaceae;Frullania brasiliensis;(Hornsch.) Spruce;-12.460278;-41.468056;Valente, EB;E6848;Valente, E. B.;71914;UFP;UFPE;30405;69
GBIF;Marchantiophyta;Herbertaceae;Herbertus bivittatus;(Hornsch.) Spruce;-12.460278;-41.468056;B. M. Boom;1176;Feldberg, K.;79220;NY;NYBG;30405;69
GBIF;Bryophyta;Sematophyllaceae;Microcalpe subsimplex;(Hornsch.) Spruce;-12.460278;-41.468056;B. M. Boom;1164;I. Sastre-de Jesus;ALCB018673;NY;NYBG;30405;69
GBIF;Bryophyta;Sematophyllaceae;Microcalpe subsimplex;(Hornsch.) Spruce;-12.460278;-41.468056;B. M. Boom;1165;I. Sastre-de Jesus;42153;NY;NYBG;30405;69
GBIF;Bryophyta;Polytrichaceae;Polytrichum juniperinum;(Hornsch.) Spruce;-12.460278;-41.468056;"Wanderley, M.G.L.; Kral, R.; Cerati, T.M.";909;Peralta, D. F.;191489;SP-BRYOPHYTA;IBt;30405;69
GBIF;Bryophyta;Polytrichaceae;Polytrichum juniperinum;(Hornsch.) Spruce;-12.460278;-41.468056;"S.A.Mori; F.P.Benton.";;Costa, D.P.;2817239;RB;JBRJ;30405;69
GBIF;Marchantiophyta;Lejeuneaceae;Prionolejeunea trachyodes;(Hornsch.) Spruce;-12.460278;-41.468056;"Gonzatti, F; Kulkamp, J; Guerra, E; Coelho, GP";4906;Peralta, D. F.;71828;HUCS;UCS;30405;69
GBIF;Bryophyta;Orthotrichaceae;Schlotheimia torquata;(Hornsch.) Spruce;-12.460278;-41.468056;"Gonzatti, F; Kulkamp, J; Guerra, E; Coelho, GP";4905;Peralta, D. F.;84961B;HUCS;UCS;30405;69
GBIF;Bryophyta;Sphagnaceae;Sphagnum alegrense;(Hornsch.) Spruce;-12.470556;-41.446389;"R.C. Forzza; R.F. Monteiro; J.A. Oliveira; E.L.M. Assis & L. Daneu";7427;Costa, D.P.;84878A;RB;JBRJ;30405;69
GBIF;Bryophyta;Pottiaceae;Hyophiladelphus agrarius;(Hornsch.) Spruce;-11.693611;-41.468333;Vital, D.M.;6073;Peralta, D. F.;77750;SP-BRYOPHYTA;IBt;30432;70
GBIF;Bryophyta;Archidiaceae;Archidium julicaule;(Hornsch.) Spruce;-7.084566195;-41.4704021;Vital, D. M.;2929;"Peralta, D. F.; Oliveira, J. W.";72848;CESJ;UFJF;30593;71
GBIF;Bryophyta;Archidiaceae;Archidium julicaule;(Hornsch.) Spruce;-7.084566195;-41.4704021;Vital, D. M.;2930;"Peralta, D.F.; Oliveira, J.W.";02108294;HUSC;UNISANTA;30593;71
GBIF;Marchantiophyta;Corsiniaceae;Cronisia fimbriata;(Hornsch.) Spruce;-7.084566195;-41.4704021;Vital, D. M.;2929;"Peralta, D. F.; Oliveira, J. W.";132080;CESJ;UFJF;30593;71
GBIF;Bryophyta;Fissidentaceae;Fissidens biformis;(Hornsch.) Spruce;-7.066667;-41.466944;Vital, D.M.;2931;Vital, D.M.;51632;SP-BRYOPHYTA;IBt;30593;71
GBIF;Marchantiophyta;Ricciaceae;Riccia squamata;(Hornsch.) Spruce;-7.084566195;-41.4704021;Vital, D. M.;2930;"Peralta, D.F.; Oliveira, J.W.";84974C;HUSC;UNISANTA;30593;71
GBIF;Bryophyta;Archidiaceae;Archidium julicaule;(Hornsch.) Spruce;-12.57;-41.44;Vital, D.M.;8020;Vital, D.M.;90157143;PC;MNHN;30808;72
GBIF;Bryophyta;Callicostaceae;Callicostella merkelii;(Hornsch.) Spruce;-12.46217645;-41.4173889;Eliane Jacques;;Costa, D. P. & Lima, F. M.;28269;RB;JBRJ;30811;73
GBIF;Bryophyta;Leucobryaceae;Campylopus arctocarpus;(Hornsch.) Spruce;-12.46217645;-41.4173889;"Furlan, A.; et al.";7297;Valente, E. B.;64211;SP-BRYOPHYTA;IBt;30811;73
GBIF;Bryophyta;Dicranaceae;Holomitrium crispulum;(Hornsch.) Spruce;-12.46217645;-41.4173889;"Harley, R.M.; et al.";7316;"Yano, O.; Peralta, D.F.; Bordin, J. (2010)";79212;SP-BRYOPHYTA;IBt;30811;73
GBIF;Marchantiophyta;Lepidoziaceae;Micropterygium reimersianum;(Hornsch.) Spruce;-12.46181195;-41.41460096;Sangiorgi, B;68;Santos, I. A. M.;191443;ALCB;UFBA;30811;73
GBIF;Bryophyta;Sphagnaceae;Sphagnum capillifolium;(Hornsch.) Spruce;-12.46217645;-41.4173889;"Lewis, G.P.; et al.";7293;Valente, E. B.;84888A;SP-BRYOPHYTA;IBt;30811;73
GBIF;Bryophyta;Sphagnaceae;Sphagnum capillifolium;(Hornsch.) Spruce;-12.46217645;-41.4173889;"Mello Silva, R.; et al.";7294;Valente, E. B.;84894B;SP-BRYOPHYTA;IBt;30811;73
GBIF;Bryophyta;Sphagnaceae;Sphagnum capillifolium;(Hornsch.) Spruce;-12.46217645;-41.4173889;"Stannard, B.; et al.";7296;Valente, E. B.;84893A;SP-BRYOPHYTA;IBt;30811;73
GBIF;Bryophyta;Sphagnaceae;Sphagnum capillifolium;(Hornsch.) Spruce;-12.46217645;-41.4173889;Lewis, G.P.;7293;Valente, E. B.;84885A;HUSC;UNISANTA;30811;73
GBIF;Bryophyta;Sphagnaceae;Sphagnum capillifolium;(Hornsch.) Spruce;-12.46217645;-41.4173889;Stannard, B.;7296;Valente, E. B.;84857B;HUSC;UNISANTA;30811;73
GBIF;Bryophyta;Pottiaceae;Plaubelia sprengelii;(Hornsch.) Spruce;-11.00688699;-41.43453635;Vital, D.M.;8060;C. Delgadillo;13880;MOBOT;MO;30862;74
GBIF;Marchantiophyta;Ricciaceae;Riccia lindmanii;(Hornsch.) Spruce;-11.00692912;-41.4346651;Vital, D. M.;8061;Vital, D. M.;84986B;SP-BRYOPHYTA;IBt;30862;74
GBIF;Marchantiophyta;Ricciaceae;Riccia lindmanii;(Hornsch.) Spruce;-11.00692912;-41.4346651;Vital, D. M.;8062;Vital, D. M.;84983B;SP-BRYOPHYTA;IBt;30862;74
GBIF;Bryophyta;Bartramiaceae;Breutelia tomentosa;(Hornsch.) Spruce;-12.56227293;-41.38870128;Stradmann, MTS;17;"Bastos, C; Stradmann, MTS; Vilas Boas-Bastos, SB. (1998)";84263;ALCB;UFBA;31228;75
GBIF;Bryophyta;Bryaceae;Anomobryum apiculatum;(Hornsch.) Spruce;-12.56227293;-41.38870128;Stradmann, MTS;50;"Bastos, C; Stradmann, MTS; Vilas Boas-Bastos, SB. (1998)";137661;ALCB;UFBA;31228;75
GBIF;Bryophyta;Bryaceae;Bryum argenteum;(Hornsch.) Spruce;-12.56227293;-41.38870128;Stradmann, MTS;47;"Bastos, C; Stradmann, MTS; Vilas Boas-Bastos, SB. (1998)";02331338;ALCB;UFBA;31228;75
GBIF;Bryophyta;Bryaceae;Rosulabryum capillare;(Hornsch.) Spruce;-12.56227293;-41.38870128;Stradmann, MTS;19;"Bastos, C; Stradmann, MTS; Vilas Boas-Bastos, SB. (1998)";131826;ALCB;UFBA;31228;75
GBIF;Bryophyta;Leucobryaceae;Campylopus arctocarpus;(Hornsch.) Spruce;-12.56227293;-41.38870128;Stradmann, MTS;21;"Bastos, C; Stradmann, MTS; Vilas Boas-Bastos, SB. (1998)";64144;ALCB;UFBA;31228;75
GBIF;Bryophyta;Leucobryaceae;Campylopus occultus;(Hornsch.) Spruce;-12.56227293;-41.38870128;Stradmann, MTS;22;"Bastos, C; Stradmann, MTS; Vilas Boas-Bastos, SB. (1998)";119267;ALCB;UFBA;31228;75
GBIF;Bryophyta;Leucobryaceae;Campylopus savannarum;(Hornsch.) Spruce;-12.56227293;-41.38870128;Bastos, C;2;Bastos, C.;119239;ALCB;UFBA;31228;75
GBIF;Bryophyta;Dicranaceae;Holomitrium arboreum;(Hornsch.) Spruce;-12.56227293;-41.38870128;Stradmann, MTS;42;"Bastos, C; Stradmann, MTS; Vilas Boas-Bastos, SB. (1998)";79355;ALCB;UFBA;31228;75
GBIF;Bryophyta;Pottiaceae;Hyophila involuta;(Hornsch.) Spruce;-12.564167;-41.397778;Valente, EB;E6587;Valente, E. B.;70385;UFP;UFPE;31228;75
GBIF;Bryophyta;Pylaisiadelphaceae;Isopterygium tenerum;(Hornsch.) Spruce;-12.56227293;-41.38870128;Stradmann, MTS;41;"Bastos, C; Stradmann, MTS; Vilas Boas-Bastos, SB. (1998)";84751;ALCB;UFBA;31228;75
GBIF;Bryophyta;Sematophyllaceae;Jirivanaea galipensis;(Hornsch.) Spruce;-12.56227293;-41.38870128;Stradmann, MTS;s/n;Evangelista, E.;79134;ALCB;UFBA;31228;75
GBIF;Marchantiophyta;Lepidoziaceae;Kurzia brasiliensis;(Hornsch.) Spruce;-12.563056;-41.39;Stradmann, MTS;27;"Bastos, C; Stradmann, M. T. S.; Boas-Bastos, S. B. V. (1998)";109063;ALCB;UFBA;31228;75
GBIF;Marchantiophyta;Lepidoziaceae;Kurzia capillaris;(Hornsch.) Spruce;-12.563333;-41.400556;Valente, EB;E6598;Valente, E. B.;109062;UFP;UFPE;31228;75
GBIF;Bryophyta;Leucobryaceae;Leucobryum albicans;(Hornsch.) Spruce;-12.56227293;-41.38870128;Stradmann, MTS;36;"Bastos, C; Stradmann, MTS; Vilas Boas-Bastos, SB. (1998)";51479;ALCB;UFBA;31228;75
GBIF;Bryophyta;Leucobryaceae;Leucobryum martianum;(Hornsch.) Spruce;-12.56227293;-41.38870128;Stradmann, MTS;26;"Bastos, C; Stradmann, MTS; Vilas Boas-Bastos, SB. (1998)";77987;ALCB;UFBA;31228;75
GBIF;Bryophyta;Orthotrichaceae;Pseudomacromitrium punctatum;(Hornsch.) Spruce;-12.56227293;-41.38870128;Stradmann, MTS;33;"Bastos, C; Stradmann, MTS; Vilas Boas-Bastos, SB. (1998)";123701;ALCB;UFBA;31228;75
GBIF;Marchantiophyta;Lejeuneaceae;Microlejeunea epiphylla;(Hornsch.) Spruce;-12.563056;-41.39;Stradmann, MTS;45;"Bastos, C; Stradmann, M. T. S.; Boas-Bastos, S. B. V. (1998)";191559;ALCB;UFBA;31228;75
GBIF;Bryophyta;Neckeraceae;Neckeropsis undulata;(Hornsch.) Spruce;-12.56227293;-41.38870128;Stradmann, MTS;40;"Bastos, C; Stradmann, MTS; Vilas Boas-Bastos, SB. (1998)";191426;ALCB;UFBA;31228;75
GBIF;Bryophyta;Octoblepharaceae;Octoblepharum cocuiense;(Hornsch.) Spruce;-12.563333;-41.400556;Valente, EB;E6604;Valente, E. B.;150141;UFP;UFPE;31228;75
GBIF;Marchantiophyta;Pallaviciniaceae;Pallavicinia lyellii;(Hornsch.) Spruce;-12.564167;-41.397778;Valente, EB;E6577;Valente, E. B.;71845;UFP;UFPE;31228;75
GBIF;Bryophyta;Bartramiaceae;Philonotis uncinata;(Mont.) J.-P. Frahm;-12.56227293;-41.38870128;Stradmann, MTS;48;"Bastos, C; Stradmann, MTS; Vilas Boas-Bastos, SB. (1998)";76017;ALCB;UFBA;31228;75
GBIF;Bryophyta;Phyllogoniaceae;Phyllogonium viride;(Mont.) J.-P. Frahm;-12.56227293;-41.38870128;Stradmann, MTS;25;"Bastos, C; Stradmann, MTS; Vilas Boas-Bastos, SB. (1998)";71903A;ALCB;UFBA;31228;75
GBIF;Bryophyta;Leucobryaceae;Pilopogon guadalupensis;(Mont.) J.-P. Frahm;-12.56227293;-41.38870128;Stradmann, MTS;29;"Bastos, C; Stradmann, MTS; Vilas Boas-Bastos, SB. (1998)";76010;ALCB;UFBA;31228;75
GBIF;Marchantiophyta;Lejeuneaceae;Schiffneriolejeunea polycarpa;(Mont.) J.-P. Frahm;-12.563056;-41.39;Stradmann, MTS;44;"Bastos, C; Stradmann, M. T. S.; Boas-Bastos, S. B. V. (1998)";090805;ALCB;UFBA;31228;75
GBIF;Bryophyta;Orthotrichaceae;Schlotheimia rugifolia;(Mont.) J.-P. Frahm;-12.56227293;-41.38870128;Stradmann, MTS;20;"Bastos, C; Stradmann, MTS; Vilas Boas-Bastos, SB. (1998)";85074A;ALCB;UFBA;31228;75
GBIF;Bryophyta;Orthotrichaceae;Schlotheimia rugifolia;(Mont.) J.-P. Frahm;-12.56227293;-41.38870128;Stradmann, MTS;38;"Bastos, C; Stradmann, MTS; Vilas Boas-Bastos, SB. (1998)";85066D;ALCB;UFBA;31228;75
GBIF;Bryophyta;Sphagnaceae;Sphagnum capillifolium;(Mont.) J.-P. Frahm;-12.56227293;-41.38870128;Stradmann, MTS;24;"Bastos, C; Stradmann, MTS; Vilas Boas-Bastos, SB. (1998)";84887A;ALCB;UFBA;31228;75
GBIF;Bryophyta;Brachytheciaceae;Squamidium leucotrichum;(Mont.) J.-P. Frahm;-12.56227293;-41.38870128;Stradmann, MTS;37;"Bastos, C; Stradmann, MTS; Vilas Boas-Bastos, SB. (1998)";84907A;ALCB;UFBA;31228;75
GBIF;Bryophyta;Calymperaceae;Syrrhopodon ligulatus;(Mont.) J.-P. Frahm;-12.56227293;-41.38870128;Stradmann, MTS;43;"Bastos, C; Stradmann, MTS; Vilas Boas-Bastos, SB. (1998)";150139;ALCB;UFBA;31228;75
GBIF;Bryophyta;Calymperaceae;Syrrhopodon prolifer;(Mont.) J.-P. Frahm;-12.56227293;-41.38870128;Stradmann, MTS;23;"Bastos, C; Stradmann, MTS; Vilas Boas-Bastos, SB. (1998)";191255;ALCB;UFBA;31228;75
GBIF;Bryophyta;Calymperaceae;Syrrhopodon prolifer;(Mont.) J.-P. Frahm;-12.56227293;-41.38870128;Stradmann, MTS;39;"Bastos, C; Stradmann, MTS; Vilas Boas-Bastos, SB. (1998)";191259;ALCB;UFBA;31228;75
GBIF;Bryophyta;Thuidiaceae;Thuidium urceolatum;(Mont.) J.-P. Frahm;-12.56227293;-41.38870128;Stradmann, MTS;34;"Bastos, C; Stradmann, MTS; Vilas Boas-Bastos, SB. (1998)";24169;ALCB;UFBA;31228;75
GBIF;Bryophyta;Pylaisiadelphaceae;Wijkia flagellifera;(Mont.) J.-P. Frahm;-12.56227293;-41.38870128;Stradmann, MTS;18;"Bastos, C; Stradmann, MTS; Vilas Boas-Bastos, SB. (1998)";190321;ALCB;UFBA;31228;75
GBIF;Bryophyta;Sphagnaceae;Sphagnum aciphyllum;(Mont.) J.-P. Frahm;-12.5376307;-41.41359787;"Brian M. Boom;Scott A. Mori";Boom 1192;Crum, H. A.;84869B;MOBOT;MO;31229;76
GBIF;Marchantiophyta;Lejeuneaceae;Acrolejeunea torulosa;(Mont.) J.-P. Frahm;-12.47255793;-41.38672128;B. M. Boom;1091;Thiers, B. M.;137604;NY;NYBG;31231;77
GBIF;Marchantiophyta;Lejeuneaceae;Cheilolejeunea discoidea;(Mont.) J.-P. Frahm;-13.005833;-41.3775;"Gonzatti, F; Kulkamp, J; Guerra, E; Coelho, GP";4870a;Peralta, D. F.;119393;HUCS;UCS;31632;78
GBIF;Marchantiophyta;Frullaniaceae;Frullania brasiliensis;(Mont.) J.-P. Frahm;-13.005833;-41.3775;"Gonzatti, F; Kulkamp, J; Guerra, E; Coelho, GP";4876;Peralta, D. F.;70453;HUCS;UCS;31632;78
speciesLink;Marchantiophyta;Frullaniaceae;Frullania brasiliensis;(Mont.) J.-P. Frahm;-13.005833;-41.3775;"Gonzatti, F; Kulkamp, J; Guerra, E; Coelho, GP";4876;Peralta, DF;70461;HUCP;PUCPR;31632;78
GBIF;Marchantiophyta;Frullaniaceae;Frullania gibbosa;(Hedw.) Brid.;-13.005833;-41.3775;"Gonzatti, F; Kulkamp, J; Guerra, E; Coelho, GP";4878;Peralta, D. F.;71909;HUCS;UCS;31632;78
GBIF;Marchantiophyta;Lepidoziaceae;Lepidozia cupressina;(Hedw.) Brid.;-13.005833;-41.3775;"Gonzatti, F; Kulkamp, J; Guerra, E; Coelho, GP";4871;Peralta, D. F.;77302;HUCS;UCS;31632;78
GBIF;Bryophyta;Leucobryaceae;Leucobryum crispum;(Brid.) Bruch & Schimp.;-13.005833;-41.3775;"Gonzatti, F; Kulkamp, J; Guerra, E; Coelho, GP";4879;Peralta, D. F.;63482;HUCS;UCS;31632;78
GBIF;Bryophyta;Sematophyllaceae;Microcalpe subsimplex;(Brid.) Bruch & Schimp.;-13.005833;-41.3775;"Gonzatti, F; Kulkamp, J; Guerra, E; Coelho, GP";4874;Peralta, D. F.;42093;HUCS;UCS;31632;78
GBIF;Bryophyta;Hypnaceae;Mittenothamnium reptans;(Brid.) Bruch & Schimp.;-13.005833;-41.3775;"Gonzatti, F; Kulkamp, J; Guerra, E; Coelho, GP";4873;Peralta, D. F.;191459;HUCS;UCS;31632;78
GBIF;Bryophyta;Calomniaceae;Pyrrhobryum spiniforme;(Hornsch.) A. Jaeger,;-13.005833;-41.3775;"Gonzatti, F; Kulkamp, J; Guerra, E; Coelho, GP";4871a;Peralta, D. F.;76234;HUCS;UCS;31632;78
GBIF;Bryophyta;Bryaceae;Rhodobryum beyrichianum;(Hampe) A. Jaeger;-13.005833;-41.3775;"Gonzatti, F; Kulkamp, J; Guerra, E; Coelho, GP";4875;Peralta, D. F.;85051A;HUCS;UCS;31632;78
GBIF;Bryophyta;Orthotrichaceae;Schlotheimia elata;(Hampe) A. Jaeger;-13.005833;-41.3775;"Gonzatti, F; Kulkamp, J; Guerra, E; Coelho, GP";4872;Peralta, D. F.;85029A;HUCS;UCS;31632;78
GBIF;Bryophyta;Orthotrichaceae;Schlotheimia rugifolia;(Hampe) A. Jaeger;-13.005833;-41.3775;"Gonzatti, F; Kulkamp, J; Guerra, E; Coelho, GP";4878a;Peralta, D. F.;85067A;HUCS;UCS;31632;78
GBIF;Bryophyta;Orthotrichaceae;Schlotheimia rugifolia;(Hampe) A. Jaeger;-13.005278;-41.370833;Stradmann, MTS;15;"Bastos, C; Stradmann, MTS; Vilas Boas-Bastos, SB. (1998)";85070A;ALCB;UFBA;31632;78
GBIF;Bryophyta;Sphagnaceae;Sphagnum irwinii;A. Jaeger;-13.005833;-41.3775;"Gonzatti, F; Kulkamp, J; Guerra, E; Coelho, GP";4869;Peralta, D. F.;84857C;HUCS;UCS;31632;78
GBIF;Bryophyta;Brachytheciaceae;Squamidium brasiliense;A. Jaeger;-13.005833;-41.3775;"Gonzatti, F; Kulkamp, J; Guerra, E; Coelho, GP";4877;Peralta, D. F.;84901F;HUCS;UCS;31632;78
GBIF;Bryophyta;Dicranaceae;Holomitrium olfersianum;A. Jaeger;-12.46944489;-41.38510682;"Brian M. Boom;Scott A. Mori";Boom 1082;Price, M. J.;79036;MOBOT;MO;31651;79
GBIF;Bryophyta;Orthotrichaceae;Schlotheimia jamesonii;A. Jaeger;-12.46944489;-41.38510682;"Brian M. Boom;Scott A. Mori";Boom 1088;Buck, W. R.;85078B;MOBOT;MO;31651;79
GBIF;Bryophyta;Calymperaceae;Syrrhopodon gaudichaudii;A. Jaeger;-12.46944489;-41.38510682;"Brian M. Boom;Scott A. Mori";Boom 1089;I. Sastre, verif. W.D. Reese;090813;MOBOT;MO;31651;79
GBIF;Bryophyta;Calymperaceae;Syrrhopodon prolifer var. acanthoneuros;A. Jaeger;-12.46944489;-41.38510682;"Brian M. Boom;Scott A. Mori";1080;Reese, W.D.;88397;MOBOT;MO;31651;79
GBIF;Marchantiophyta;Ricciaceae;Riccia planobiconvexa;A. Jaeger;-11.40401174;-41.37083585;"Guedes, ML;Alunos de Botanica III";14524;Bastos, C.;84987B;ALCB;UFBA;31688;80
GBIF;Bryophyta;Octoblepharaceae;Octoblepharum albidum;A. Jaeger;-4.01873;-41.36353;Sehnem, A.;s.n.;Yano, O.;191297;SP-BRYOPHYTA;IBt;31940;81
GBIF;Marchantiophyta;Lepidoziaceae;Micropterygium reimersianum;A. Jaeger;-12.994722;-41.353889;Stradmann, MTS;s/n;"Bastos, C.; Yano, O.; Boas-Bastos, S. B. V. (2000)";134304;ALCB;UFBA;32054;82
GBIF;Bryophyta;Sphagnaceae;Sphagnum capillifolium;A. Jaeger;-12.99871154;-41.34859589;Ballejos, J;21;Ballejos, J.;84885B;ALCB;UFBA;32054;82
GBIF;Bryophyta;Sphagnaceae;Sphagnum palustre;Broth.;-12.99871154;-41.34859589;Ballejos, J;09;Costa, D.P.;85031A;ALCB;UFBA;32054;82
GBIF;Bryophyta;Sphagnaceae;Sphagnum tabuleirense;(Müll. Hal.) Spruce;-12.99871154;-41.34859589;Ballejos, J;23;Costa, D.P.;84898B;ALCB;UFBA;32054;82
GBIF;Bryophyta;Sphagnaceae;Sphagnum aciphyllum;(Müll. Hal.) Spruce;-12.95;-41.33;S. A. Mori;12691;Robinson, H. E.;84852B;NY;NYBG;32055;83
GBIF;Bryophyta;Sphagnaceae;Sphagnum palustre;Mitt.;-12.95;-41.33;S. A. Mori;12690;Robinson, H. E.;85040B;NY;NYBG;32055;83
GBIF;Bryophyta;Pylaisiadelphaceae;Isopterygium affusum;Mitt.;-12.755556;-41.328611;"Gonzatti, F; Kulkamp, J; Guerra, E; Coelho, GP";4833;Peralta, D. F.;77986;HUCS;UCS;32062;84
GBIF;Bryophyta;Octoblepharaceae;Octoblepharum albidum;Mitt.;-12.755556;-41.328611;"Gonzatti, F; Kulkamp, J; Guerra, E; Coelho, GP";4834;Peralta, D. F.;70207;HUCS;UCS;32062;84
GBIF;Bryophyta;Leucobryaceae;Campylopus richardii;Mitt.;-12.854167;-41.310278;"Gonzatti, F; Kulkamp, J; Guerra, E; Coelho, GP";4853;Peralta, D. F.;119361;HUCS;UCS;32484;85
GBIF;Bryophyta;Leucobryaceae;Campylopus richardii;Mitt.;-12.854167;-41.310278;"Gonzatti, F; Kulkamp, J; Guerra, E; Coelho, GP";4854;Peralta, D. F.;119700;HUCS;UCS;32484;85
GBIF;Bryophyta;Polytrichaceae;Polytrichum commune;Mitt.;-12.854167;-41.310278;"Gonzatti, F; Kulkamp, J; Guerra, E; Coelho, GP";4850;Peralta, D. F.;02749492;HUCS;UCS;32484;85
GBIF;Bryophyta;Orthotrichaceae;Schlotheimia spinomitria;Mitt.;-12.854167;-41.310278;"Gonzatti, F; Kulkamp, J; Guerra, E; Coelho, GP";4852;Peralta, D. F.;84967B;HUCS;UCS;32484;85
speciesLink;Bryophyta;Orthotrichaceae;Schlotheimia spinomitria;Mitt.;-12.854167;-41.310278;"Gonzatti, F; Kulkamp, J; Guerra, E; Coelho, GP";4852;Peralta, DF;84966B;HUCP;PUCPR;32484;85
GBIF;Bryophyta;Sphagnaceae;Sphagnum irwinii;Mitt.;-12.854167;-41.310278;"Gonzatti, F; Kulkamp, J; Guerra, E; Coelho, GP";4851;Peralta, D. F.;84860A;HUCS;UCS;32484;85
speciesLink;Bryophyta;Sphagnaceae;Sphagnum irwinii;Mitt.;-12.854167;-41.310278;"Gonzatti, F; Kulkamp, J; Guerra, E; Coelho, GP";4851;Peralta, DF;84858A;HUCP;PUCPR;32484;85
GBIF;Marchantiophyta;Ricciaceae;Riccia vitalii;Mitt.;-11.514167;-41.304722;"Reis, TR; Santos, ND";236;Reis, T. R.;84993D;UFP;UFPE;32530;86
GBIF;Bryophyta;Sphagnaceae;Sphagnum perichaetiale;Mitt.;-13.684873;-41.28071137;R.M. Harley;26940;Crum, H. A.;85040A;MICH;UM;32880;87
GBIF;Bryophyta;Sphagnaceae;Sphagnum perichaetiale;Mitt.;-13.684873;-41.28071137;R. M. Harley;26940;Crum, H. A.;85038A;CEPEC;CEPLAC;32880;87
GBIF;Bryophyta;Pottiaceae;Hyophila involuta;Mitt.;-11.5;-41.25;"Alfons Schafer-Verwimp;Inge Verwimp";8708;Zander, R.H;84547;MOBOT;MO;33380;88
GBIF;Bryophyta;Pottiaceae;Weissia breutelii;Mitt.;-11.5;-41.25;"Alfons Schafer-Verwimp;Inge Verwimp";8704;Zander, R.H;96751;MOBOT;MO;33380;88
GBIF;Bryophyta;Pottiaceae;Weissia breutelii;Mitt.;-11.5;-41.25;"Alfons Schafer-Verwimp;Inge Verwimp";8711;Zander, R.H;97166;MOBOT;MO;33380;88
GBIF;Bryophyta;Sematophyllaceae;Brittonodoxa subpinnata;Mitt.;-11.471667;-41.231944;Vital, D.M.;1108;Valente, E. B.;64233;SP-BRYOPHYTA;IBt;33805;89
GBIF;Bryophyta;Fabroniaceae;Fabronia macroblepharis;Mitt.;-11.471667;-41.231944;Vital, D.M.;1098;Griffin III, D.G.;51581;SP-BRYOPHYTA;IBt;33805;89
GBIF;Marchantiophyta;Frullaniaceae;Frullania ericoides;Mitt.;-11.471667;-41.231944;Vital, D. M.;1102;Vital, D. M.;79071;SP-BRYOPHYTA;IBt;33805;89
GBIF;Marchantiophyta;Frullaniaceae;Frullania ericoides;Brid.;-11.471667;-41.231944;Vital, D. M.;1099;Vital, D. M.;79072;SP-BRYOPHYTA;IBt;33805;89
GBIF;Marchantiophyta;Frullaniaceae;Frullania glomerata;Brid.;-11.471667;-41.231944;Vital, D. M.;1096;Vital, D. M.;63474;SP-BRYOPHYTA;IBt;33805;89
GBIF;Marchantiophyta;Frullaniaceae;Frullania riojaneirensis;Brid.;-11.471667;-41.231944;Vital, D. M.;1093;Vital, D. M.;63495;SP-BRYOPHYTA;IBt;33805;89
GBIF;Marchantiophyta;Frullaniaceae;Frullania riojaneirensis;Brid.;-11.471667;-41.231944;Vital, D. M.;1099;Vital, D. M.;71677;SP-BRYOPHYTA;IBt;33805;89
GBIF;Bryophyta;Orthotrichaceae;Macrocoma orthotrichoides;Brid.;-11.471667;-41.231944;Vital, D.M.;1094;Valente, E. B.;RB01186871;SP-BRYOPHYTA;IBt;33805;89
GBIF;Bryophyta;Octoblepharaceae;Octoblepharum albidum;Brid.;-11.471667;-41.231944;Vital, D.M.;1097;Yano, O.;84320;SP-BRYOPHYTA;IBt;33805;89
GBIF;Bryophyta;Cryphaeaceae;Schoenobryum concavifolium;Brid.;-11.471667;-41.231944;Vital, D.M.;1100;Valente, E. B.;84878B;SP-BRYOPHYTA;IBt;33805;89
GBIF;Bryophyta;Pottiaceae;Tortella humilis;Brid.;-11.471667;-41.231944;Vital, D.M.;1095;Vital, D.M.;19263;SP-BRYOPHYTA;IBt;33805;89
GBIF;Bryophyta;Bryaceae;Rosulabryum billarderii;Brid.;-11.592705;-41.207687;H. S. Irwin;32319;Ochi, H.;49701;NY;NYBG;34224;90
GBIF;Bryophyta;Dicranaceae;Holomitrium olfersianum;Brid.;-11.59111;-41.207971;Valente, EB;D61257;Valente, E. B.;79240;UFP;UFPE;34224;90
GBIF;Bryophyta;Leucobryaceae;Leucobryum giganteum;Brid.;-11.591111;-41.207972;Valente, EB;D61243;Valente, E. B.;123753;UFP;UFPE;34224;90
GBIF;Bryophyta;Leucobryaceae;Leucobryum giganteum;Brid.;-11.591111;-41.207778;Valente, EB;D61287;Valente, E. B.;123754;UFP;UFPE;34224;90
GBIF;Bryophyta;Orthotrichaceae;Pseudomacromitrium cirrosum;Brid.;-11.591111;-41.207778;Valente, EB;D61300;Valente, E. B.;70148;UFP;UFPE;34224;90
GBIF;Bryophyta;Orthotrichaceae;Pseudomacromitrium longifolium;Brid.;-11.591111;-41.207778;Valente, EB;D61255;Valente, E. B.;70401;UFP;UFPE;34224;90
GBIF;Bryophyta;Orthotrichaceae;Macromitrium microstomum;Brid.;-11.591111;-41.207778;Valente, EB;D61253;Valente, E. B.;70144;UFP;UFPE;34224;90
GBIF;Bryophyta;Pterobryaceae;Orthostichopsis praetermissa;Brid.;-11.591111;-41.207778;Valente, EB;D61303;Valente, E. B.;76302;UFP;UFPE;34224;90
GBIF;Bryophyta;Pterobryaceae;Orthostichopsis praetermissa;Brid.;-11.591111;-41.207778;Valente, EB;D61290;Valente, E. B.;76306;UFP;UFPE;34224;90
GBIF;Bryophyta;Orthotrichaceae;Schlotheimia trichomitria;Brid.;-11.591111;-41.207778;Valente, EB;D61279;Valente, E. B.;84852A;UFP;UFPE;34224;90
GBIF;Bryophyta;Brachytheciaceae;Squamidium brasiliense;Brid.;-11.591111;-41.207778;Valente, EB;D61278;Valente, E. B.;84902A;UFP;UFPE;34224;90
GBIF;Bryophyta;Calymperaceae;Syrrhopodon elongatus var. glaziovii;Brid.;-11.592705;-41.207687;"Irwin, H.S.; Harley, R.M., Smith, G.L.";32324;Reese, W.D.;126993;CINC;CINC;34224;90
GBIF;Bryophyta;Calymperaceae;Syrrhopodon elongatus var. glaziovii;Brid.;-11.592705;-41.207687;"Howard S. Irwin;et al.";32324;Reese, W. D.;126987;MOBOT;MO;34224;90
GBIF;Bryophyta;Calymperaceae;Syrrhopodon gaudichaudii;Brid.;-11.592705;-41.207687;H. S. Irwin;32357;Steere, W. C.;133076;NY;NYBG;34224;90
GBIF;Bryophyta;Brachytheciaceae;Squamidium leucotrichum;Brid.;-11.553749;-41.203027;Vital, D.M.;1101;Vital, D.M.;84901E;MOBOT;MO;34225;91
GBIF;Marchantiophyta;Lejeuneaceae;Anoplolejeunea conferta;Brid.;-11.6071628;-41.16104094;B. M. Boom;1250;Thiers, B. M.;137639;NY;NYBG;34646;92
GBIF;Bryophyta;Archidiaceae;Archidium julicaule;Brid.;-11.58;-41.156114;Vital, D.M.;8069;Vital, D.M.;50116;SP-BRYOPHYTA;IBt;34647;93
GBIF;Bryophyta;Bryaceae;Leptostomopsis morasica;Brid.;-11.57;-41.156113;Vital, D.M.;8068;Vital, D.M.;64214;SP-BRYOPHYTA;IBt;34647;93
GBIF;Marchantiophyta;Lejeuneaceae;Acrolejeunea emergens;Brid.;-11.55;-41.156111;Vital, D. M.;6062;Vital, D. M.;132980;SP-BRYOPHYTA;IBt;34648;94
GBIF;Bryophyta;Archidiaceae;Archidium clavatum;Brid.;-11.56;-41.156112;Vital, D.M.;8066;Vital, D.M.;50081;SP-BRYOPHYTA;IBt;34648;94
GBIF;Bryophyta;Archidiaceae;Archidium ohioense;Brid.;-11.55;-41.156111;Vital, D.M.;8063;Vital, D.M.;RB01183831;SP-BRYOPHYTA;IBt;34648;94
GBIF;Bryophyta;Archidiaceae;Archidium ohioense;Brid.;-11.55;-41.156111;Vital, D.M.;8023;Vital, D.M.;87087;SP-BRYOPHYTA;IBt;34648;94
GBIF;Bryophyta;Archidiaceae;Archidium ohioense;Brid.;-11.55;-41.156111;Vital, D. M.;8064;Vital, D. M.;87094;SP-BRYOPHYTA;IBt;34648;94
GBIF;Marchantiophyta;Lejeuneaceae;Brachiolejeunea leiboldiana;Brid.;-11.55;-41.156111;Vital, D. M.;6563;Bastos, C.;64241;SP-BRYOPHYTA;IBt;34648;94
GBIF;Marchantiophyta;Lejeuneaceae;Bryopteris diffusa;Brid.;-11.55;-41.156111;Vital, D. M.;8040;Yano, O.;64119;SP-BRYOPHYTA;IBt;34648;94
GBIF;Marchantiophyta;Lejeuneaceae;Bryopteris diffusa;Brid.;-11.55;-41.156111;Vital, D. M.;8049;Yano, O.;64254;SP-BRYOPHYTA;IBt;34648;94
GBIF;Bryophyta;Bryaceae;Rosulabryum capillare;Brid.;-11.55;-41.156111;Vital, D.M.;6555;Vital, D.M.;131821;SP-BRYOPHYTA;IBt;34648;94
GBIF;Bryophyta;Bryaceae;Gemmabryum coronatum;Brid.;-11.5492744;-41.15708531;Vital, D.M.;8025;Vital, D.M.;131247;SP-BRYOPHYTA;IBt;34648;94
GBIF;Marchantiophyta;Calypogeiaceae;Calypogeia andicola;Brid.;-11.55;-41.156111;Vital, D. M.;6058;Vital, D. M.;64220;SP-BRYOPHYTA;IBt;34648;94
GBIF;Bryophyta;Leucobryaceae;Campylopus fragilis;Brid.;-11.54924911;-41.156297;Santos, M;1750;Santos, M.;119225;ALCB;UFBA;34648;94
GBIF;Bryophyta;Leucobryaceae;Campylopus julaceus;Brid.;-11.55;-41.156111;Martins, DV;s/n;"Bastos, C; Yano, O.; Boas-Bastos, S. B. V. (2000)";119690;ALCB;UFBA;34648;94
GBIF;Bryophyta;Leucobryaceae;Campylopus savannarum;Brid.;-11.54924911;-41.156297;Santos, M;1742;Santos, M.;119291;ALCB;UFBA;34648;94
GBIF;Bryophyta;Leucobryaceae;Campylopus trachyblepharon;Brid.;-11.55;-41.156111;Vital, D.M.;6554;Vital, D.M.;119566;SP-BRYOPHYTA;IBt;34648;94
GBIF;Marchantiophyta;Lejeuneaceae;Cheilolejeunea conchifolia;Brid.;-11.55;-41.156111;Vital, D. M.;6557;Bastos, C.;119697;SP-BRYOPHYTA;IBt;34648;94
GBIF;Marchantiophyta;Lejeuneaceae;Cheilolejeunea rigidula;Brid.;-11.55;-41.156111;Vital, D. M.;8031;Yano, O.;119640;SP-BRYOPHYTA;IBt;34648;94
GBIF;Marchantiophyta;Lejeuneaceae;Cheilolejeunea xanthocarpa;Brid.;-11.55;-41.156111;Vital, D. M.;6037;Vital, D. M.;131877;SP-BRYOPHYTA;IBt;34648;94
GBIF;Marchantiophyta;Lejeuneaceae;Cheilolejeunea xanthocarpa;Brid.;-11.55;-41.156111;Vital, D. M.;6030;Peralta, D. F.;146801;SP-BRYOPHYTA;IBt;34648;94
GBIF;Marchantiophyta;Lejeuneaceae;Cheilolejeunea xanthocarpa;Brid.;-11.55;-41.156111;Vital, D. M.;6032;Vital, D. M.;146807;SP-BRYOPHYTA;IBt;34648;94
GBIF;Marchantiophyta;Corsiniaceae;Cronisia weddellii;Brid.;-11.55;-41.156111;Vital, D. M.;8064;Vital, D. M.;18198;SP-BRYOPHYTA;IBt;34648;94
GBIF;Bryophyta;Sematophyllaceae;Donnellia commutata;Brid.;-11.55;-41.156111;Vital, D.M.;6562;Vital, D.M.;51676;SP-BRYOPHYTA;IBt;34648;94
GBIF;Bryophyta;Fissidentaceae;Fissidens ramicola;Brid.;-11.54935896;-41.15742833;Vital, D.M.;8071;Vital, D.M.;72193;SP-BRYOPHYTA;IBt;34648;94
GBIF;Marchantiophyta;Frullaniaceae;Frullania beyrichiana;Brid.;-11.55;-41.156111;Vital, D. M.;6564;Vital, D. M.;71926;SP-BRYOPHYTA;IBt;34648;94
GBIF;Marchantiophyta;Frullaniaceae;Frullania beyrichiana;Brid.;-11.55;-41.156111;Vital, D. M.;6558;Vital, D. M.;71949;SP-BRYOPHYTA;IBt;34648;94
GBIF;Marchantiophyta;Frullaniaceae;Frullania caulisequa;Brid.;-11.55;-41.156111;Vital, D. M.;6030;Peralta, D. F.;96719;SP-BRYOPHYTA;IBt;34648;94
GBIF;Marchantiophyta;Frullaniaceae;Frullania caulisequa;Brid.;-11.55;-41.156111;Vital, D. M.;6063;Vital, D. M.;70484;SP-BRYOPHYTA;IBt;34648;94
GBIF;Marchantiophyta;Frullaniaceae;Frullania gibbosa;Brid.;-11.55;-41.156111;Vital, D. M.;6006;Peralta, D. F.;71871;SP-BRYOPHYTA;IBt;34648;94
GBIF;Marchantiophyta;Frullaniaceae;Frullania kunzei;Brid.;-11.55;-41.156111;Valente, EB;D61172;Valente, E. B.;96218;UFP;UFPE;34648;94
GBIF;Bryophyta;Pottiaceae;Hyophiladelphus agrarius;Brid.;-11.55;-41.156111;Vital, D.M.;6553;Vital, D.M.;96455;SP-BRYOPHYTA;IBt;34648;94
GBIF;Bryophyta;Pylaisiadelphaceae;Isopterygium tenerifolium;Brid.;-11.55;-41.156111;Vital, D. M.;6055;Vital, D. M.;51630;SP-BRYOPHYTA;IBt;34648;94
GBIF;Marchantiophyta;Lepidoziaceae;Kurzia capillaris;Brid.;-11.55;-41.156111;Vital, D. M.;6055;Vital, D. M.;109066;SP-BRYOPHYTA;IBt;34648;94
GBIF;Marchantiophyta;Lepidoziaceae;Kurzia capillaris;Brid.;-11.55;-41.156111;Vital, D. M.;6057;Vital, D. M.;108997;SP-BRYOPHYTA;IBt;34648;94
GBIF;Marchantiophyta;Lepidoziaceae;Kurzia capillaris;Brid.;-11.55;-41.156111;Vital, D. M.;6056;Vital, D. M.;61603;SP-BRYOPHYTA;IBt;34648;94
GBIF;Marchantiophyta;Lejeuneaceae;Lejeunea laetevirens;Brid.;-11.55;-41.156111;Vital, D. M.;8035;Vital, D. M.;79086;SP-BRYOPHYTA;IBt;34648;94
GBIF;Bryophyta;Leucobryaceae;Leucobryum crispum;Brid.;-11.55;-41.156111;Martins, DV;s/n;"Bastos, C; Yano, O.; Boas-Bastos, S. B. V. (2000)";70626;ALCB;UFBA;34648;94
GBIF;Marchantiophyta;Lophocoleaceae;Lophocolea platensis;Brid.;-11.55;-41.156111;Vital, D. M.;8084;Vital, D. M.;RB01355948;SP-BRYOPHYTA;IBt;34648;94
GBIF;Marchantiophyta;Metzgeriaceae;Metzgeria scyphigera;Brid.;-11.55;-41.156111;Vital, D. M.;6556;Vital, D. M.;29836;SP-BRYOPHYTA;IBt;34648;94
GBIF;Marchantiophyta;Lejeuneaceae;Microlejeunea epiphylla;Brid.;-11.55;-41.156111;Vital, D. M.;6034;Peralta, D. F.;090796;SP-BRYOPHYTA;IBt;34648;94
GBIF;Bryophyta;Octoblepharaceae;Octoblepharum albidum;Brid.;-11.55;-41.156111;Vital, D.M.;6561;Vital, D.M.;84327;SP-BRYOPHYTA;IBt;34648;94
GBIF;Bryophyta;Octoblepharaceae;Octoblepharum cylindricum;Brid.;-11.55;-41.156111;Vital, D.M.;8024;Yano, O.;1094805;SP-BRYOPHYTA;IBt;34648;94
GBIF;Bryophyta;Pterobryaceae;Orthostichopsis tetragona;Brid.;-11.55;-41.156111;Vital, D.M.;6018;Peralta, D. F.;76012;SP-BRYOPHYTA;IBt;34648;94
GBIF;Marchantiophyta;Plagiochilaceae;Plagiochila corrugata;Brid.;-11.55;-41.156111;Vital, D. M.;6033;Peralta, D. F.;173611;SP-BRYOPHYTA;IBt;34648;94
GBIF;Marchantiophyta;Plagiochilaceae;Plagiochila corrugata;Brid.;-11.55;-41.156111;Vital, D. M.;8042;Vital, D. M.;01149178;SP-BRYOPHYTA;IBt;34648;94
GBIF;Marchantiophyta;Porellaceae;Porella brasiliensis;Brid.;-11.55;-41.156111;Vital, D. M.;6033;Peralta, D. F.;13879;SP-BRYOPHYTA;IBt;34648;94
GBIF;Marchantiophyta;Aneuraceae;Riccardia chamedryfolia;Brid.;-11.55;-41.156111;Vital, D. M.;6057;Vital, D. M.;84980D;SP-BRYOPHYTA;IBt;34648;94
GBIF;Marchantiophyta;Aneuraceae;Riccardia digitiloba;Brid.;-11.55;-41.156111;Vital, D. M.;8037;Vital, D. M.;84986C;SP-BRYOPHYTA;IBt;34648;94
GBIF;Marchantiophyta;Ricciaceae;Riccia squamata;Brid.;-11.55;-41.156111;Vital, D. M.;8067;Vital, D. M.;84983E;SP-BRYOPHYTA;IBt;34648;94
GBIF;Marchantiophyta;Ricciaceae;Riccia vitalii;Brid.;-11.55;-41.156111;Vital, D. M.;8065;Vital, D. M.;84996C;SP-BRYOPHYTA;IBt;34648;94
GBIF;Marchantiophyta;Ricciaceae;Riccia vitalii;Brid.;-11.54919031;-41.15781488;Vital, D. M.;8070;Vital, D. M.;85011B;SP-BRYOPHYTA;IBt;34648;94
GBIF;Marchantiophyta;Lejeuneaceae;Schiffneriolejeunea polycarpa;Brid.;-11.55;-41.156111;Vital, D. M.;6031;Vital, D. M.;84935;SP-BRYOPHYTA;IBt;34648;94
GBIF;Bryophyta;Orthotrichaceae;Schlotheimia jamesonii;Brid.;-11.55;-41.156111;Vital, D.M.;6560;Vital, D.M.;85060B;SP-BRYOPHYTA;IBt;34648;94
GBIF;Bryophyta;Orthotrichaceae;Schlotheimia rugifolia;Brid.;-11.55;-41.156111;Vital, D.M.;6559;Vital, D.M.;84926B;SP-BRYOPHYTA;IBt;34648;94
GBIF;Bryophyta;Orthotrichaceae;Schlotheimia torquata;(Müll. Hal.) Mitt.;-11.55;-41.156111;Vital, D.M.;18198052;Vitt, DH;84961C;UB;UNB;34648;94
GBIF;Marchantiophyta;Pallaviciniaceae;Symphyogyna aspera;(Müll. Hal.) Mitt.;-11.55;-41.156111;Vital, D. M.;6056;Vital, D. M.;70645;SP-BRYOPHYTA;IBt;34648;94
GBIF;Marchantiophyta;Pallaviciniaceae;Symphyogyna aspera;(Müll. Hal.) Mitt.;-11.55;-41.156111;Vital, D. M.;6055;Vital, D. M.;13744;SP-BRYOPHYTA;IBt;34648;94
GBIF;Bryophyta;Calymperaceae;Syrrhopodon prolifer;(Müll. Hal.) Mitt.;-11.55;-41.156111;Vital, D. M.;6058;Vital, D. M.;134694;SP-BRYOPHYTA;IBt;34648;94
GBIF;Marchantiophyta;Lepidoziaceae;Telaranea diacantha;(Müll. Hal.) Mitt.;-11.55;-41.156111;Vital, D. M.;6057;Vital, D. M.;24164;SP-BRYOPHYTA;IBt;34648;94
GBIF;Marchantiophyta;Lepidoziaceae;Telaranea diacantha;(Müll. Hal.) Mitt.;-11.55;-41.156111;Vital, D. M.;6056;Vital, D. M.;188029;SP-BRYOPHYTA;IBt;34648;94
GBIF;Marchantiophyta;Lepidoziaceae;Telaranea nematodes;(Müll. Hal.) Mitt.;-11.55;-41.156111;Vital, D. M.;8036;Vital, D. M.;53296;SP-BRYOPHYTA;IBt;34648;94
GBIF;Marchantiophyta;Lepidoziaceae;Telaranea nematodes;(Müll. Hal.) Mitt.;-11.55;-41.156111;Vital, D. M.;6057;Vital, D. M.;188021;SP-BRYOPHYTA;IBt;34648;94
GBIF;Marchantiophyta;Lepidoziaceae;Telaranea nematodes;(Müll. Hal.) Mitt.;-11.55;-41.156111;Vital, D. M.;6056;Vital, D. M.;188030;SP-BRYOPHYTA;IBt;34648;94
GBIF;Bryophyta;Brachytheciaceae;Zelometeorium patulum;(Müll. Hal.) Mitt.;-11.55;-41.156111;Vital, D.M.;6017;Valente, E. B.;111521;SP-BRYOPHYTA;IBt;34648;94
speciesLink;Bryophyta;Leucobryaceae;Leucobryum albicans;(Müll. Hal.) Mitt.;-11.550556;-41.155556;"Gonzatti, F; Kulkamp, J; Guerra, E; Coelho, GP";4953;Peralta, DF;51795;HUCP;PUCPR;35071;95
GBIF;Bryophyta;Leucobryaceae;Leucobryum albicans;(Müll. Hal.) Mitt.;-11.550556;-41.155556;"Gonzatti, F; Kulkamp, J; Guerra, E; Coelho, GP";4953;Peralta, D. F.;77316;HUCS;UCS;35071;95
GBIF;Bryophyta;Orthotrichaceae;Pseudomacromitrium cirrosum;(Müll. Hal.) Mitt.;-11.550556;-41.155556;"Gonzatti, F; Kulkamp, J; Guerra, E; Coelho, GP";4951;Peralta, D. F.;70150;HUCS;UCS;35071;95
GBIF;Bryophyta;Pterobryaceae;Orthostichopsis tortipilis;(Müll. Hal.) Mitt.;-11.550556;-41.155556;"Gonzatti, F; Kulkamp, J; Guerra, E; Coelho, GP";4952;Peralta, D. F.;71894;HUCS;UCS;35071;95
GBIF;Bryophyta;Calomniaceae;Pyrrhobryum spiniforme;(Müll. Hal.) Mitt.;-11.550556;-41.155556;"Gonzatti, F; Kulkamp, J; Guerra, E; Coelho, GP";4950;Peralta, D. F.;71761;HUCS;UCS;35071;95
GBIF;Bryophyta;Pylaisiadelphaceae;Wijkia flagellifera;(Müll. Hal.) Mitt.;-11.550556;-41.155556;"Gonzatti, F; Kulkamp, J; Guerra, E; Coelho, GP";4949;Peralta, D. F.;190333;HUCS;UCS;35071;95
GBIF;Bryophyta;Sematophyllaceae;Acroporium pungens;(Müll. Hal.) Mitt.;-11.65;-41.116667;Vital, D.M.;8026;Vital, D.M.;1913747;SP-BRYOPHYTA;IBt;35491;96
GBIF;Bryophyta;Leucobryaceae;Campylopus uleanus;(Müll. Hal.) Mitt.;-11.65;-41.116667;Vital, D.M.;8033;Vital, D.M.;119627;SP-BRYOPHYTA;IBt;35491;96
GBIF;Bryophyta;Myuriaceae;Ctenidium malacodes;(Müll. Hal.) Mitt.;-11.65;-41.116667;Vital, D.M.;8030;Vital, D.M.;089581;SP-BRYOPHYTA;IBt;35491;96
GBIF;Bryophyta;Dicranaceae;Holomitrium olfersianum;(Müll. Hal.) Mitt.;-11.65;-41.116667;Vital, D.M.;8050;Vital, D.M.;72131;SP-BRYOPHYTA;IBt;35491;96
GBIF;Bryophyta;Pylaisiadelphaceae;Isopterygium tenerum;(Müll. Hal.) Mitt.;-11.65;-41.116667;Vital, D.M.;8041;Vital, D.M.;79108;SP-BRYOPHYTA;IBt;35491;96
GBIF;Bryophyta;Leucobryaceae;Leucobryum albicans;(Müll. Hal.) Mitt.;-11.65;-41.116667;Vital, D.M.;8027;Yano, O.;51592;SP-BRYOPHYTA;IBt;35491;96
GBIF;Bryophyta;Leucobryaceae;Leucobryum crispum;(Müll. Hal.) Mitt.;-11.65;-41.116667;Vital, D.M.;8034;Yano, O.;63500;SP-BRYOPHYTA;IBt;35491;96
GBIF;Bryophyta;Leucobryaceae;Leucobryum giganteum;(Müll. Hal.) Mitt.;-11.65;-41.116667;Vital, D.M.;8046;Vital, D.M.;123758;SP-BRYOPHYTA;IBt;35491;96
GBIF;Bryophyta;Brachytheciaceae;Meteoridium remotifolium;(Müll. Hal.) Mitt.;-11.65;-41.116667;Vital, D.M.;8039;Vital, D.M.;42140;SP-BRYOPHYTA;IBt;35491;96
GBIF;Bryophyta;Sematophyllaceae;Microcalpe subsimplex;(Müll. Hal.) Mitt.;-11.65;-41.116667;Vital, D.M.;8047;Vital, D.M.;88376;SP-BRYOPHYTA;IBt;35491;96
GBIF;Bryophyta;Leucobryaceae;Ochrobryum gardneri;(Müll. Hal.) Mitt.;-11.65;-41.116667;Vital, D.M.;8038;Yano, O.;191503;SP-BRYOPHYTA;IBt;35491;96
GBIF;Bryophyta;Pterobryaceae;Orthostichopsis tortipilis;(Müll. Hal.) Mitt.;-11.65;-41.116667;Vital, D.M.;8053;Griffin III, D.G.;76013;SP-BRYOPHYTA;IBt;35491;96
GBIF;Bryophyta;Calomniaceae;Pyrrhobryum spiniforme;(Müll. Hal.) Mitt.;-11.65;-41.116667;Vital, D.M.;8032;Vital, D.M.;76222C;SP-BRYOPHYTA;IBt;35491;96
GBIF;Bryophyta;Bryaceae;Rhodobryum beyrichianum;(Müll. Hal.) Mitt.;-11.65;-41.116667;Vital, D.M.;8044;Vital, D.M.;85049A;SP-BRYOPHYTA;IBt;35491;96
GBIF;Bryophyta;Orthotrichaceae;Schlotheimia jamesonii;(Müll. Hal.) Mitt.;-11.65;-41.116667;Vital, D.M.;8028;Vital, D.M.;85074C;SP-BRYOPHYTA;IBt;35491;96
GBIF;Bryophyta;Orthotrichaceae;Schlotheimia torquata;(Müll. Hal.) Mitt.;-11.65;-41.116667;Vital, D.M.;8051;Vital, D.M.;84960B;SP-BRYOPHYTA;IBt;35491;96
GBIF;Bryophyta;Orthotrichaceae;Schlotheimia torquata;(Müll. Hal.) Mitt.;-11.65;-41.116667;Vital, D.M.;8052;Vital, D.M.;84955D;SP-BRYOPHYTA;IBt;35491;96
GBIF;Bryophyta;Orthotrichaceae;Schlotheimia trichomitria;(Müll. Hal.) Mitt.;-11.65;-41.116667;Vital, D.M.;8029;Vital, D.M.;84854A;SP-BRYOPHYTA;IBt;35491;96
GBIF;Bryophyta;Calymperaceae;Syrrhopodon incompletus;(Müll. Hal.) Mitt.;-11.65;-41.116667;Vital, D.M.;8045;Vital, D.M.;72126;SP-BRYOPHYTA;IBt;35491;96
GBIF;Marchantiophyta;Lejeuneaceae;Lejeunea flava;(Müll. Hal.) Mitt.;-11.57080932;-41.12514512;Vital, D. M.;6066;Vital, D. M.;84576;SP-BRYOPHYTA;IBt;35493;97
GBIF;Bryophyta;Fabroniaceae;Fabronia macroblepharis;(Müll. Hal.) Mitt.;-14.53;-41.08;Vital, D.M.;20378;Vital, D.M.;51574;NY;NYBG;35813;98
GBIF;Bryophyta;Fissidentaceae;Fissidens spuriolimbatus;(Müll. Hal.) Mitt.;-14.53;-41.08;Vital, D.M.;20370;Vital, D.M.;77847;NY;NYBG;35813;98
GBIF;Bryophyta;Fissidentaceae;Fissidens spuriolimbatus;(Müll. Hal.) Mitt.;-14.53;-41.08;Vital, D.M.;20336;Pursell, R. A.;72176;NY;NYBG;35813;98
GBIF;Bryophyta;Pottiaceae;Hyophila involuta;(Müll. Hal.) Mitt.;-14.53;-41.08;Vital, D.M.;20344;Costa, D.P.;70391;NY;NYBG;35813;98
GBIF;Bryophyta;Leucobryaceae;Campylopus julaceus;(Müll. Hal.) Mitt.;-11.33;-41.092222;Vital, D.M.;6045;Frahm, J.-.P.;119270;HUSC;UNISANTA;35925;99
GBIF;Marchantiophyta;Frullaniaceae;Frullania brasiliensis;(Müll. Hal.) Mitt.;-11.33;-41.092222;Vital, D. M.;6041;Vital, D. M.;96701;HUSC;UNISANTA;35925;99
GBIF;Bryophyta;Leucobryaceae;Leucobryum giganteum;(Müll. Hal.) Mitt.;-11.33;-41.092222;Vital, D.M.;6020;Yano, O.;72048;HUSC;UNISANTA;35925;99
GBIF;Bryophyta;Sphagnaceae;Sphagnum aciphyllum;(Müll. Hal.) Mitt.;-11.33;-41.092222;Vital, D.M.;6051;Costa, D.P.;84872B;HUSC;UNISANTA;35925;99
GBIF;Bryophyta;Sphagnaceae;Sphagnum perichaetiale;(Müll. Hal.) Mitt.;-11.33;-41.092222;Vital, D.M.;6052;Vital, D.M.;84898D;HUSC;UNISANTA;35925;99
GBIF;Marchantiophyta;Frullaniaceae;Frullania brasiliensis;(Müll. Hal.) Mitt.;-11.60829485;-41.04130788;Vital, D. M.;6040;Vital, D. M.;71925;SP-BRYOPHYTA;IBt;36338;100
GBIF;Marchantiophyta;Ricciaceae;Riccia wainionis;(Müll. Hal.) Mitt.;-11.60829485;-41.04130788;Vital, D. M.;6067;Vital, D. M.;84998F;SP-BRYOPHYTA;IBt;36338;100
GBIF;Marchantiophyta;Ricciaceae;Riccia vitalii;(Müll. Hal.) Mitt.;-11.45843118;-41.06539065;"Giulietti, AM;,Lima, R,Nobre, PH,Salimena-Pires, FR,Atkins, S,Conceicao, AA,Stannard, B";PCD2263;Reis, T. R.;84998D;ALCB;UFBA;36343;101
GBIF;Bryophyta;Leucobryaceae;Campylopus savannarum;(Müll. Hal.) Mitt.;-11.613615;-41.019171;Valente, EB;D61216;Valente, E. B.;119646;UFP;UFPE;36760;102
GBIF;Bryophyta;Leucobryaceae;Campylopus savannarum;(Müll. Hal.) Mitt.;-11.613613;-41.019169;Valente, EB;D61151;Valente, E. B.;119372;UFP;UFPE;36760;102
GBIF;Bryophyta;Leucobryaceae;Campylopus savannarum;(Müll. Hal.) Mitt.;-11.613612;-41.019168;Valente, EB;D61150;Valente, E. B.;119257;UFP;UFPE;36760;102
GBIF;Marchantiophyta;Frullaniaceae;Frullania kunzei;(Müll. Hal.) Mitt.;-11.613611;-41.019167;Vital, D. M.;8057;Vital, D. M.;96217;SP-BRYOPHYTA;IBt;36760;102
GBIF;Bryophyta;Pylaisiadelphaceae;Isopterygium tenerum;(Müll. Hal.) Mitt.;-11.613616;-41.019172;Valente, EB;D61220;Valente, E. B.;79224;UFP;UFPE;36760;102
GBIF;Bryophyta;Leucobryaceae;Leucobryum crispum;(Müll. Hal.) Mitt.;-11.61200089;-41.03292663;"Howard S. Irwin;et al.";Irwin 32532;Steere, W. C.;70159;MOBOT;MO;36760;102
GBIF;Bryophyta;Leucobryaceae;Leucobryum crispum;(Müll. Hal.) Mitt.;-11.61200089;-41.03292663;Irwin, H.S.;32532;Steere, W. C.;70476;CINC;CINC;36760;102
GBIF;Bryophyta;Leucobryaceae;Leucobryum crispum;(Müll. Hal.) Mitt.;-11.61200089;-41.03292663;"H. S. Irwin; R. M. Harley, G. L. Smith";32532;Steere, W. C.;70625;TENN;UTK;36760;102
GBIF;Bryophyta;Sphagnaceae;Sphagnum capillifolium;(Müll. Hal.) Mitt.;-11.62011328;-41.01506658;"Howard S. Irwin;et al.";32379;Smith, G. L.;84891D;MOBOT;MO;36760;102
GBIF;Bryophyta;Sphagnaceae;Sphagnum capillifolium;(Müll. Hal.) Mitt.;-11.62011328;-41.01506658;"Howard S. Irwin;et al.";32380;Smith, G. L.;84883A;MOBOT;MO;36760;102
GBIF;Bryophyta;Sphagnaceae;Sphagnum perichaetiale;(Müll. Hal.) Mitt.;-11.62050937;-41.01315581;H. S. Irwin;;Costa, D.P.;85040C;F;F;36760;102
GBIF;Marchantiophyta;Lejeuneaceae;Acrolejeunea torulosa;(Müll. Hal.) Mitt.;-11.62515402;-40.9996505;Vital, D. M.;6039;Vital, D. M.;132985;SP-BRYOPHYTA;IBt;37181;103
GBIF;Bryophyta;Archidiaceae;Archidium julicaule;(Müll. Hal.) Mitt.;-11.625937;-40.999616;Vital, D.M.;6044;Vital, D.M.;21409;SP-BRYOPHYTA;IBt;37181;103
GBIF;Bryophyta;Sematophyllaceae;Brittonodoxa subpinnata;(Müll. Hal.) Mitt.;-11.62595;-40.999629;Vital, D.M.;6061;Vital, D.M.;64250;SP-BRYOPHYTA;IBt;37181;103
GBIF;Bryophyta;Bryaceae;Bryum argenteum;(Müll. Hal.) Mitt.;-11.625935;-40.999614;Vital, D.M.;6042;Vital, D.M.;61195;SP-BRYOPHYTA;IBt;37181;103
GBIF;Bryophyta;Bryaceae;Rosulabryum capillare;(Müll. Hal.) Mitt.;-11.62594;-40.999619;Vital, D.M.;6047;Peralta, D. F.;134998;SP-BRYOPHYTA;IBt;37181;103
GBIF;Bryophyta;Bryaceae;Rosulabryum capillare;(Müll. Hal.) Mitt.;-11.625936;-40.999615;Vital, D.M.;6043;Peralta, D. F.;090261;SP-BRYOPHYTA;IBt;37181;103
GBIF;Bryophyta;Leucobryaceae;Campylopus heterostachys;(Müll. Hal.) Mitt.;-11.625939;-40.999618;Vital, D.M.;6046;Peralta, D. F.;119290;SP-BRYOPHYTA;IBt;37181;103
GBIF;Bryophyta;Leucobryaceae;Campylopus julaceus;(Müll. Hal.) Mitt.;-11.625935;-40.999614;Vital, D.M.;7846045;Frahm, J.-P.;119367;UB;UNB;37181;103
GBIF;Bryophyta;Fabroniaceae;Fabronia ciliaris var. polycarpa;(Müll. Hal.) Mitt.;-11.625941;-40.99962;Vital, D.M.;6048;Vital, D.M.;51646;SP-BRYOPHYTA;IBt;37181;103
GBIF;Marchantiophyta;Frullaniaceae;Frullania brasiliensis;(Müll. Hal.) Mitt.;-11.62515402;-40.9996505;Vital, D. M.;6039;Vital, D. M.;71939;SP-BRYOPHYTA;IBt;37181;103
GBIF;Marchantiophyta;Frullaniaceae;Frullania kunzei;(Müll. Hal.) Mitt.;-11.62510559;-40.99972441;Vital, D. M.;6034;Peralta, D. F.;71865;SP-BRYOPHYTA;IBt;37181;103
GBIF;Bryophyta;Dicranaceae;Holomitrium olfersianum;(Müll. Hal.) Mitt.;-11.625935;-40.999614;Vital, D.M.;6049;Price, M. J.;51524;MOBOT;MO;37181;103
GBIF;Bryophyta;Sematophyllaceae;Jirivanaea galipensis;(Müll. Hal.) Mitt.;-11.625935;-40.999614;Vital, D.M.;8058;Vital, D.M.;51489;SP-BRYOPHYTA;IBt;37181;103
GBIF;Bryophyta;Orthotrichaceae;Pseudomacromitrium cirrosum;(Müll. Hal.) Mitt.;-11.625949;-40.999628;Vital, D.M.;6060;Peralta, D. F.;70412;SP-BRYOPHYTA;IBt;37181;103
GBIF;Bryophyta;Meteoriaceae;Meteorium nigrescens;(Müll. Hal.) Mitt.;-11.625952;-40.999631;Vital, D.M.;6065;Peralta, D. F.;42130;SP-BRYOPHYTA;IBt;37181;103
GBIF;Bryophyta;Sematophyllaceae;Microcalpe subsimplex;(Müll. Hal.) Mitt.;-11.625948;-40.999627;Vital, D.M.;6059;Yano, O.;88376;SP-BRYOPHYTA;IBt;37181;103
GBIF;Bryophyta;Octoblepharaceae;Octoblepharum cocuiense;(Müll. Hal.) Mitt.;-11.625947;-40.999626;Vital, D.M.;6054;Yano, O.;150142;SP-BRYOPHYTA;IBt;37181;103
GBIF;Bryophyta;Pterobryaceae;Orthostichopsis tortipilis;(Müll. Hal.) Mitt.;-11.625935;-40.999614;"Brian M. Boom;Scott A. Mori";Boom 1240;Buck, W. R.;71855;MOBOT;MO;37181;103
GBIF;Bryophyta;Calomniaceae;Pyrrhobryum spiniforme;(Müll. Hal.) Mitt.;-11.625935;-40.999614;"Brian M. Boom;Scott A. Mori";Boom 1229;Buck, W. R.;71838;MOBOT;MO;37181;103
GBIF;Marchantiophyta;Ricciaceae;Riccia albopunctata;(Müll. Hal.) Mitt.;-11.635278;-41.001111;"Reis, TR; Santos, ND";230;Reis, T. R.;84981D;UFP;UFPE;37181;103
GBIF;Marchantiophyta;Ricciaceae;Riccia albopunctata;(Müll. Hal.) Mitt.;-11.635278;-41.001111;"Reis, TR; Santos, ND";229;Reis, T. R.;84972F;UFP;UFPE;37181;103
GBIF;Marchantiophyta;Ricciaceae;Riccia albopunctata;(Müll. Hal.) Mitt.;-11.635278;-41.001111;"Reis, TR; Santos, ND";231;Reis, T. R.;84975C;UFP;UFPE;37181;103
GBIF;Marchantiophyta;Ricciaceae;Riccia vitalii;(Müll. Hal.) Mitt.;-11.635278;-41.001111;"Reis, TR; Santos, ND";228;Reis, T. R.;85002C;UFP;UFPE;37181;103
GBIF;Bryophyta;Sphagnaceae;Sphagnum capillifolium;(Müll. Hal.) Mitt.;-11.625935;-40.999614;H.S. Irwin, R.M. Harley & G. L. Smith;32379;Smith, G. L.;84893C;UBC;BBM;37181;103
GBIF;Bryophyta;Sphagnaceae;Sphagnum sparsum;(Müll. Hal.) Mitt.;-11.625944;-40.999623;Vital, D.M.;6051;Vital, D.M.;84909C;SP-BRYOPHYTA;IBt;37181;103
GBIF;Bryophyta;Calymperaceae;Syrrhopodon elongatus var. glaziovii;(Müll. Hal.) Mitt.;-11.625935;-40.999614;Vital, D.M.;8056;Reese, W. D.;126988;MOBOT;MO;37181;103
GBIF;Bryophyta;Calymperaceae;Syrrhopodon helicophyllus;(Müll. Hal.) Mitt.;-11.625943;-40.999622;Vital, D.M.;6050;Vital, D.M.;73069;SP-BRYOPHYTA;IBt;37181;103
GBIF;Bryophyta;Calymperaceae;Syrrhopodon leprieurii;(Müll. Hal.) Mitt.;-11.625935;-40.999614;Vital, D.M.;8056;Vital, D.M.;191272;SP-BRYOPHYTA;IBt;37181;103
GBIF;Bryophyta;Calymperaceae;Syrrhopodon prolifer;(Müll. Hal.) Mitt.;-11.625946;-40.999625;Vital, D.M.;6053;Peralta, D. F.;222914;SP-BRYOPHYTA;IBt;37181;103
GBIF;Bryophyta;Calymperaceae;Syrrhopodon prolifer;(Müll. Hal.) Mitt.;-11.625935;-40.999614;H. S. Irwin;32297;Steere, W. C.;88402;NY;NYBG;37181;103
GBIF;Marchantiophyta;Frullaniaceae;Frullania brasiliensis;(Müll. Hal.) Mitt.;-11.62341373;-41.00837244;B. M. Boom;1260;Lima, E.;71923;NY;NYBG;37182;104
GBIF;Marchantiophyta;Frullaniaceae;Frullania brasiliensis;(Müll. Hal.) Mitt.;-11.62307906;-41.00779895;H. S. Irwin;30746;Lima, E.;71953;NY;NYBG;37182;104
GBIF;Marchantiophyta;Ricciaceae;Riccia wainionis;(Müll. Hal.) Mitt.;-9.161944;-40.970833;Vital, D. M.;1643;Vital, D. M.;84866B;SP-BRYOPHYTA;IBt;37686;105
GBIF;Bryophyta;Fabroniaceae;Fabronia ciliaris var. polycarpa;(Müll. Hal.) Mitt.;-8.496805;-40.938805;E.M.B. Nunes;73;Campelo, M.J.A;51536;HVASF;UNIVASF;38126;106
GBIF;Bryophyta;Sematophyllaceae;Brittonodoxa subpinnata;(Müll. Hal.) Mitt.;-3.854444;-40.921111;Vital, D.M.;1323;Vital, D.M.;64204;SP-BRYOPHYTA;IBt;38705;107
GBIF;Bryophyta;Sematophyllaceae;Brittonodoxa subpinnata;(Müll. Hal.) Mitt.;-3.854444;-40.921111;Vital, D.M.;1327;Vital, D.M.;64182;SP-BRYOPHYTA;IBt;38705;107
GBIF;Marchantiophyta;Corsiniaceae;Cronisia weddellii;(Müll. Hal.) Mitt.;-3.846219184;-40.90713383;Vital, D. M.;1329;Vital, D. M.;133013;SP-BRYOPHYTA;IBt;38705;107
GBIF;Marchantiophyta;Corsiniaceae;Cronisia weddellii;(Müll. Hal.) Mitt.;-3.846219184;-40.90713383;Vital, D. M.;1330;Vital, D. M.;131870;SP-BRYOPHYTA;IBt;38705;107
GBIF;Marchantiophyta;Cyathodiaceae;Cyathodium cavernarum;(Müll. Hal.) Mitt.;-3.854444;-40.921111;Vital, D. M.;1338;Vital, D. M.;87076;SP-BRYOPHYTA;IBt;38705;107
GBIF;Marchantiophyta;Frullaniaceae;Frullania dusenii;(Müll. Hal.) Mitt.;-3.846219184;-40.90713383;Vital, D. M.;1331;Siqueira, S. M. C.;123770;SP-BRYOPHYTA;IBt;38705;107
GBIF;Marchantiophyta;Frullaniaceae;Frullania ericoides;(Müll. Hal.) Mitt.;-3.854444;-40.921111;Vital, D. M.;1325;Vital, D. M.;70210;SP-BRYOPHYTA;IBt;38705;107
GBIF;Bryophyta;Orthotrichaceae;Groutiella tomentosa;(Müll. Hal.) Mitt.;-3.854444;-40.921111;Vital, D.M.;1322;Vital, D.M.;96464;SP-BRYOPHYTA;IBt;38705;107
GBIF;Bryophyta;Pterobryaceae;Henicodium geniculatum;(Müll. Hal.) Mitt.;-3.854444;-40.921111;Vital, D.M.;1324;Vital, D.M.;79176;SP-BRYOPHYTA;IBt;38705;107
GBIF;Marchantiophyta;Lejeuneaceae;Lejeunea laetevirens;(Müll. Hal.) Mitt.;-3.854444;-40.921111;Vital, D. M.;1326;Vital, D. M.;79080;SP-BRYOPHYTA;IBt;38705;107
GBIF;Marchantiophyta;Lejeuneaceae;Lejeunea laetevirens;(Müll. Hal.) Mitt.;-3.846219184;-40.90713383;Vital, D. M.;1333;Vital, D. M.;79079;SP-BRYOPHYTA;IBt;38705;107
GBIF;Marchantiophyta;Ricciaceae;Riccia oerstediana;(Müll. Hal.) Mitt.;-3.846219184;-40.90713383;Vital, D. M.;1337;Vital, D. M.;84979D;SP-BRYOPHYTA;IBt;38705;107
GBIF;Marchantiophyta;Pallaviciniaceae;Symphyogyna aspera;(Müll. Hal.) Mitt.;-3.846219184;-40.90713383;Vital, D. M.;1339;Vital, D. M.;88408;SP-BRYOPHYTA;IBt;38705;107
GBIF;Marchantiophyta;Pallaviciniaceae;Symphyogyna aspera;(Müll. Hal.) Mitt.;-3.846219184;-40.90713383;Vital, D. M.;1336;Vital, D. M.;88408;SP-BRYOPHYTA;IBt;38705;107
GBIF;Marchantiophyta;Frullaniaceae;Frullania glomerata;(Müll. Hal.) Mitt.;-3.833193419;-40.900224;Vital, D. M.;1335;Vital, D. M.;96487;SP-BRYOPHYTA;IBt;38706;108
GBIF;Bryophyta;Pterobryaceae;Henicodium geniculatum;(Müll. Hal.) Mitt.;-3.840476104;-40.91651441;Vilas Boas-Bastos, SB;s/n;Vilas Boas-Bastos, SB;79185;ALCB;UFBA;38706;108
GBIF;Bryophyta;Pottiaceae;Hyophila involuta;(Müll. Hal.) Mitt.;-3.840694;-40.907917;Loiola, M.I.B.;1501;Faria, A.L. A.;61641;EAC;UFC;38706;108
GBIF;Bryophyta;Pottiaceae;Hyophila involuta;(Müll. Hal.) Mitt.;-3.840556;-40.908056;"Loiola, M.I.B.;Soares Neto, R.L.,Nogueira, C.";1501;Faria, A.L. A.;79558;EAC;UFC;38706;108
GBIF;Bryophyta;Pottiaceae;Hyophila involuta;(Müll. Hal.) Mitt.;-3.833311172;-40.900224;Vital, D.M.;1332;Vital, D.M.;70147;SP-BRYOPHYTA;IBt;38706;108
GBIF;Bryophyta;Pterobryaceae;Orthostichopsis praetermissa;(Müll. Hal.) Mitt.;-3.840476104;-40.91651441;Oliveira, HC;1210;Vilas Boas-Bastos, SB;76277;ALCB;UFBA;38706;108
GBIF;Marchantiophyta;Plagiochilaceae;Plagiochila raddiana;(Müll. Hal.) Mitt.;-3.840476104;-40.91651441;Vilas Boas-Bastos, SB;s/n;Guerra, R;191160;ALCB;UFBA;38706;108
GBIF;Bryophyta;Rutenbergiaceae;Pseudocryphaea domingensis;(Müll. Hal.) Mitt.;-3.840476104;-40.91651441;Vilas Boas-Bastos, SB;s/n;Guerra, R;76019;ALCB;UFBA;38706;108
GBIF;Bryophyta;Racopilaceae;Racopilum tomentosum;(Müll. Hal.) Mitt.;-3.845278;-40.913056;"Loiola, MIB; et al.";1800;Camara, P.E.A.S.;75876;UB;UNB;38706;108
GBIF;Marchantiophyta;Ricciaceae;Riccia planobiconvexa;(Müll. Hal.) Mitt.;-3.833193419;-40.900224;Vital, D. M.;1334;Peralta, D. F.;84973C;SP-BRYOPHYTA;IBt;38706;108
GBIF;Bryophyta;Calymperaceae;Syrrhopodon prolifer;(Müll. Hal.) Mitt.;-3.840476104;-40.91651441;Vilas Boas-Bastos, SB;s/n;Guerra, R;88395;ALCB;UFBA;38706;108
GBIF;Bryophyta;Pylaisiadelphaceae;Wijkia flagellifera;(Müll. Hal.) Mitt.;-3.841944;-40.909722;"Loiola, M.I.B.;Soares Neto, R.L.,Nogueira, C.";1487;Camara, P.E.A.S.;190325;EAC;UFC;38706;108
GBIF;Bryophyta;Pylaisiadelphaceae;Wijkia flagellifera;(Müll. Hal.) Mitt.;-3.841917;-40.90975;Loiola, M.I.B.;1487;Camara, P.E.A.S.;190328;EAC;UFC;38706;108
GBIF;Marchantiophyta;Lejeuneaceae;Cheilolejeunea rigidula;(Müll. Hal.) Mitt.;-3.7975;-40.905;Bastos, C;5341;Bastos, C.;137678;ALCB;UFBA;38707;109
GBIF;Marchantiophyta;Lejeuneaceae;Cheilolejeunea rigidula;(Müll. Hal.) Mitt.;-3.7975;-40.905;Bastos, C;5347;Bastos, C.;135093;ALCB;UFBA;38707;109
GBIF;Marchantiophyta;Lejeuneaceae;Cheilolejeunea rigidula;(Müll. Hal.) Mitt.;-3.7975;-40.905;Bastos, C;5343;Bastos, C.;135091;ALCB;UFBA;38707;109
GBIF;Marchantiophyta;Lejeuneaceae;Cheilolejeunea rigidula;(Müll. Hal.) Mitt.;-3.7975;-40.905;Bastos, C;5337a;Bastos, C.;135092;ALCB;UFBA;38707;109
GBIF;Marchantiophyta;Lejeuneaceae;Cheilolejeunea rigidula;(Müll. Hal.) Mitt.;-3.7975;-40.905;Bastos, C;5335;Bastos, C.;135090;ALCB;UFBA;38707;109
GBIF;Marchantiophyta;Lejeuneaceae;Cheilolejeunea rigidula;(Müll. Hal.) Mitt.;-3.7975;-40.905;Bastos, C;s/n;Bastos, C.;135089;ALCB;UFBA;38707;109
GBIF;Marchantiophyta;Lejeuneaceae;Cheilolejeunea rigidula;(Müll. Hal.) Mitt.;-3.7975;-40.905;Bastos, C;5330;Bastos, C.;133003;ALCB;UFBA;38707;109
GBIF;Marchantiophyta;Lejeuneaceae;Cheilolejeunea xanthocarpa;(Müll. Hal.) Mitt.;-3.7975;-40.905;Bastos, C;s/n;Bastos, C.;131875;ALCB;UFBA;38707;109
GBIF;Marchantiophyta;Lejeuneaceae;Lejeunea flava;(Müll. Hal.) Mitt.;-3.7975;-40.905;Bastos, C;s/n;Bastos, C.;79565;ALCB;UFBA;38707;109
GBIF;Bryophyta;Archidiaceae;Archidium ohioense;(Müll. Hal.) Mitt.;-11.180556;-40.818333;Vital, D. M.;8072;Vital, D. M.;089595;SP-BRYOPHYTA;IBt;39697;110
GBIF;Bryophyta;Archidiaceae;Archidium clavatum;(Müll. Hal.) Mitt.;-11.05;-40.816667;Vital, D.M.;8075;Vital, D.M.;RB00920270;SP-BRYOPHYTA;IBt;39701;111
GBIF;Bryophyta;Fabroniaceae;Fabronia ciliaris;(Müll. Hal.) Mitt.;-11.05;-40.816667;Vital, D.M.;8077;Vital, D.M.;51534;SP-BRYOPHYTA;IBt;39701;111
GBIF;Bryophyta;Orthotrichaceae;Groutiella apiculata;(Müll. Hal.) Mitt.;-11.05;-40.816667;Vital, D.M.;8078;Vital, D.M.;72494;SP-BRYOPHYTA;IBt;39701;111
GBIF;Bryophyta;Pottiaceae;Tortella humilis;(Müll. Hal.) Mitt.;-11.05;-40.816667;Vital, D.M.;8079;Vital, D.M.;090236;SP-BRYOPHYTA;IBt;39701;111
GBIF;Bryophyta;Sematophyllaceae;Microcalpe subsimplex;(Müll. Hal.) Mitt.;-9.455278;-40.823333;"Irwin, HS; Harley, RM; Smith, GL";0108533251;Steere, W. C.;16993;UB;UNB;39757;112
GBIF;Bryophyta;Polytrichaceae;Pogonatum pensilvanicum;(Müll. Hal.) Mitt.;-9.455278;-40.823333;Gargioni, MCC;0140846;Yano, O;191494;UB;UNB;39757;112
GBIF;Bryophyta;Archidiaceae;Archidium julicaule;(Müll. Hal.) Mitt.;-7.084722;-40.825556;Vital, D. M.;2928;Vital, D. M.;204698;SP-BRYOPHYTA;IBt;39840;113
GBIF;Marchantiophyta;Corsiniaceae;Cronisia weddellii;(Müll. Hal.) Mitt.;-7.084722;-40.825556;Vital, D. M.;2928;Vital, D. M.;133022;SP-BRYOPHYTA;IBt;39840;113
GBIF;Marchantiophyta;Corsiniaceae;Cronisia weddellii;(Müll. Hal.) Mitt.;-7.084722;-40.825556;Vital, D. M.;2927;Vital, D. M.;131848;SP-BRYOPHYTA;IBt;39840;113
GBIF;Marchantiophyta;Ricciaceae;Riccia vitalii;(Müll. Hal.) Mitt.;-7.084722;-40.825556;Vital, D. M.;2928;Vital, D. M.;85006C;SP-BRYOPHYTA;IBt;39840;113
GBIF;Bryophyta;Fissidentaceae;Fissidens lagenarius var. muriculatus;(Müll. Hal.) Mitt.;-3.1;-40.833333;M. Bandeira;693;Pursell, R. A.;77956;MOBOT;MO;39978;114
GBIF;Bryophyta;Leucobryaceae;Atractylocarpus brasiliensis;(Müll. Hal.) Mitt.;-11.71033453;-40.78209074;Vital, D.M.;6019;"Yano, O.; Peralta, D.F.";089601;SP-BRYOPHYTA;IBt;40505;115
GBIF;Bryophyta;Leucobryaceae;Campylopus savannarum;(Müll. Hal.) Mitt.;-11.71033453;-40.78209074;Vital, D.M.;6025;Peralta, D. F.;119483;SP-BRYOPHYTA;IBt;40505;115
GBIF;Bryophyta;Leucobryaceae;Campylopus trachyblepharon;(Müll. Hal.) Mitt.;-11.71033453;-40.78209074;Vital, D.M.;6026;Peralta, D. F.;119503;SP-BRYOPHYTA;IBt;40505;115
GBIF;Marchantiophyta;Lejeuneaceae;Cheilolejeunea conchifolia;(Müll. Hal.) Mitt.;-11.71033453;-40.78209074;Vital, D. M.;6038;Vital, D. M.;119769;SP-BRYOPHYTA;IBt;40505;115
GBIF;Marchantiophyta;Lejeuneaceae;Cheilolejeunea xanthocarpa;(Müll. Hal.) Mitt.;-11.71033453;-40.78209074;Vital, D. M.;6034;Peralta, D. F.;135086;SP-BRYOPHYTA;IBt;40505;115
GBIF;Marchantiophyta;Frullaniaceae;Frullania caulisequa;(Müll. Hal.) Mitt.;-11.71033453;-40.78209074;Vital, D. M.;6036;Vital, D. M.;70194;SP-BRYOPHYTA;IBt;40505;115
GBIF;Bryophyta;Sematophyllaceae;Microcalpe subsimplex;(Müll. Hal.) Mitt.;-11.71033453;-40.78209074;Vital, D.M.;6028;Yano, O.;146847;SP-BRYOPHYTA;IBt;40505;115
GBIF;Bryophyta;Sematophyllaceae;Microcalpe subsimplex;(Müll. Hal.) Mitt.;-11.71033453;-40.78209074;Vital, D.M.;6029;Yano, O.;146848;SP-BRYOPHYTA;IBt;40505;115
GBIF;Bryophyta;Leucobryaceae;Ochrobryum gardneri;(Müll. Hal.) Mitt.;-11.71033453;-40.78209074;Vital, D.M.;6021;Vital, D.M.;191421;SP-BRYOPHYTA;IBt;40505;115
GBIF;Marchantiophyta;Cephaloziaceae;Odontoschisma denudatum;(Müll. Hal.) Mitt.;-11.71033453;-40.78209074;Vital, D. M.;6035;Vital, D. M.;RB00589081;SP-BRYOPHYTA;IBt;40505;115
GBIF;Bryophyta;Orthotrichaceae;Schlotheimia rugifolia;(Müll. Hal.) Mitt.;-11.71033453;-40.78209074;Vital, D.M.;6022;Peralta, D. F.;84925B;SP-BRYOPHYTA;IBt;40505;115
GBIF;Bryophyta;Taxiphyllaceae;Taxiphyllum taxirameum;(Müll. Hal.) Mitt.;-11.71033453;-40.78209074;Vital, D.M.;6023;Peralta, D. F.;190338;SP-BRYOPHYTA;IBt;40505;115
GBIF;Bryophyta;Pottiaceae;Tortella humilis;(Müll. Hal.) Mitt.;-11.71033453;-40.78209074;Vital, D.M.;6027;Peralta, D. F.;19261;SP-BRYOPHYTA;IBt;40505;115
GBIF;Marchantiophyta;Cephaloziaceae;Odontoschisma variabile;(Müll. Hal.) Mitt.;-11.737318;-40.744597;Vital, D. M.;6035;Fulford, M. H.;27173;CINC;CINC;40919;116
GBIF;Marchantiophyta;Cephaloziellaceae;Cephaloziopsis intertexta;(Müll. Hal.) Mitt.;-11.113889;-40.651667;Vital, D. M.;8083;Vital, D. M.;119685-A;SP-BRYOPHYTA;IBt;42182;117
GBIF;Marchantiophyta;Lepidoziaceae;Telaranea nematodes;(Müll. Hal.) Mitt.;-11.113889;-40.651667;Vital, D. M.;8083;Vital, D. M.;14020;SP-BRYOPHYTA;IBt;42182;117
GBIF;Bryophyta;Leucobryaceae;Campylopus lamellinervis;(Müll. Hal.) Mitt.;-11.0961;-40.666485;"Harley, R.M.; et al.";7506;"Yano, O.; Peralta, D.F.; Bordin, J. (2010)";119580;SP-BRYOPHYTA;IBt;42183;118
GBIF;Bryophyta;Leucobryaceae;Campylopus occultus;(Müll. Hal.) Mitt.;-11.1;-40.65;Vital, D.M.;8086;Vital, D.M.;119357;SP-BRYOPHYTA;IBt;42183;118
GBIF;Bryophyta;Leucobryaceae;Campylopus uleanus;Müll. Hal.;-11.1;-40.65;Vital, D.M.;8089;Frahm, J.-.P.;119439;SP-BRYOPHYTA;IBt;42183;118
GBIF;Bryophyta;Octoblepharaceae;Octoblepharum cocuiense;Müll. Hal.;-11.1;-40.65;Vital, D.M.;8088;Yano, O.;191298;SP-BRYOPHYTA;IBt;42183;118
GBIF;Bryophyta;Octoblepharaceae;Octoblepharum cocuiense;(Mitt.) A. Jaeger;-11.1;-40.65;Vital, D.M.;8082;Yano, O.;191303;SP-BRYOPHYTA;IBt;42183;118
GBIF;Bryophyta;Mniaceae;Pohlia papillosa;(Mitt.) A. Jaeger;-11.1;-40.65;Vital, D.M.;8087;Vital, D.M.;191496;SP-BRYOPHYTA;IBt;42183;118
GBIF;Bryophyta;Sphagnaceae;Sphagnum contortulum;(Mitt.) A. Jaeger;-11.1;-40.65;Vital, D.M.;8080;Costa, D. P.;84881B;PC;MNHN;42183;118
GBIF;Bryophyta;Sphagnaceae;Sphagnum vitalii;(Mitt.) A. Jaeger;-11.1;-40.65;Vital, D.M.;8081;Costa, D.P.;84905;CESJ;UFJF;42183;118
GBIF;Bryophyta;Calymperaceae;Syrrhopodon prolifer;(Mitt.) A. Jaeger;-11.1;-40.65;Vital, D.M.;8085;Vital, D.M.;191265;SP-BRYOPHYTA;IBt;42183;118
GBIF;Marchantiophyta;Lepidoziaceae;Telaranea nematodes;(Mitt.) A. Jaeger;-11.097222;-40.651667;Vital, D. M.;8084a;Vital, D. M.;13755;SP-BRYOPHYTA;IBt;42183;118
GBIF;Bryophyta;Archidiaceae;Archidium julicaule;(Mitt.) A. Jaeger;-7.088056;-40.616389;Vital, D. M.;2925;Vital, D. M.;50117;SP-BRYOPHYTA;IBt;42736;119
GBIF;Marchantiophyta;Corsiniaceae;Cronisia fimbriata;(Mitt.) A. Jaeger;-7.088056;-40.616389;Vital, D. M.;2924;Vital, D. M.;132082;SP-BRYOPHYTA;IBt;42736;119
GBIF;Marchantiophyta;Corsiniaceae;Cronisia weddellii;(Mitt.) A. Jaeger;-7.088056;-40.616389;Vital, D. M.;2926;Vital, D. M.;133023;SP-BRYOPHYTA;IBt;42736;119
GBIF;Marchantiophyta;Ricciaceae;Riccia vitalii;(Müll. Hal.) Mitt.;-7.088056;-40.616389;Vital, D. M.;2925;Vital, D. M.;85001C;SP-BRYOPHYTA;IBt;42736;119
GBIF;Bryophyta;Leucobryaceae;Atractylocarpus brasiliensis;(Müll. Hal.) Mitt.;-11.730278;-40.555278;Vital, D.M.;6010;"Yano, O.; Peralta, D.F.";089596;SP-BRYOPHYTA;IBt;43400;120
GBIF;Bryophyta;Sematophyllaceae;Microcalpe subsimplex;(Müll. Hal.) Mitt.;-11.730278;-40.555278;Vital, D.M.;6015;Yano, O.;90106173;SP-BRYOPHYTA;IBt;43400;120
GBIF;Bryophyta;Sematophyllaceae;Microcalpe subsimplex;(Müll. Hal.) Mitt.;-11.730278;-40.555278;Vital, D.M.;6016;Yano, O.;146849;SP-BRYOPHYTA;IBt;43400;120
GBIF;Bryophyta;Leucobryaceae;Ochrobryum gardneri;(Müll. Hal.) Mitt.;-11.730278;-40.555278;Vital, D.M.;6011;Vital, D.M.;PC0728205;SP-BRYOPHYTA;IBt;43400;120
GBIF;Bryophyta;Stereophyllaceae;Pilosium chlorophyllum;(Müll. Hal.) Mitt.;-11.730278;-40.555278;Vital, D.M.;6012;Peralta, D. F.;TAA5016650;SP-BRYOPHYTA;IBt;43400;120
GBIF;Bryophyta;Orthotrichaceae;Schlotheimia rugifolia;(Müll. Hal.) Mitt.;-11.730278;-40.555278;Vital, D.M.;6013;Peralta, D. F.;84923C;SP-BRYOPHYTA;IBt;43400;120
GBIF;Bryophyta;Brachytheciaceae;Zelometeorium patulum;(Müll. Hal.) Mitt.;-11.730278;-40.555278;Vital, D.M.;6014;Visnadi, S.R.;111524;SP-BRYOPHYTA;IBt;43400;120
GBIF;Marchantiophyta;Lejeuneaceae;Anoplolejeunea conferta;(Müll. Hal.) Mitt.;-12.408333;-40.535833;Bastos, C;5579;Bastos, C.;137627;ALCB;UFBA;43789;121
GBIF;Marchantiophyta;Lejeuneaceae;Anoplolejeunea conferta;(Müll. Hal.) Mitt.;-12.408333;-40.535833;Freitas, R de;72;Bastos, C.;137622;ALCB;UFBA;43789;121
GBIF;Marchantiophyta;Lejeuneaceae;Anoplolejeunea conferta;(Müll. Hal.) Mitt.;-12.408333;-40.535833;Freitas, R de;69;Bastos, C.;137624;ALCB;UFBA;43789;121
GBIF;Marchantiophyta;Lejeuneaceae;Anoplolejeunea conferta;(Müll. Hal.) Mitt.;-12.408333;-40.535833;Freitas, R de;83;Bastos, C.;132988;ALCB;UFBA;43789;121
GBIF;Marchantiophyta;Lejeuneaceae;Anoplolejeunea conferta;(Müll. Hal.) Mitt.;-12.408333;-40.535833;Rodrigues, K;78;Bastos, C.;132986;ALCB;UFBA;43789;121
GBIF;Marchantiophyta;Lejeuneaceae;Anoplolejeunea conferta;(Müll. Hal.) Mitt.;-12.408333;-40.535833;Rodrigues, K;75;Bastos, C.;132989;ALCB;UFBA;43789;121
GBIF;Marchantiophyta;Lejeuneaceae;Anoplolejeunea conferta;(Müll. Hal.) Mitt.;-12.408333;-40.535833;Rodrigues, K;80;Bastos, C.;137623;ALCB;UFBA;43789;121
GBIF;Marchantiophyta;Lejeuneaceae;Anoplolejeunea conferta;(Müll. Hal.) Mitt.;-12.408333;-40.535833;Rodrigues, K;56;Bastos, C.;70630;ALCB;UFBA;43789;121
GBIF;Marchantiophyta;Lejeuneaceae;Anoplolejeunea conferta;(Müll. Hal.) Mitt.;-12.408333;-40.535833;Rodrigues, K;s/n;Bastos, C.;137626;ALCB;UFBA;43789;121
GBIF;Marchantiophyta;Lejeuneaceae;Anoplolejeunea conferta;(Müll. Hal.) Mitt.;-12.408333;-40.535833;Sara, A;123;Bastos, C.;137625;ALCB;UFBA;43789;121
GBIF;Marchantiophyta;Lejeuneaceae;Anoplolejeunea conferta;(Müll. Hal.) Mitt.;-12.408333;-40.535833;Bastos, C;5583;Boas-Bastos, S. B. V;132995;ALCB;UFBA;43789;121
GBIF;Marchantiophyta;Lejeuneaceae;Anoplolejeunea conferta;(Müll. Hal.) Broth.;-12.408333;-40.535833;Rodrigues, K;49;Boas-Bastos, S. B. V;132991;ALCB;UFBA;43789;121
GBIF;Marchantiophyta;Lejeuneaceae;Anoplolejeunea conferta;(Müll. Hal.) Broth.;-12.408333;-40.535833;Rodrigues, K;66;Boas-Bastos, S. B. V;132993;ALCB;UFBA;43789;121
GBIF;Marchantiophyta;Lejeuneaceae;Anoplolejeunea conferta;(Gottsche) A. Evans;-12.408333;-40.535833;Santos, IAM;50;Boas-Bastos, S. B. V;132994;ALCB;UFBA;43789;121
GBIF;Marchantiophyta;Lejeuneaceae;Anoplolejeunea conferta;(Gottsche) A. Evans;-12.408333;-40.535833;Santos, IAM;62;Boas-Bastos, S. B. V;132992;ALCB;UFBA;43789;121
GBIF;Marchantiophyta;Lejeuneaceae;Anoplolejeunea conferta;(Spruce) Fulford;-12.408333;-40.535833;Sara, A;92;Boas-Bastos, S. B. V;132991;ALCB;UFBA;43789;121
GBIF;Marchantiophyta;Lejeuneaceae;Anoplolejeunea conferta;(Gottsche) R.M. Schust.;-12.408333;-40.535833;Rodrigues, K;86;Bastos, C.;137635;ALCB;UFBA;43789;121
GBIF;Marchantiophyta;Lejeuneaceae;Anoplolejeunea conferta;(Lindenb.) Steph.;-12.408333;-40.535833;Rodrigues, K;76;Bastos, C.;137629;ALCB;UFBA;43789;121
GBIF;Marchantiophyta;Lejeuneaceae;Anoplolejeunea conferta;(Mont.) Schiffn.;-12.408333;-40.535833;Bastos, C;5568;Boas-Bastos, S. B. V;137632;ALCB;UFBA;43789;121
GBIF;Marchantiophyta;Lejeuneaceae;Anoplolejeunea conferta;(Nees & Mont.) Steph.;-12.408333;-40.535833;Bastos, C;5592;Boas-Bastos, S. B. V;137638;ALCB;UFBA;43789;121
GBIF;Marchantiophyta;Lejeuneaceae;Anoplolejeunea conferta;(Austin) R.M. Schust.;-12.408333;-40.535833;Rodrigues, K;52;Boas-Bastos, S. B. V;137637;ALCB;UFBA;43789;121
GBIF;Marchantiophyta;Lejeuneaceae;Anoplolejeunea conferta;(Nees) Grolle;-12.4;-40.533333;Vilas Boas-Bastos, SB;2615;Boas-Bastos, S. B. V;137631;ALCB;UFBA;43789;121
GBIF;Marchantiophyta;Lejeuneaceae;Anoplolejeunea conferta;(Nees) Grolle;-12.4;-40.533333;Vilas Boas-Bastos, SB;2616;Boas-Bastos, S. B. V;137636;ALCB;UFBA;43789;121
GBIF;Bryophyta;Sematophyllaceae;Brittonodoxa subpinnata;(Nees) Grolle;-12.408333;-40.535833;Sara, A;106;Bastos, C.;84923;ALCB;UFBA;43789;121
GBIF;Bryophyta;Sematophyllaceae;Brittonodoxa subpinnata;(Nees) Grolle;-12.408333;-40.535833;Freitas, R de;131;Bastos, C.;84455;ALCB;UFBA;43789;121
GBIF;Bryophyta;Sematophyllaceae;Brittonodoxa subpinnata;(Nees) Grolle;-12.408333;-40.535833;Bastos, C;5580;Bastos, C.;84275;ALCB;UFBA;43789;121
GBIF;Bryophyta;Sematophyllaceae;Brittonodoxa subpinnata;(Nees) Grolle;-12.408333;-40.535833;Sara, A;s/n;Bastos, C.;84234;ALCB;UFBA;43789;121
GBIF;Bryophyta;Sematophyllaceae;Brittonodoxa subpinnata;(Kunze ex Lehm.) Grolle;-12.408333;-40.535833;Freitas, R de;95-A;Freitas, R de;RB00667330;ALCB;UFBA;43789;121
GBIF;Bryophyta;Sematophyllaceae;Brittonodoxa subpinnata;(Kunze ex Lehm.) Grolle;-12.408333;-40.535833;Sara, A;100;Vilas Boas-Bastos, SB;84517;ALCB;UFBA;43789;121
GBIF;Bryophyta;Sematophyllaceae;Brittonodoxa subpinnata;(Kunze ex Lehm.) Grolle;-12.408333;-40.535833;Vilas Boas-Bastos, SB;2623;Vilas Boas-Bastos, SB;64127;ALCB;UFBA;43789;121
GBIF;Bryophyta;Sematophyllaceae;Brittonodoxa subpinnata;(Kunze ex Lehm.) Grolle;-12.408333;-40.535833;Sara, A;110;Vilas Boas-Bastos, SB;84265;ALCB;UFBA;43789;121
GBIF;Bryophyta;Sematophyllaceae;Brittonodoxa subpinnata;(Kunze ex Lehm.) Grolle;-12.408333;-40.535833;Vilas Boas-Bastos, SB;2620;Vilas Boas-Bastos, SB;64150;ALCB;UFBA;43789;121
GBIF;Bryophyta;Sematophyllaceae;Brittonodoxa subpinnata;(Kunze ex Lehm.) Grolle;-12.408333;-40.535833;Vilas Boas-Bastos, SB;2622;Vilas Boas-Bastos, SB;64189;ALCB;UFBA;43789;121
GBIF;Bryophyta;Sematophyllaceae;Brittonodoxa subpinnata;(Kunze ex Lehm.) Grolle;-12.408333;-40.535833;Vilas Boas-Bastos, SB;2634;Vilas Boas-Bastos, SB;64245;ALCB;UFBA;43789;121
GBIF;Bryophyta;Sematophyllaceae;Brittonodoxa subpinnata;(Kunze ex Lehm.) Grolle;-12.408333;-40.535833;Vilas Boas-Bastos, SB;2638;Vilas Boas-Bastos, SB;64184;ALCB;UFBA;43789;121
GBIF;Bryophyta;Sematophyllaceae;Brittonodoxa subpinnata;(Kunze ex Lehm.) Grolle;-12.408333;-40.535833;Bastos, C;5582;Vilas Boas-Bastos, SB;64253;ALCB;UFBA;43789;121
GBIF;Bryophyta;Sematophyllaceae;Brittonodoxa subpinnata;(Kunze ex Lehm.) Grolle;-12.408333;-40.535833;Sara, A;79;Vilas Boas-Bastos, SB;64244;ALCB;UFBA;43789;121
GBIF;Bryophyta;Sematophyllaceae;Brittonodoxa subpinnata;(Kunze ex Lehm.) Grolle;-12.4;-40.533333;Vilas Boas-Bastos, SB;2613;Vilas Boas-Bastos, SB;64236;ALCB;UFBA;43789;121
GBIF;Marchantiophyta;Lejeuneaceae;Bryopteris diffusa;(Kunze ex Lehm.) Grolle;-12.408333;-40.535833;Bastos, C;5550;Boas-Bastos, S. B. V;64180;ALCB;UFBA;43789;121
GBIF;Marchantiophyta;Lejeuneaceae;Bryopteris diffusa;(Kunze ex Lehm.) Grolle;-12.408333;-40.535833;Santos, IAM;61;Boas-Bastos, S. B. V;84471;ALCB;UFBA;43789;121
GBIF;Marchantiophyta;Lejeuneaceae;Bryopteris diffusa;(Kunze ex Lehm.) Grolle;-12.408333;-40.535833;Vilas Boas-Bastos, SB;2628;Boas-Bastos, S. B. V;64123;ALCB;UFBA;43789;121
GBIF;Marchantiophyta;Lejeuneaceae;Bryopteris diffusa;(Kunze ex Lehm.) Grolle;-12.408333;-40.535833;Vilas Boas-Bastos, SB;2631;Boas-Bastos, S. B. V;61194;ALCB;UFBA;43789;121
GBIF;Marchantiophyta;Lejeuneaceae;Bryopteris diffusa;(Kunze ex Lehm.) Grolle;-12.408333;-40.535833;Bastos, C;5589;Boas-Bastos, S. B. V;64200;ALCB;UFBA;43789;121
GBIF;Bryophyta;Callicostaceae;Callicostella pallida;(Kunze ex Lehm.) Grolle;-12.408333;-40.535833;Freitas, R de;123;Bastos, C.;18254;ALCB;UFBA;43789;121
GBIF;Bryophyta;Callicostaceae;Callicostella pallida;(Kunze ex Lehm.) Grolle;-12.408333;-40.535833;Rodrigues, K;81;Bastos, C.;29421;ALCB;UFBA;43789;121
GBIF;Bryophyta;Callicostaceae;Callicostella pallida;(Kunze ex Lehm.) Grolle;-12.408333;-40.535833;Freitas, R de;116;Freitas, R de;29423;ALCB;UFBA;43789;121
GBIF;Bryophyta;Callicostaceae;Callicostella pallida;(Kunze ex Lehm.) Grolle;-12.408333;-40.535833;Freitas, R de;118;Bastos, C.;29467;ALCB;UFBA;43789;121
GBIF;Bryophyta;Callicostaceae;Callicostella pallida;(Kunze ex Lehm.) Grolle;-12.408333;-40.535833;Rodrigues, K;58;Bastos, C.;29433;ALCB;UFBA;43789;121
GBIF;Bryophyta;Callicostaceae;Callicostella pallida;(Gradst. & Schäf.-Verw.) W. Ye & R.L. Zhu;-12.408333;-40.535833;Bastos, C;5546;Vilas Boas-Bastos, SB;28267;ALCB;UFBA;43789;121
GBIF;Bryophyta;Callicostaceae;Callicostella pallida;(Gradst. & Schäf.-Verw.) W. Ye & R.L. Zhu;-12.408333;-40.535833;Bastos, C;5574;Vilas Boas-Bastos, SB;29419;ALCB;UFBA;43789;121
GBIF;Bryophyta;Callicostaceae;Callicostella rufescens;(Gradst. & Schäf.-Verw.) W. Ye & R.L. Zhu;-12.408333;-40.535833;Vilas Boas-Bastos, SB;2633;Vilas Boas-Bastos, SB;29420;ALCB;UFBA;43789;121
GBIF;Bryophyta;Callicostaceae;Callicostella rufescens;(Gradst. & Schäf.-Verw.) W. Ye & R.L. Zhu;-12.4;-40.533333;Sara, A;113;Bastos, C.;28264;ALCB;UFBA;43789;121
GBIF;Bryophyta;Leucobryaceae;Campylopus filifolius;(Gradst. & Schäf.-Verw.) W. Ye & R.L. Zhu;-12.408333;-40.535833;Santos, IAM;63;Vilas Boas-Bastos, SB;119731;ALCB;UFBA;43789;121
GBIF;Bryophyta;Leucobryaceae;Campylopus filifolius;(Gradst. & Schäf.-Verw.) W. Ye & R.L. Zhu;-12.408333;-40.535833;Vilas Boas-Bastos, SB;2637;Vilas Boas-Bastos, SB;119514;ALCB;UFBA;43789;121
GBIF;Bryophyta;Leucobryaceae;Campylopus filifolius;(A. Evans) W. Ye & R.L. Zhu;-12.408333;-40.535833;Freitas, R de;125;Freitas, R de;119256;ALCB;UFBA;43789;121
GBIF;Bryophyta;Leucobryaceae;Campylopus filifolius var. humilis;(A. Evans) W. Ye & R.L. Zhu;-12.408333;-40.535833;Freitas, R de;106;Bastos, C.;119596;ALCB;UFBA;43789;121
GBIF;Bryophyta;Leucobryaceae;Campylopus filifolius var. humilis;(A. Evans) W. Ye & R.L. Zhu;-12.408333;-40.535833;Freitas, R de;64;Bastos, C.;119543;ALCB;UFBA;43789;121
GBIF;Bryophyta;Leucobryaceae;Campylopus filifolius var. humilis;(A. Evans) W. Ye & R.L. Zhu;-12.408333;-40.535833;Freitas, R de;67;Bastos, C.;119615;ALCB;UFBA;43789;121
GBIF;Bryophyta;Leucobryaceae;Campylopus filifolius var. humilis;(A. Evans) W. Ye & R.L. Zhu;-12.408333;-40.535833;Freitas, R de;75;Bastos, C.;119651;ALCB;UFBA;43789;121
GBIF;Bryophyta;Leucobryaceae;Campylopus filifolius var. humilis;(A. Evans) W. Ye & R.L. Zhu;-12.408333;-40.535833;Santos, IAM;52;Vilas Boas-Bastos, SB;119326;ALCB;UFBA;43789;121
GBIF;Bryophyta;Leucobryaceae;Campylopus filifolius var. humilis;(A. Evans) W. Ye & R.L. Zhu;-12.408333;-40.535833;Bastos, C;5567;Vilas Boas-Bastos, SB;119650;ALCB;UFBA;43789;121
GBIF;Bryophyta;Leucobryaceae;Campylopus filifolius var. humilis;(A. Evans) W. Ye & R.L. Zhu;-12.408333;-40.535833;Bastos, C;5600;Bastos, C.;119366;ALCB;UFBA;43789;121
GBIF;Bryophyta;Leucobryaceae;Campylopus surinamensis;(A. Evans) W. Ye & R.L. Zhu;-12.408333;-40.535833;Sara, A;s/n;Vilas Boas-Bastos, SB;119339;ALCB;UFBA;43789;121
GBIF;Bryophyta;Leucobryaceae;Campylopus trachyblepharon;(A. Evans) W. Ye & R.L. Zhu;-12.408333;-40.535833;Sara, A;103;Vilas Boas-Bastos, SB;119647;ALCB;UFBA;43789;121
GBIF;Bryophyta;Leucobryaceae;Campylopus trachyblepharon;(A. Evans) W. Ye & R.L. Zhu;-12.408333;-40.535833;Vilas Boas-Bastos, SB;2643;Vilas Boas-Bastos, SB;119629;ALCB;UFBA;43789;121
GBIF;Marchantiophyta;Lejeuneaceae;Cheilolejeunea conchifolia;(A. Evans) W. Ye & R.L. Zhu;-12.408333;-40.535833;Freitas, R de;59;Bastos, C.;119496;ALCB;UFBA;43789;121
GBIF;Marchantiophyta;Lejeuneaceae;Cheilolejeunea conchifolia;(A. Evans) W. Ye & R.L. Zhu;-12.408333;-40.535833;Freitas, R de;57;Bastos, C.;119481;ALCB;UFBA;43789;121
GBIF;Marchantiophyta;Lejeuneaceae;Cheilolejeunea conchifolia;(A. Evans) W. Ye & R.L. Zhu;-12.408333;-40.535833;Freitas, R de;61;Bastos, C.;119487;ALCB;UFBA;43789;121
GBIF;Marchantiophyta;Lejeuneaceae;Cheilolejeunea conchifolia;(A. Evans) W. Ye & R.L. Zhu;-12.408333;-40.535833;Rodrigues, K;s/n;Bastos, C.;119432;ALCB;UFBA;43789;121
GBIF;Marchantiophyta;Lejeuneaceae;Cheilolejeunea conchifolia;(A. Evans) W. Ye & R.L. Zhu;-12.408333;-40.535833;Vilas Boas-Bastos, SB;2642;Bastos, C.;119375;ALCB;UFBA;43789;121
GBIF;Marchantiophyta;Lejeuneaceae;Cheilolejeunea conchifolia;(A. Evans) W. Ye & R.L. Zhu;-12.408333;-40.535833;Bastos, C;5578;Boas-Bastos, S. B. V;119370;ALCB;UFBA;43789;121
GBIF;Marchantiophyta;Lejeuneaceae;Cheilolejeunea conchifolia;(A. Evans) W. Ye & R.L. Zhu;-12.408333;-40.535833;Bastos, C;5584-A;Boas-Bastos, S. B. V;119310;ALCB;UFBA;43789;121
GBIF;Marchantiophyta;Lejeuneaceae;Cheilolejeunea conchifolia;(A. Evans) W. Ye & R.L. Zhu;-12.408333;-40.535833;Vilas Boas-Bastos, SB;2650;Boas-Bastos, S. B. V;119306;ALCB;UFBA;43789;121
GBIF;Marchantiophyta;Lejeuneaceae;Cheilolejeunea conchifolia;(Lehm. & Lindenb.) Kachroo & R.M. Schust.;-12.408333;-40.535833;Bastos, C;5586;Boas-Bastos, S. B. V;119396;ALCB;UFBA;43789;121
GBIF;Marchantiophyta;Lejeuneaceae;Cheilolejeunea conchifolia;(Lehm. & Lindenb.) Kachroo & R.M. Schust.;-12.408333;-40.535833;Bastos, C;5569-A;Boas-Bastos, S. B. V;119390;ALCB;UFBA;43789;121
GBIF;Marchantiophyta;Lejeuneaceae;Cheilolejeunea conchifolia;(Lehm. & Lindenb.) Kachroo & R.M. Schust.;-12.408333;-40.535833;Rodrigues, K;65;Boas-Bastos, S. B. V;119223;ALCB;UFBA;43789;121
GBIF;Marchantiophyta;Lejeuneaceae;Cheilolejeunea conchifolia;(Sw.) W. Ye, R.L. Zhu & Gradst.;-12.4;-40.533333;Rodrigues, K;54;Boas-Bastos, S. B. V;119224;ALCB;UFBA;43789;121
GBIF;Marchantiophyta;Lejeuneaceae;Cheilolejeunea conchifolia;(Sw.) W. Ye, R.L. Zhu & Gradst.;-12.4;-40.533333;Rodrigues, K;53;Boas-Bastos, S. B. V;119349;ALCB;UFBA;43789;121
GBIF;Marchantiophyta;Lejeuneaceae;Cheilolejeunea filiformis;(Sw.) W. Ye, R.L. Zhu & Gradst.;-12.408333;-40.535833;Sara, A;s/n;Bastos, C.;119391;ALCB;UFBA;43789;121
GBIF;Marchantiophyta;Lejeuneaceae;Cheilolejeunea filiformis;(Sw.) W. Ye, R.L. Zhu & Gradst.;-12.408333;-40.535833;Rodrigues, K;93;Boas-Bastos, S. B. V;119494;ALCB;UFBA;43789;121
GBIF;Marchantiophyta;Lejeuneaceae;Cheilolejeunea trifaria;(Sw.) W. Ye, R.L. Zhu & Gradst.;-12.408333;-40.535833;Rodrigues, K;46;Bastos, C.;28172;ALCB;UFBA;43789;121
GBIF;Marchantiophyta;Lejeuneaceae;Cheilolejeunea trifaria;(Sw.) W. Ye, R.L. Zhu & Gradst.;-12.408333;-40.535833;Bastos, C;5556;Bastos, C.;28173;ALCB;UFBA;43789;121
GBIF;Marchantiophyta;Lejeuneaceae;Cheilolejeunea trifaria;(Sw.) W. Ye, R.L. Zhu & Gradst.;-12.4;-40.533333;Vilas Boas-Bastos, SB;2612;Boas-Bastos, S. B. V;28174;ALCB;UFBA;43789;121
GBIF;Marchantiophyta;Lejeuneaceae;Cheilolejeunea unciloba;(Sw.) W. Ye, R.L. Zhu & Gradst.;-12.408333;-40.535833;Rodrigues, K;46-A;Bastos, C.;28183;ALCB;UFBA;43789;121
GBIF;Marchantiophyta;Lejeuneaceae;Cheilolejeunea unciloba;(Sw.) W. Ye, R.L. Zhu & Gradst.;-12.408333;-40.535833;Bastos, C;5573;Boas-Bastos, S. B. V;28187;ALCB;UFBA;43789;121
GBIF;Marchantiophyta;Lejeuneaceae;Cheilolejeunea xanthocarpa;(Sw.) W. Ye, R.L. Zhu & Gradst.;-12.408333;-40.535833;Bastos, C;5566;Bastos, C.;135050;ALCB;UFBA;43789;121
GBIF;Marchantiophyta;Lejeuneaceae;Cheilolejeunea xanthocarpa;(Sw.) W. Ye, R.L. Zhu & Gradst.;-12.408333;-40.535833;Rodrigues, K;79;Bastos, C.;135051;ALCB;UFBA;43789;121
GBIF;Marchantiophyta;Lejeuneaceae;Cheilolejeunea xanthocarpa;(Sw.) W. Ye, R.L. Zhu & Gradst.;-12.408333;-40.535833;Sara, A;64;Bastos, C.;135063;ALCB;UFBA;43789;121
GBIF;Marchantiophyta;Lejeuneaceae;Cheilolejeunea xanthocarpa;(Sw.) W. Ye, R.L. Zhu & Gradst.;-12.408333;-40.535833;Rodrigues, K;64;Boas-Bastos, S. B. V;135064;ALCB;UFBA;43789;121
GBIF;Marchantiophyta;Lejeuneaceae;Cheilolejeunea xanthocarpa;(Sw.) W. Ye, R.L. Zhu & Gradst.;-12.408333;-40.535833;Bastos, C;5555;Bastos, C.;131851;ALCB;UFBA;43789;121
GBIF;Marchantiophyta;Lejeuneaceae;Cheilolejeunea xanthocarpa;(Sw.) W. Ye, R.L. Zhu & Gradst.;-12.408333;-40.535833;Bastos, C;5563;Boas-Bastos, S. B. V;135046;ALCB;UFBA;43789;121
GBIF;Marchantiophyta;Lejeuneaceae;Cheilolejeunea xanthocarpa;(Sw.) W. Ye, R.L. Zhu & Gradst.;-12.4;-40.533333;Vilas Boas-Bastos, SB;2614;Boas-Bastos, S. B. V;135056;ALCB;UFBA;43789;121
GBIF;Marchantiophyta;Lejeuneaceae;Cololejeunea subcardiocarpa;(Sw.) W. Ye, R.L. Zhu & Gradst.;-12.408333;-40.535833;Bastos, C;5602;Boas-Bastos, S. B. V;146824;ALCB;UFBA;43789;121
GBIF;Marchantiophyta;Cephaloziellaceae;Cylindrocolea rhizantha;(Sw.) W. Ye, R.L. Zhu & Gradst.;-12.408333;-40.535833;Santos, IAM;65;Boas-Bastos, S. B. V;79058;ALCB;UFBA;43789;121
GBIF;Marchantiophyta;Lejeuneaceae;Diplasiolejeunea latipuensis;(Sw.) W. Ye, R.L. Zhu & Gradst.;-12.408333;-40.535833;Bastos, C;5570;Bastos, C.;79061;ALCB;UFBA;43789;121
GBIF;Marchantiophyta;Lejeuneaceae;Diplasiolejeunea latipuensis;(Sw.) W. Ye, R.L. Zhu & Gradst.;-12.408333;-40.535833;Freitas, R de;70;Bastos, C.;77830;ALCB;UFBA;43789;121
GBIF;Marchantiophyta;Lejeuneaceae;Diplasiolejeunea unidentata;(Sw.) W. Ye, R.L. Zhu & Gradst.;-12.408333;-40.535833;Bastos, C;5572;Bastos, C.;ALCB028537;ALCB;UFBA;43789;121
GBIF;Marchantiophyta;Lejeuneaceae;Diplasiolejeunea unidentata;(Sw.) W. Ye, R.L. Zhu & Gradst.;-12.408333;-40.535833;Sara, A;78;Bastos, C.;96735;ALCB;UFBA;43789;121
GBIF;Marchantiophyta;Lejeuneaceae;Diplasiolejeunea unidentata;(Sw.) W. Ye, R.L. Zhu & Gradst.;-12.408333;-40.535833;Bastos, C;5571;Boas-Bastos, S. B. V;96740;ALCB;UFBA;43789;121
GBIF;Marchantiophyta;Lejeuneaceae;Diplasiolejeunea unidentata;(Sw.) W. Ye, R.L. Zhu & Gradst.;-12.4;-40.533333;Sara, A;86;Boas-Bastos, S. B. V;96743;ALCB;UFBA;43789;121
GBIF;Bryophyta;Sematophyllaceae;Donnellia commutata;(Sw.) W. Ye, R.L. Zhu & Gradst.;-12.408333;-40.535833;Sara, A;105;Bastos, C.;51826;ALCB;UFBA;43789;121
GBIF;Bryophyta;Sematophyllaceae;Donnellia commutata;(Spruce) Grolle & R.L. Zhu;-12.408333;-40.535833;Freitas, R de;74;Bastos, C.;51732;ALCB;UFBA;43789;121
GBIF;Bryophyta;Sematophyllaceae;Donnellia commutata;(Spruce) Grolle & R.L. Zhu;-12.408333;-40.535833;Vilas Boas-Bastos, SB;2645;Vilas Boas-Bastos, SB;51698;ALCB;UFBA;43789;121
GBIF;Bryophyta;Sematophyllaceae;Donnellia commutata;(Lindenb.) Steph.;-12.408333;-40.535833;Vilas Boas-Bastos, SB;2647;Vilas Boas-Bastos, SB;51790;ALCB;UFBA;43789;121
GBIF;Bryophyta;Sematophyllaceae;Donnellia commutata;(Lindenb.) Steph.;-12.408333;-40.535833;Sara, A;89;Vilas Boas-Bastos, SB;71636;ALCB;UFBA;43789;121
GBIF;Bryophyta;Sematophyllaceae;Donnellia commutata;(Lindenb.) Steph.;-12.408333;-40.535833;Sara, A;93-A;Vilas Boas-Bastos, SB;61616;ALCB;UFBA;43789;121
GBIF;Bryophyta;Sematophyllaceae;Donnellia commutata;(Lindenb.) Steph.;-12.408333;-40.535833;Sara, A;109;Vilas Boas-Bastos, SB;51752;ALCB;UFBA;43789;121
GBIF;Bryophyta;Sematophyllaceae;Donnellia commutata;(Lindenb.) Steph.;-12.408333;-40.535833;Bastos, C;5558;Vilas Boas-Bastos, SB;51685;ALCB;UFBA;43789;121
GBIF;Bryophyta;Sematophyllaceae;Donnellia commutata;(Lindenb.) Steph.;-12.408333;-40.535833;Bastos, C;5575;Vilas Boas-Bastos, SB;51670;ALCB;UFBA;43789;121
GBIF;Marchantiophyta;Lejeuneaceae;Drepanolejeunea mosenii;(Lindenb.) C.J. Bastos & Gradst.;-12.4;-40.533333;Rodrigues, K;50;Boas-Bastos, S. B. V;51665;ALCB;UFBA;43789;121
GBIF;Bryophyta;Hypnaceae;Ectropothecium leptochaeton;(Lindenb.) C.J. Bastos & Gradst.;-12.408333;-40.535833;Freitas, R de;65;Bastos, C.;51737;ALCB;UFBA;43789;121
GBIF;Bryophyta;Hypnaceae;Ectropothecium leptochaeton;(Lindenb. & Gottsche) W. Ye, R.L. Zhu & Gradst.;-12.408333;-40.535833;Sara, A;99;Bastos, C.;51749;ALCB;UFBA;43789;121
GBIF;Bryophyta;Hypnaceae;Ectropothecium leptochaeton;(Lindenb. & Gottsche) W. Ye, R.L. Zhu & Gradst.;-12.408333;-40.535833;Sara, A;104;Vilas Boas-Bastos, SB;70501;ALCB;UFBA;43789;121
GBIF;Bryophyta;Hypnaceae;Ectropothecium leptochaeton;(Nees ex Mont.) R.M. Schust.;-12.408333;-40.535833;Sara, A;60;Vilas Boas-Bastos, SB;70497;ALCB;UFBA;43789;121
GBIF;Bryophyta;Hypnaceae;Ectropothecium leptochaeton;(Nees ex Mont.) R.M. Schust.;-12.408333;-40.535833;Sara, A;88;Vilas Boas-Bastos, SB;70502;ALCB;UFBA;43789;121
GBIF;Bryophyta;Hypnaceae;Ectropothecium leptochaeton;(Nees ex Mont.) R.M. Schust.;-12.408333;-40.535833;Sara, A;62;Vilas Boas-Bastos, SB;79056;ALCB;UFBA;43789;121
GBIF;Marchantiophyta;Frullaniaceae;Frullania caulisequa;(Nees ex Mont.) R.M. Schust.;-12.408333;-40.535833;Bastos, C;5559;Bastos, C.;77179;ALCB;UFBA;43789;121
GBIF;Marchantiophyta;Frullaniaceae;Frullania caulisequa;(Nees ex Mont.) R.M. Schust.;-12.408333;-40.535833;Freitas, R de;68;Bastos, C.;77178;ALCB;UFBA;43789;121
GBIF;Marchantiophyta;Frullaniaceae;Frullania caulisequa;(Nees ex Mont.) R.M. Schust.;-12.408333;-40.535833;Sara, A;98;Bastos, C.;72580;ALCB;UFBA;43789;121
GBIF;Marchantiophyta;Frullaniaceae;Frullania caulisequa;(Nees ex Mont.) R.M. Schust.;-12.408333;-40.535833;Sara, A;65;Bastos, C.;77171;ALCB;UFBA;43789;121
GBIF;Marchantiophyta;Frullaniaceae;Frullania caulisequa;(Nees ex Mont.) R.M. Schust.;-12.408333;-40.535833;Vilas Boas-Bastos, SB;2642-A;Bastos, C.;123771;ALCB;UFBA;43789;121
GBIF;Marchantiophyta;Frullaniaceae;Frullania caulisequa;(Nees ex Mont.) R.M. Schust.;-12.408333;-40.535833;Freitas, R de;128;Boas-Bastos, S. B. V;77185;ALCB;UFBA;43789;121
GBIF;Marchantiophyta;Frullaniaceae;Frullania caulisequa;(Nees ex Mont.) R.M. Schust.;-12.408333;-40.535833;Rodrigues, K;70;Boas-Bastos, S. B. V;77209;ALCB;UFBA;43789;121
GBIF;Marchantiophyta;Frullaniaceae;Frullania caulisequa;(Nees ex Mont.) R.M. Schust.;-12.408333;-40.535833;Sara, A;84;Boas-Bastos, S. B. V;72567;ALCB;UFBA;43789;121
GBIF;Marchantiophyta;Frullaniaceae;Frullania caulisequa;(Nees ex Mont.) R.M. Schust.;-12.408333;-40.535833;Vilas Boas-Bastos, SB;2653;Boas-Bastos, S. B. V;72565;ALCB;UFBA;43789;121
GBIF;Marchantiophyta;Frullaniaceae;Frullania caulisequa;(Nees ex Mont.) R.M. Schust.;-12.408333;-40.535833;Freitas, R de;124;Freitas, R de;72582;ALCB;UFBA;43789;121
GBIF;Marchantiophyta;Frullaniaceae;Frullania caulisequa;(Nees ex Mont.) R.M. Schust.;-12.408333;-40.535833;Freitas, R de;73;Bastos, C.;96706;ALCB;UFBA;43789;121
GBIF;Marchantiophyta;Frullaniaceae;Frullania caulisequa;(Nees ex Mont.) R.M. Schust.;-12.408333;-40.535833;Bastos, C;5569;Boas-Bastos, S. B. V;71932;ALCB;UFBA;43789;121
GBIF;Marchantiophyta;Frullaniaceae;Frullania kunzei;(Nees ex Mont.) R.M. Schust.;-12.408333;-40.535833;Freitas, R de;58;Bastos, C.;96472;ALCB;UFBA;43789;121
GBIF;Marchantiophyta;Frullaniaceae;Frullania kunzei;(Nees ex Mont.) R.M. Schust.;-12.4;-40.533333;Vilas Boas-Bastos, SB;2611;Boas-Bastos, S. B. V;96433;ALCB;UFBA;43789;121
GBIF;Bryophyta;Brachytheciaceae;Helicodontium capillare;(Nees ex Mont.) R.M. Schust.;-12.408333;-40.535833;Freitas, R de;62;Bastos, C.;79201;ALCB;UFBA;43789;121
GBIF;Bryophyta;Pterobryaceae;Henicodium geniculatum;(Nees ex Mont.) R.M. Schust.;-12.4;-40.533333;Sara, A;101;Vilas Boas-Bastos, SB;79399;ALCB;UFBA;43789;121
GBIF;Bryophyta;Pylaisiadelphaceae;Isopterygium tenerifolium;(Nees ex Mont.) R.M. Schust.;-12.408333;-40.535833;Freitas, R de;55;Bastos, C.;79385;ALCB;UFBA;43789;121
GBIF;Bryophyta;Pylaisiadelphaceae;Isopterygium tenerifolium;(Nees ex Mont.) R.M. Schust.;-12.408333;-40.535833;Freitas, R de;85;Bastos, C.;79409;ALCB;UFBA;43789;121
GBIF;Bryophyta;Pylaisiadelphaceae;Isopterygium tenerifolium;(Nees ex Mont.) R.M. Schust.;-12.408333;-40.535833;Freitas, R de;87;Bastos, C.;79410;ALCB;UFBA;43789;121
GBIF;Bryophyta;Pylaisiadelphaceae;Isopterygium tenerifolium;(Nees ex Mont.) R.M. Schust.;-12.408333;-40.535833;Sara, A;102;Bastos, C.;96473;ALCB;UFBA;43789;121
GBIF;Bryophyta;Pylaisiadelphaceae;Isopterygium tenerifolium;(Nees ex Mont.) R.M. Schust.;-12.408333;-40.535833;Santos, IAM;51;Bastos, C.;96480;ALCB;UFBA;43789;121
GBIF;Bryophyta;Pylaisiadelphaceae;Isopterygium tenerifolium;(Nees ex Mont.) R.M. Schust.;-12.408333;-40.535833;Vilas Boas-Bastos, SB;2627;Vilas Boas-Bastos, SB;70400;ALCB;UFBA;43789;121
GBIF;Bryophyta;Pylaisiadelphaceae;Isopterygium tenerifolium;(Nees ex Mont.) R.M. Schust.;-12.408333;-40.535833;Bastos, C;5554;Vilas Boas-Bastos, SB;61635;ALCB;UFBA;43789;121
GBIF;Bryophyta;Pylaisiadelphaceae;Isopterygium tenerifolium;(Nees ex Mont.) R.M. Schust.;-12.408333;-40.535833;Bastos, C;5557;Vilas Boas-Bastos, SB;96465;ALCB;UFBA;43789;121
GBIF;Bryophyta;Pylaisiadelphaceae;Isopterygium tenerifolium;(Nees ex Mont.) R.M. Schust.;-12.4;-40.533333;Vilas Boas-Bastos, SB;2619;Vilas Boas-Bastos, SB;109054;ALCB;UFBA;43789;121
GBIF;Bryophyta;Pylaisiadelphaceae;Isopterygium tenerum;(Nees ex Mont.) R.M. Schust.;-12.408333;-40.535833;Freitas, R de;105;Bastos, C.;77726;ALCB;UFBA;43789;121
GBIF;Bryophyta;Pylaisiadelphaceae;Isopterygium tenerum;(Nees ex Mont.) R.M. Schust.;-12.408333;-40.535833;Freitas, R de;114;Bastos, C.;77732;ALCB;UFBA;43789;121
GBIF;Bryophyta;Pylaisiadelphaceae;Isopterygium tenerum;(Nees ex Mont.) R.M. Schust.;-12.408333;-40.535833;Sara, A;117;Bastos, C.;77753;ALCB;UFBA;43789;121
GBIF;Bryophyta;Pylaisiadelphaceae;Isopterygium tenerum;(Nees ex Mont.) R.M. Schust.;-12.408333;-40.535833;Freitas, R de;119;Bastos, C.;77760;ALCB;UFBA;43789;121
GBIF;Bryophyta;Pylaisiadelphaceae;Isopterygium tenerum;(Nees ex Mont.) R.M. Schust.;-12.408333;-40.535833;Freitas, R de;130;Bastos, C.;77723;ALCB;UFBA;43789;121
GBIF;Bryophyta;Pylaisiadelphaceae;Isopterygium tenerum;(Nees ex Mont.) R.M. Schust.;-12.408333;-40.535833;Rodrigues, K;55;Bastos, C.;77733;ALCB;UFBA;43789;121
GBIF;Bryophyta;Pylaisiadelphaceae;Isopterygium tenerum;(Nees ex Mont.) R.M. Schust.;-12.408333;-40.535833;Bastos, C;5577;Bastos, C.;77751;ALCB;UFBA;43789;121
GBIF;Bryophyta;Pylaisiadelphaceae;Isopterygium tenerum;(Nees ex Mont.) R.M. Schust.;-12.408333;-40.535833;Sara, A;61;Bastos, C.;79231;ALCB;UFBA;43789;121
GBIF;Bryophyta;Pylaisiadelphaceae;Isopterygium tenerum;(Nees ex Mont.) R.M. Schust.;-12.408333;-40.535833;Sara, A;73;Bastos, C.;77756;ALCB;UFBA;43789;121
GBIF;Bryophyta;Pylaisiadelphaceae;Isopterygium tenerum;(Nees ex Mont.) R.M. Schust.;-12.408333;-40.535833;Freitas, R de;80;Bastos, C.;77761;ALCB;UFBA;43789;121
GBIF;Bryophyta;Pylaisiadelphaceae;Isopterygium tenerum;(Nees ex Mont.) R.M. Schust.;-12.408333;-40.535833;Freitas, R de;81;Bastos, C.;77815;ALCB;UFBA;43789;121
GBIF;Bryophyta;Pylaisiadelphaceae;Isopterygium tenerum;(Nees ex Mont.) R.M. Schust.;-12.408333;-40.535833;Freitas, R de;84;Bastos, C.;79174;ALCB;UFBA;43789;121
GBIF;Bryophyta;Pylaisiadelphaceae;Isopterygium tenerum;(Nees ex Mont.) R.M. Schust.;-12.408333;-40.535833;Freitas, R de;115;Vilas Boas-Bastos, SB;84560;ALCB;UFBA;43789;121
GBIF;Bryophyta;Pylaisiadelphaceae;Isopterygium tenerum;(Nees ex Mont.) R.M. Schust.;-12.408333;-40.535833;Vilas Boas-Bastos, SB;2653;Vilas Boas-Bastos, SB;84579;ALCB;UFBA;43789;121
GBIF;Bryophyta;Pylaisiadelphaceae;Isopterygium tenerum;(Nees ex Mont.) R.M. Schust.;-12.408333;-40.535833;Bastos, C;5593;Vilas Boas-Bastos, SB;51441;ALCB;UFBA;43789;121
GBIF;Bryophyta;Pylaisiadelphaceae;Isopterygium tenerum;(Nees ex Mont.) R.M. Schust.;-12.408333;-40.535833;Sara, A;94;Vilas Boas-Bastos, SB;96459;ALCB;UFBA;43789;121
GBIF;Bryophyta;Pylaisiadelphaceae;Isopterygium tenerum;(Nees ex Mont.) R.M. Schust.;-12.408333;-40.535833;Sara, A;118;Bastos, C.;96466;ALCB;UFBA;43789;121
GBIF;Bryophyta;Pylaisiadelphaceae;Isopterygium tenerum;L.P.C. Macedo, Ilk.-Borg. & C.J. Bastos;-12.408333;-40.535833;Sara, A;70;Bastos, C.;96478;ALCB;UFBA;43789;121
GBIF;Bryophyta;Pylaisiadelphaceae;Isopterygium tenerum;(Steph.) W. Ye, R.L. Zhu & Gradst.;-12.408333;-40.535833;Sara, A;116;Vilas Boas-Bastos, SB;96476;ALCB;UFBA;43789;121
GBIF;Bryophyta;Pylaisiadelphaceae;Isopterygium tenerum;(Reinw., Blume & Nees) Mizut.;-12.408333;-40.535833;Vilas Boas-Bastos, SB;2649;Vilas Boas-Bastos, SB;77774;ALCB;UFBA;43789;121
GBIF;Bryophyta;Pylaisiadelphaceae;Isopterygium tenerum;(Reinw., Blume & Nees) Mizut.;-12.4;-40.533333;Rodrigues, K;s/n;Bastos, C.;77775;ALCB;UFBA;43789;121
GBIF;Bryophyta;Sematophyllaceae;Jirivanaea galipensis;(Reinw., Blume & Nees) Mizut.;-12.408333;-40.535833;Freitas, R de;120;Bastos, C.;79673;ALCB;UFBA;43789;121
GBIF;Bryophyta;Sematophyllaceae;Jirivanaea galipensis;(Reinw., Blume & Nees) Mizut.;-12.408333;-40.535833;Sara, A;87;Bastos, C.;79671;ALCB;UFBA;43789;121
GBIF;Bryophyta;Sematophyllaceae;Jirivanaea galipensis;(Reinw., Blume & Nees) Mizut.;-12.408333;-40.535833;Bastos, C;5545-A;Vilas Boas-Bastos, SB;51515;ALCB;UFBA;43789;121
GBIF;Bryophyta;Sematophyllaceae;Jirivanaea galipensis;(Nees & Mont.) C.J. Bastos & Gradst.;-12.408333;-40.535833;Sara, A;69;Vilas Boas-Bastos, SB;51409;ALCB;UFBA;43789;121
GBIF;Marchantiophyta;Lejeuneaceae;Lejeunea adpressa;(Lindenb.) Malombe;-12.408333;-40.535833;Bastos, C;5561;Bastos, C.;77819;ALCB;UFBA;43789;121
GBIF;Marchantiophyta;Lejeuneaceae;Lejeunea adpressa;(Lindenb.) Malombe;-12.408333;-40.535833;Freitas, R de;8;Bastos, C.;79429;ALCB;UFBA;43789;121
GBIF;Marchantiophyta;Lejeuneaceae;Lejeunea adpressa;(Lindenb.) Malombe;-12.408333;-40.535833;Santos, IAM;53;Bastos, C.;77823;ALCB;UFBA;43789;121
GBIF;Marchantiophyta;Lejeuneaceae;Lejeunea adpressa;(Lindenb.) Malombe;-12.4;-40.533333;Sara, A;121;Bastos, C.;77319;ALCB;UFBA;43789;121
GBIF;Marchantiophyta;Lejeuneaceae;Lejeunea controversa;(Lindenb.) Malombe;-12.408333;-40.535833;Freitas, R de;110;Bastos, C.;79109;ALCB;UFBA;43789;121
GBIF;Marchantiophyta;Lejeuneaceae;Lejeunea controversa;(Lindenb.) Malombe;-12.408333;-40.535833;Freitas, R de;126;Bastos, C.;79437;ALCB;UFBA;43789;121
GBIF;Marchantiophyta;Lejeuneaceae;Lejeunea flava;(Lindenb.) Malombe;-12.408333;-40.535833;Bastos, C;5576;Bastos, C.;51418;ALCB;UFBA;43789;121
GBIF;Marchantiophyta;Lejeuneaceae;Lejeunea flava;(Lindenb.) Malombe;-12.408333;-40.535833;Bastos, C;5545;Boas-Bastos, S. B. V;51675;ALCB;UFBA;43789;121
GBIF;Marchantiophyta;Lejeuneaceae;Lejeunea flava;(Lindenb.) Malombe;-12.408333;-40.535833;Rodrigues, K;67;Boas-Bastos, S. B. V;77785;ALCB;UFBA;43789;121
GBIF;Marchantiophyta;Lejeuneaceae;Lejeunea flava;(Lindenb.) Malombe;-12.408333;-40.535833;Rodrigues, K;61;Boas-Bastos, S. B. V;77824;ALCB;UFBA;43789;121
GBIF;Marchantiophyta;Lejeuneaceae;Lejeunea flava;(Lindenb.) Malombe;-12.408333;-40.535833;Vilas Boas-Bastos, SB;2651;Boas-Bastos, S. B. V;77772;ALCB;UFBA;43789;121
GBIF;Marchantiophyta;Lejeuneaceae;Lejeunea flava;(Lindenb.) Malombe;-12.408333;-40.535833;Freitas, R de;134;Bastos, C.;77805;ALCB;UFBA;43789;121
GBIF;Marchantiophyta;Lejeuneaceae;Lejeunea flava;(Lindenb.) Malombe;-12.4;-40.533333;Rodrigues, K;60;Boas-Bastos, S. B. V;96451;ALCB;UFBA;43789;121
GBIF;Marchantiophyta;Lejeuneaceae;Lejeunea flava;(Lindenb.) Malombe;-12.4;-40.533333;Bastos, C;5584-B;Boas-Bastos, S. B. V;96461;ALCB;UFBA;43789;121
GBIF;Marchantiophyta;Lejeuneaceae;Lejeunea flava;(Lindenb.) Malombe;-12.4;-40.533333;Vilas Boas-Bastos, SB;2617;Boas-Bastos, S. B. V;79394;ALCB;UFBA;43789;121
GBIF;Marchantiophyta;Lejeuneaceae;Lejeunea glaucescens;(Lindenb.) Malombe;-12.408333;-40.535833;Bastos, C;5549;Boas-Bastos, S. B. V;109037;ALCB;UFBA;43789;121
GBIF;Marchantiophyta;Lejeuneaceae;Lejeunea grossitexta;(Lindenb.) Malombe;-12.408333;-40.535833;Cardoso, D;3603-B;Boas-Bastos, S. B. V;51521;ALCB;UFBA;43789;121
GBIF;Marchantiophyta;Lejeuneaceae;Lejeunea immersa;(Lindenb.) Malombe;-12.408333;-40.535833;Bastos, C;5588;Boas-Bastos, S. B. V;61647;ALCB;UFBA;43789;121
GBIF;Marchantiophyta;Lejeuneaceae;Lejeunea parviloba;(Lindenb.) Malombe;-12.408333;-40.535833;Vilas Boas-Bastos, SB;2640-A;Boas-Bastos, S. B. V;79094;ALCB;UFBA;43789;121
GBIF;Marchantiophyta;Lejeuneaceae;Lejeunea phyllobola;(Lindenb.) Malombe;-12.408333;-40.535833;Rodrigues, K;57;Bastos, C.;79093;ALCB;UFBA;43789;121
GBIF;Marchantiophyta;Lejeuneaceae;Lejeunea phyllobola;(Lindenb.) Malombe;-12.408333;-40.535833;Sara, A;108;Bastos, C.;79142;ALCB;UFBA;43789;121
GBIF;Marchantiophyta;Lejeuneaceae;Lejeunea phyllobola;(Lindenb.) Malombe;-12.408333;-40.535833;Rodrigues, K;62;Boas-Bastos, S. B. V;79145;ALCB;UFBA;43789;121
GBIF;Marchantiophyta;Lejeuneaceae;Lejeunea phyllobola;(Lindenb.) Malombe;-12.408333;-40.535833;Vilas Boas-Bastos, SB;2648;Boas-Bastos, S. B. V;79143;ALCB;UFBA;43789;121
GBIF;Marchantiophyta;Lejeuneaceae;Lejeunea phyllobola;(Lindenb.) Malombe;-12.408333;-40.535833;Bastos, C;5551;Bastos, C.;79141;ALCB;UFBA;43789;121
GBIF;Marchantiophyta;Lejeuneaceae;Lejeunea phyllobola;(Lindenb.) Malombe;-12.408333;-40.535833;Vilas Boas-Bastos, SB;2640-C;Bastos, C.;79403;ALCB;UFBA;43789;121
GBIF;Marchantiophyta;Lejeuneaceae;Lejeunea phyllobola;(Lindenb.) Malombe;-12.408333;-40.535833;Sara, A;119;Boas-Bastos, S. B. V;79412;ALCB;UFBA;43789;121
GBIF;Marchantiophyta;Lejeuneaceae;Lejeunea phyllobola;(Lindenb.) Malombe;-12.408333;-40.535833;Vilas Boas-Bastos, SB;2640-B;Boas-Bastos, S. B. V;79411;ALCB;UFBA;43789;121
GBIF;Marchantiophyta;Lejeuneaceae;Lejeunea phyllobola;(Lindenb.) Malombe;-12.4;-40.533333;Bastos, C;5598;Bastos, C.;79436;ALCB;UFBA;43789;121
GBIF;Marchantiophyta;Lejeuneaceae;Lejeunea setiloba;(Lindenb.) Malombe;-12.408333;-40.535833;Rodrigues, K;69;Boas-Bastos, S. B. V;51747;ALCB;UFBA;43789;121
GBIF;Marchantiophyta;Lejeuneaceae;Lepidolejeunea involuta;(Lindenb.) Malombe;-12.408333;-40.535833;Rodrigues, K;s/n;Bastos, C.;79382;ALCB;UFBA;43789;121
GBIF;Bryophyta;Brachytheciaceae;Meteoridium remotifolium;(Lindenb.) Malombe;-12.408333;-40.535833;Vilas Boas-Bastos, SB;2652;Vilas Boas-Bastos, SB;42103;ALCB;UFBA;43789;121
GBIF;Marchantiophyta;Metzgeriaceae;Metzgeria furcata;(Lindenb.) Malombe;-12.408333;-40.535833;Freitas, R de;112;Bastos, C.;42097;ALCB;UFBA;43789;121
GBIF;Marchantiophyta;Metzgeriaceae;Metzgeria furcata;(Lindenb.) Malombe;-12.408333;-40.535833;Vilas Boas-Bastos, SB;2634;Bastos, C.;146831;ALCB;UFBA;43789;121
GBIF;Marchantiophyta;Metzgeriaceae;Metzgeria furcata;(Lindenb.) Malombe;-12.408333;-40.535833;Freitas, R de;95-B;Freitas, R de;146833;ALCB;UFBA;43789;121
GBIF;Marchantiophyta;Metzgeriaceae;Metzgeria hegewaldii;(Lindenb.) Malombe;-12.408333;-40.535833;Rodrigues, K;51;Boas-Bastos, S. B. V;146823;ALCB;UFBA;43789;121
GBIF;Marchantiophyta;Metzgeriaceae;Metzgeria myriopoda;(Lehm. & Lindenb.) Malombe;-12.408333;-40.535833;Rodrigues, K;59;Boas-Bastos, S. B. V;42091;ALCB;UFBA;43789;121
GBIF;Marchantiophyta;Metzgeriaceae;Metzgeria myriopoda;(Lehm. & Lindenb.) Malombe;-12.408333;-40.535833;Rodrigues, K;63;Boas-Bastos, S. B. V;42092;ALCB;UFBA;43789;121
GBIF;Bryophyta;Hypnaceae;Mittenothamnium reptans;(Lehm. & Lindenb.) Malombe;-12.408333;-40.535833;Freitas, R de;111;Bastos, C.;191450;ALCB;UFBA;43789;121
GBIF;Marchantiophyta;Lejeuneaceae;Myriocoleopsis minutissima;(Lehm. & Lindenb.) Malombe;-12.408333;-40.535833;Freitas, R de;56;Bastos, C.;191437;ALCB;UFBA;43789;121
GBIF;Bryophyta;Octoblepharaceae;Octoblepharum albidum;(Lehm. & Lindenb.) Malombe;-12.408333;-40.535833;Freitas, R de;109;Bastos, C.;27143;ALCB;UFBA;43789;121
GBIF;Bryophyta;Octoblepharaceae;Octoblepharum albidum;(Lehm. & Lindenb.) Malombe;-12.408333;-40.535833;Freitas, R de;s/n;Bastos, C.;27141;ALCB;UFBA;43789;121
GBIF;Bryophyta;Octoblepharaceae;Octoblepharum albidum;(Lehm. & Lindenb.) Malombe;-12.408333;-40.535833;Vilas Boas-Bastos, SB;2635;Vilas Boas-Bastos, SB;27236;ALCB;UFBA;43789;121
GBIF;Bryophyta;Octoblepharaceae;Octoblepharum albidum;(Lehm. & Lindenb.) Malombe;-12.408333;-40.535833;Sara, A;75;Vilas Boas-Bastos, SB;84321;ALCB;UFBA;43789;121
GBIF;Bryophyta;Octoblepharaceae;Octoblepharum albidum;(Lehm. & Lindenb.) Malombe;-12.408333;-40.535833;Freitas, R de;90-A;Freitas, R de;84323;ALCB;UFBA;43789;121
GBIF;Bryophyta;Octoblepharaceae;Octoblepharum albidum;(Lehm. & Lindenb.) Malombe;-12.408333;-40.535833;Sara, A;91;Vilas Boas-Bastos, SB;84303;ALCB;UFBA;43789;121
GBIF;Bryophyta;Pterobryaceae;Orthostichopsis praetermissa;(Lehm. & Lindenb.) Malombe;-12.408333;-40.535833;Vilas Boas-Bastos, SB;2630;Bastos, C.;76282;ALCB;UFBA;43789;121
GBIF;Bryophyta;Pterobryaceae;Orthostichopsis praetermissa;(Lehm. & Lindenb.) Malombe;-12.408333;-40.535833;Sara, A;122;Vilas Boas-Bastos, SB;76281;ALCB;UFBA;43789;121
GBIF;Bryophyta;Pterobryaceae;Orthostichopsis praetermissa;(Lehm. & Lindenb.) Malombe;-12.408333;-40.535833;Vilas Boas-Bastos, SB;2641;Vilas Boas-Bastos, SB;76281A;ALCB;UFBA;43789;121
GBIF;Bryophyta;Pterobryaceae;Orthostichopsis praetermissa;(Lehm. & Lindenb.) Malombe;-12.408333;-40.535833;Bastos, C;5585;Vilas Boas-Bastos, SB;76220;ALCB;UFBA;43789;121
GBIF;Bryophyta;Pterobryaceae;Orthostichopsis praetermissa;(Lehm. & Lindenb.) Malombe;-12.408333;-40.535833;Santos, IAM;64;Vilas Boas-Bastos, SB;76307D;ALCB;UFBA;43789;121
GBIF;Bryophyta;Pterobryaceae;Orthostichopsis praetermissa;(Lehm. & Lindenb.) Malombe;-12.408333;-40.535833;Bastos, C;5581;Vilas Boas-Bastos, SB;76307E;ALCB;UFBA;43789;121
GBIF;Bryophyta;Pterobryaceae;Orthostichopsis praetermissa;(Lehm. & Lindenb.) Malombe;-12.408333;-40.535833;Bastos, C;5590;Vilas Boas-Bastos, SB;76281B;ALCB;UFBA;43789;121
GBIF;Bryophyta;Pterobryaceae;Orthostichopsis tortipilis;(Lehm. & Lindenb.) Malombe;-12.408333;-40.535833;Freitas, R de;71;Bastos, C.;71899;ALCB;UFBA;43789;121
GBIF;Bryophyta;Pterobryaceae;Orthostichopsis tortipilis;(Lehm. & Lindenb.) Malombe;-12.408333;-40.535833;Freitas, R de;89;Bastos, C.;71826;ALCB;UFBA;43789;121
GBIF;Bryophyta;Pterobryaceae;Orthostichopsis tortipilis;(Lehm. & Lindenb.) Malombe;-12.408333;-40.535833;Sara, A;s/n;Bastos, C.;71723;ALCB;UFBA;43789;121
GBIF;Bryophyta;Pterobryaceae;Orthostichopsis tortipilis;(Lehm. & Lindenb.) Malombe;-12.408333;-40.535833;Vilas Boas-Bastos, SB;2626;Vilas Boas-Bastos, SB;71722;ALCB;UFBA;43789;121
GBIF;Bryophyta;Pterobryaceae;Orthostichopsis tortipilis;(Lehm. & Lindenb.) Malombe;-12.408333;-40.535833;Sara, A;114;Vilas Boas-Bastos, SB;71903B;ALCB;UFBA;43789;121
GBIF;Bryophyta;Pterobryaceae;Orthostichopsis tortipilis;(Lehm. & Lindenb.) Malombe;-12.408333;-40.535833;Vilas Boas-Bastos, SB;2644;Vilas Boas-Bastos, SB;76018;ALCB;UFBA;43789;121
GBIF;Bryophyta;Pterobryaceae;Orthostichopsis tortipilis;(Lehm. & Lindenb.) Malombe;-12.408333;-40.535833;Bastos, C;5565;Vilas Boas-Bastos, SB;76275;ALCB;UFBA;43789;121
GBIF;Bryophyta;Pterobryaceae;Orthostichopsis tortipilis;(Lehm. & Lindenb.) Malombe;-12.4;-40.533333;Vilas Boas-Bastos, SB;2618;Vilas Boas-Bastos, SB;76279;ALCB;UFBA;43789;121
GBIF;Bryophyta;Pterobryaceae;Orthostichopsis tortipilis;(Lehm. & Lindenb.) Malombe;-12.4;-40.533333;Cardoso, D;s/n;Vilas Boas-Bastos, SB;76211;ALCB;UFBA;43789;121
GBIF;Marchantiophyta;Plagiochilaceae;Plagiochila corrugata;(Lehm. & Lindenb.) Malombe;-12.408333;-40.535833;Bastos, C;5596;Bastos, C.;191554;ALCB;UFBA;43789;121
GBIF;Marchantiophyta;Plagiochilaceae;Plagiochila corrugata;(Lehm. & Lindenb.) Malombe;-12.408333;-40.535833;Bastos, C;5553;Boas-Bastos, S. B. V;191514;ALCB;UFBA;43789;121
GBIF;Marchantiophyta;Plagiochilaceae;Plagiochila disticha;(Lehm. & Lindenb.) Malombe;-12.408333;-40.535833;Sara, A;71;Boas-Bastos, S. B. V;191167;ALCB;UFBA;43789;121
GBIF;Marchantiophyta;Plagiochilaceae;Plagiochila martiana;(Lehm. & Lindenb.) Malombe;-12.408333;-40.535833;Bastos, C;5552;Bastos, C.;191180;ALCB;UFBA;43789;121
GBIF;Marchantiophyta;Plagiochilaceae;Plagiochila martiana;(Lehm. & Lindenb.) Malombe;-12.408333;-40.535833;Bastos, C;5564;Bastos, C.;191176;ALCB;UFBA;43789;121
GBIF;Marchantiophyta;Plagiochilaceae;Plagiochila martiana;(Lehm. & Lindenb.) Malombe;-12.408333;-40.535833;Vilas Boas-Bastos, SB;2624;Boas-Bastos, S. B. V;191161;ALCB;UFBA;43789;121
GBIF;Marchantiophyta;Plagiochilaceae;Plagiochila martiana;(Lehm. & Lindenb.) Malombe;-12.408333;-40.535833;Bastos, C;5560;Bastos, C.;191186;ALCB;UFBA;43789;121
GBIF;Marchantiophyta;Plagiochilaceae;Plagiochila martiana;(Lehm. & Lindenb.) Malombe;-12.408333;-40.535833;Sara, A;76;Bastos, C.;191179;ALCB;UFBA;43789;121
GBIF;Marchantiophyta;Plagiochilaceae;Plagiochila raddiana;(Lehm. & Lindenb.) Malombe;-12.408333;-40.535833;Cardoso, D;s/n;Bastos, C.;191185;ALCB;UFBA;43789;121
GBIF;Marchantiophyta;Plagiochilaceae;Plagiochila raddiana;(Lehm. & Lindenb.) Malombe;-12.408333;-40.535833;Vilas Boas-Bastos, SB;2641-A;Bastos, C.;191197;ALCB;UFBA;43789;121
GBIF;Marchantiophyta;Plagiochilaceae;Plagiochila raddiana;(Lehm. & Lindenb.) Malombe;-12.408333;-40.535833;Sara, A;120;Boas-Bastos, S. B. V;150123;ALCB;UFBA;43789;121
GBIF;Marchantiophyta;Plagiochilaceae;Plagiochila raddiana;(Lehm. & Lindenb.) Malombe;-12.408333;-40.535833;Freitas, R de;132;Bastos, C.;150126;ALCB;UFBA;43789;121
GBIF;Marchantiophyta;Plagiochilaceae;Plagiochila raddiana;(Lehm. & Lindenb.) Malombe;-12.408333;-40.535833;Sara, A;95;Boas-Bastos, S. B. V;170669;ALCB;UFBA;43789;121
GBIF;Marchantiophyta;Plagiochilaceae;Plagiochila raddiana;(Lehm. & Lindenb.) Malombe;-12.408333;-40.535833;Sara, A;107;Boas-Bastos, S. B. V;170670;ALCB;UFBA;43789;121
GBIF;Bryophyta;Racopilaceae;Racopilum tomentosum;(Lehm. & Lindenb.) Malombe;-12.408333;-40.535833;Vilas Boas-Bastos, SB;2625;Vilas Boas-Bastos, SB;71769;ALCB;UFBA;43789;121
GBIF;Bryophyta;Racopilaceae;Racopilum tomentosum;(Lehm. & Lindenb.) Malombe;-12.408333;-40.535833;Vilas Boas-Bastos, SB;2646;Vilas Boas-Bastos, SB;76212;ALCB;UFBA;43789;121
GBIF;Bryophyta;Racopilaceae;Racopilum tomentosum;(Lehm. & Lindenb.) Malombe;-12.408333;-40.535833;Sara, A;68;Vilas Boas-Bastos, SB;76219B;ALCB;UFBA;43789;121
GBIF;Marchantiophyta;Lejeuneaceae;Rectolejeunea emarginuliflora;(Lehm. & Lindenb.) Malombe;-12.408333;-40.535833;Rodrigues, K;84;Bastos, C.;76273B;ALCB;UFBA;43789;121
GBIF;Marchantiophyta;Lejeuneaceae;Rectolejeunea emarginuliflora;(Lehm. & Lindenb.) Malombe;-12.408333;-40.535833;Rodrigues, K;77;Bastos, C.;75845;ALCB;UFBA;43789;121
GBIF;Marchantiophyta;Lejeuneaceae;Rectolejeunea emarginuliflora;(Lehm. & Lindenb.) Malombe;-12.408333;-40.535833;Rodrigues, K;83;Bastos, C.;76215;ALCB;UFBA;43789;121
GBIF;Marchantiophyta;Lejeuneaceae;Rectolejeunea emarginuliflora;(Lehm. & Lindenb.) Malombe;-12.408333;-40.535833;Bastos, C;5591;Boas-Bastos, S. B. V;76272;ALCB;UFBA;43789;121
GBIF;Marchantiophyta;Lejeuneaceae;Rectolejeunea emarginuliflora;(Lehm. & Lindenb.) Malombe;-12.408333;-40.535833;Rodrigues, K;68;Boas-Bastos, S. B. V;76219A;ALCB;UFBA;43789;121
GBIF;Marchantiophyta;Lejeuneaceae;Rectolejeunea emarginuliflora;(Lehm. & Lindenb.) Malombe;-12.408333;-40.535833;Vilas Boas-Bastos, SB;2629;Boas-Bastos, S. B. V;76219;ALCB;UFBA;43789;121
GBIF;Marchantiophyta;Lejeuneaceae;Rectolejeunea emarginuliflora;(Lehm. & Lindenb.) Malombe;-12.408333;-40.535833;Rodrigues, K;72;Bastos, C.;76293;ALCB;UFBA;43789;121
GBIF;Marchantiophyta;Lejeuneaceae;Rectolejeunea emarginuliflora;(Lehm. & Lindenb.) Malombe;-12.408333;-40.535833;Rodrigues, K;71;Bastos, C.;126995;ALCB;UFBA;43789;121
GBIF;Marchantiophyta;Lejeuneaceae;Rectolejeunea emarginuliflora;(Lehm. & Lindenb.) Malombe;-12.408333;-40.535833;Bastos, C;5595;Boas-Bastos, S. B. V;126995;ALCB;UFBA;43789;121
GBIF;Marchantiophyta;Lejeuneaceae;Rectolejeunea versifolia;(Lehm. & Lindenb.) Malombe;-12.408333;-40.535833;Bastos, C;5594;Bastos, C.;90226287;ALCB;UFBA;43789;121
GBIF;Marchantiophyta;Lejeuneaceae;Rectolejeunea versifolia;(Lehm. & Lindenb.) Malombe;-12.408333;-40.535833;Rodrigues, K;56-A;Bastos, C.;85054A;ALCB;UFBA;43789;121
GBIF;Marchantiophyta;Lejeuneaceae;Rectolejeunea versifolia;(Lehm. & Lindenb.) Malombe;-12.408333;-40.535833;Bastos, C;5562;Bastos, C.;85054B;ALCB;UFBA;43789;121
GBIF;Marchantiophyta;Lejeuneaceae;Rectolejeunea versifolia;(Lehm. & Lindenb.) Malombe;-12.408333;-40.535833;Bastos, C;5599;Bastos, C.;85055A;ALCB;UFBA;43789;121
GBIF;Bryophyta;Brachytheciaceae;Rhynchostegium serrulatum;(Lehm. & Lindenb.) Malombe;-12.408333;-40.535833;Freitas, R de;108;Bastos, C.;85053;ALCB;UFBA;43789;121
GBIF;Bryophyta;Brachytheciaceae;Rhynchostegium serrulatum;(Lehm. & Lindenb.) Malombe;-12.408333;-40.535833;Sara, A;63;Vilas Boas-Bastos, SB;84974B;ALCB;UFBA;43789;121
GBIF;Marchantiophyta;Lejeuneaceae;Schiffneriolejeunea polycarpa;(Lehm. & Lindenb.) Malombe;-12.408333;-40.535833;Bastos, C;5598-A;Bastos, C.;090806;ALCB;UFBA;43789;121
GBIF;Marchantiophyta;Lejeuneaceae;Schiffneriolejeunea polycarpa;(Lehm. & Lindenb.) Malombe;-12.408333;-40.535833;Sara, A;74;Bastos, C.;090807;ALCB;UFBA;43789;121
GBIF;Marchantiophyta;Lejeuneaceae;Schiffneriolejeunea polycarpa;(Lehm. & Lindenb.) Malombe;-12.408333;-40.535833;Sara, A;119-A;Boas-Bastos, S. B. V;84941A;ALCB;UFBA;43789;121
GBIF;Bryophyta;Orthotrichaceae;Schlotheimia rugifolia;(Lehm. & Lindenb.) Malombe;-12.408333;-40.535833;Freitas, R de;122;Bastos, C.;84931G;ALCB;UFBA;43789;121
GBIF;Bryophyta;Orthotrichaceae;Schlotheimia rugifolia;(Lehm. & Lindenb.) Malombe;-12.408333;-40.535833;Freitas, R de;82;Bastos, C.;84916F;ALCB;UFBA;43789;121
GBIF;Bryophyta;Orthotrichaceae;Schlotheimia rugifolia;(Lehm. & Lindenb.) Malombe;-12.408333;-40.535833;Bastos, C;5597;Vilas Boas-Bastos, SB;84928D;ALCB;UFBA;43789;121
GBIF;Bryophyta;Pterobryaceae;Spiridentopsis longissima;(Lehm. & Lindenb.) Malombe;-12.408333;-40.535833;Cardoso, D;3603;Vilas Boas-Bastos, SB;84901A;ALCB;UFBA;43789;121
GBIF;Bryophyta;Pterobryaceae;Spiridentopsis longissima;(Lehm. & Lindenb.) Malombe;-12.408333;-40.535833;Sara, A;85;Vilas Boas-Bastos, SB;84901I;ALCB;UFBA;43789;121
GBIF;Bryophyta;Calymperaceae;Syrrhopodon gaudichaudii;(Lehm. & Lindenb.) Malombe;-12.408333;-40.535833;Freitas, R de;66;Bastos, C.;RB00922031;ALCB;UFBA;43789;121
GBIF;Bryophyta;Calymperaceae;Syrrhopodon gaudichaudii;(Lehm. & Lindenb.) Malombe;-12.408333;-40.535833;Sara, A;s/n;Bastos, C.;88417;ALCB;UFBA;43789;121
GBIF;Bryophyta;Calymperaceae;Syrrhopodon incompletus;(Lehm. & Lindenb.) Malombe;-12.408333;-40.535833;Freitas, R de;90;Freitas, R de;72178;ALCB;UFBA;43789;121
GBIF;Bryophyta;Calymperaceae;Syrrhopodon parasiticus;(Lehm. & Lindenb.) Malombe;-12.408333;-40.535833;Freitas, R de;129;Bastos, C.;74228;ALCB;UFBA;43789;121
GBIF;Bryophyta;Calymperaceae;Syrrhopodon parasiticus;(Lehm. & Lindenb.) Malombe;-12.408333;-40.535833;Vilas Boas-Bastos, SB;2621;Vilas Boas-Bastos, SB;191267;ALCB;UFBA;43789;121
GBIF;Bryophyta;Calymperaceae;Syrrhopodon prolifer;(Lehm. & Lindenb.) Malombe;-12.408333;-40.535833;Bastos, C;5547;Vilas Boas-Bastos, SB;191252;ALCB;UFBA;43789;121
GBIF;Bryophyta;Calymperaceae;Syrrhopodon prolifer;(Lehm. & Lindenb.) Malombe;-12.408333;-40.535833;Sara, A;82;Vilas Boas-Bastos, SB;191256;ALCB;UFBA;43789;121
GBIF;Marchantiophyta;Lepidoziaceae;Telaranea nematodes;(Lehm. & Lindenb.) Malombe;-12.408333;-40.535833;Sara, A;81;Boas-Bastos, S. B. V;188022;ALCB;UFBA;43789;121
GBIF;Marchantiophyta;Lepidoziaceae;Telaranea nematodes;(Lehm. & Lindenb.) Malombe;-12.408333;-40.535833;Freitas, R de;121;Santos, I. A. M.;53267;ALCB;UFBA;43789;121
GBIF;Bryophyta;Pottiaceae;Tortella tortuosa;(Lehm. & Lindenb.) Malombe;-12.408333;-40.535833;Freitas, R de;60;Bastos, C.;87273;ALCB;UFBA;43789;121
GBIF;Bryophyta;Pottiaceae;Tortella tortuosa;(Lehm. & Lindenb.) Malombe;-12.408333;-40.535833;Sara, A;66;Vilas Boas-Bastos, SB;87274;ALCB;UFBA;43789;121
GBIF;Bryophyta;Pottiaceae;Chionoloma tenuirostre;(Lehm. & Lindenb.) Malombe;-12.408333;-40.535833;Freitas, R de;127;Vilas Boas-Bastos, SB;237201;ALCB;UFBA;43789;121
GBIF;Bryophyta;Pottiaceae;Chionoloma tenuirostre;(Lehm. & Lindenb.) Malombe;-12.408333;-40.535833;Santos, IAM;49;Vilas Boas-Bastos, SB;089806;ALCB;UFBA;43789;121
GBIF;Bryophyta;Pylaisiadelphaceae;Wijkia flagellifera;(Lehm. & Lindenb.) Malombe;-12.408333;-40.535833;Sara, A;83;Vilas Boas-Bastos, SB;190323;ALCB;UFBA;43789;121
GBIF;Bryophyta;Pylaisiadelphaceae;Wijkia flagellifera;(Lehm. & Lindenb.) Malombe;-12.408333;-40.535833;Sara, A;93;Vilas Boas-Bastos, SB;190326;ALCB;UFBA;43789;121
GBIF;Bryophyta;Brachytheciaceae;Zelometeorium patulum;(Lehm. & Lindenb.) Malombe;-12.408333;-40.535833;Vilas Boas-Bastos, SB;2639;Vilas Boas-Bastos, SB;111534;ALCB;UFBA;43789;121
GBIF;Bryophyta;Brachytheciaceae;Zelometeorium patulum;(Lehm. & Lindenb.) Malombe;-12.408333;-40.535833;Sara, A;111;Vilas Boas-Bastos, SB;111528;ALCB;UFBA;43789;121
GBIF;Bryophyta;Brachytheciaceae;Zelometeorium patulum;(Lehm. & Lindenb.) Malombe;-12.408333;-40.535833;Sara, A;112;Vilas Boas-Bastos, SB;111529;ALCB;UFBA;43789;121
GBIF;Marchantiophyta;Lejeuneaceae;Acrolejeunea emergens;(Lehm. & Lindenb.) Malombe;-11.402052;-40.53837;Santos, M;1704;Santos, M.;137601;ALCB;UFBA;43824;122
GBIF;Marchantiophyta;Lejeuneaceae;Anoplolejeunea conferta;(Lehm. & Lindenb.) Malombe;-11.399018;-40.546668;Bastos, C;3633;Bastos, C.;102499863;ALCB;UFBA;43824;122
GBIF;Marchantiophyta;Lejeuneaceae;Anoplolejeunea conferta;(Lehm. & Lindenb.) Malombe;-11.399018;-40.546668;"Bastos, C; Vilas Boas-Bastos, SB";3746;Bastos, C.;1054301;ALCB;UFBA;43824;122
GBIF;Marchantiophyta;Lejeuneaceae;Anoplolejeunea conferta;(Lehm. & Lindenb.) Malombe;-11.399018;-40.546668;"Bastos, C; Vilas Boas-Bastos, SB";3728;Bastos, C.;134994;ALCB;UFBA;43824;122
GBIF;Marchantiophyta;Lejeuneaceae;Anoplolejeunea conferta;(Lehm. & Lindenb.) Malombe;-11.399018;-40.546668;"Bastos, C; Vilas Boas-Bastos, SB";3710;Bastos, C.;134993;ALCB;UFBA;43824;122
GBIF;Marchantiophyta;Lejeuneaceae;Anoplolejeunea conferta;(Mitt.) M. Menzel;-11.399018;-40.546668;"Bastos, C; Vilas Boas-Bastos, SB";3667;Bastos, C.;131816;ALCB;UFBA;43824;122
GBIF;Marchantiophyta;Lejeuneaceae;Anoplolejeunea conferta;(Hook. & Taylor) M. Alonso, M.J. Cano & J.A. Jiménez;-11.399018;-40.546668;"Bastos, C; Vilas Boas-Bastos, SB";3589;Bastos, C.;87709;ALCB;UFBA;43824;122
GBIF;Marchantiophyta;Lejeuneaceae;Anoplolejeunea conferta;(Hook. & Taylor) M. Alonso, M.J. Cano & J.A. Jiménez;-11.399018;-40.546668;"Bastos, C; Vilas Boas-Bastos, SB";3742;Bastos, C.;148249;ALCB;UFBA;43824;122
GBIF;Marchantiophyta;Lejeuneaceae;Anoplolejeunea conferta;(Hook. & Taylor) M. Alonso, M.J. Cano & J.A. Jiménez;-11.399018;-40.546668;"Bastos, C; Vilas Boas-Bastos, SB";3648;Bastos, C.;133347;ALCB;UFBA;43824;122
GBIF;Marchantiophyta;Lejeuneaceae;Anoplolejeunea conferta;(Hook. & Taylor) M. Alonso, M.J. Cano & J.A. Jiménez;-11.399018;-40.546668;"Bastos, C; Vilas Boas-Bastos, SB";3614;Bastos, C.;87709;ALCB;UFBA;43824;122
GBIF;Marchantiophyta;Lejeuneaceae;Anoplolejeunea conferta;(Hook. & Taylor) M. Alonso, M.J. Cano & J.A. Jiménez;-11.399018;-40.546668;"Bastos, C; Vilas Boas-Bastos, SB";3706;Bastos, C.;148247;ALCB;UFBA;43824;122
GBIF;Marchantiophyta;Lejeuneaceae;Anoplolejeunea conferta;(Nees) Grolle;-11.399018;-40.546668;Bastos, C;4047-A;Bastos, C.;550555;ALCB;UFBA;43824;122
GBIF;Marchantiophyta;Lepidoziaceae;Bazzania aurescens;(Hampe) W.R. Buck;-11.399018;-40.546668;"Bastos, C; Vilas Boas-Bastos, SB";3760;Bastos, C.;64232;ALCB;UFBA;43824;122
GBIF;Marchantiophyta;Lepidoziaceae;Bazzania aurescens;(Hampe) W.R. Buck;-11.399018;-40.546668;"Bastos, C; Vilas Boas-Bastos, SB";3668;Bastos, C.;64114;ALCB;UFBA;43824;122
GBIF;Marchantiophyta;Lepidoziaceae;Bazzania aurescens;(Hook.) Hampe;-11.399018;-40.546668;"Bastos, C; Vilas Boas-Bastos, SB";3601;Bastos, C.;64125;ALCB;UFBA;43824;122
GBIF;Marchantiophyta;Lepidoziaceae;Bazzania aurescens;(Hook.) Hampe;-11.399018;-40.546668;"Bastos, C; Vilas Boas-Bastos, SB";3586;Bastos, C.;1408195;ALCB;UFBA;43824;122
GBIF;Marchantiophyta;Lepidoziaceae;Bazzania aurescens;(Hook.) Hampe;-11.397234;-40.526842;Bastos, C;4038;Bastos, C.;84153;ALCB;UFBA;43824;122
GBIF;Marchantiophyta;Lepidoziaceae;Bazzania hookeri;(Lehm.) A. Evans;-11.399018;-40.546668;"Bastos, C; Vilas Boas-Bastos, SB";3660;Bastos, C.;84189;ALCB;UFBA;43824;122
GBIF;Marchantiophyta;Lepidoziaceae;Bazzania nitida;(Lehm.) A. Evans;-11.402052;-40.53837;Santos, M;1688;Santos, M.;84216;ALCB;UFBA;43824;122
GBIF;Marchantiophyta;Lepidoziaceae;Bazzania nitida;(Lehm.) A. Evans;-11.397234;-40.526842;Bastos, C;4034-B;Bastos, C.;84235;ALCB;UFBA;43824;122
GBIF;Marchantiophyta;Lejeuneaceae;Brachiolejeunea leiboldiana;(Lehm.) A. Evans;-11.399;-40.5467;"Bastos, C; Vilas Boas-Bastos, SB";3683;Bastos, C.;64139;ALCB;UFBA;43824;122
GBIF;Bryophyta;Sematophyllaceae;Brittonodoxa subpinnata;(Lehm.) A. Evans;-11.399018;-40.546668;"Bastos, C; Vilas Boas-Bastos, SB";3639;Bastos, C.;64255;ALCB;UFBA;43824;122
GBIF;Bryophyta;Sematophyllaceae;Brittonodoxa subpinnata;(Lehm.) A. Evans;-11.399018;-40.546668;"Bastos, C; Vilas Boas-Bastos, SB";3712;Bastos, C.;64191;ALCB;UFBA;43824;122
GBIF;Bryophyta;Sematophyllaceae;Brittonodoxa subpinnata;(Lehm.) A. Evans;-11.399018;-40.546668;"Bastos, C; Vilas Boas-Bastos, SB";3764;Bastos, C.;64110;ALCB;UFBA;43824;122
GBIF;Bryophyta;Sematophyllaceae;Brittonodoxa subpinnata;(Lehm.) A. Evans;-11.399018;-40.546668;"Bastos, C; Vilas Boas-Bastos, SB";3765;Bastos, C.;64112;ALCB;UFBA;43824;122
GBIF;Bryophyta;Sematophyllaceae;Brittonodoxa subpinnata;(Mont.) A. Evans;-11.399018;-40.546668;"Bastos, C; Vilas Boas-Bastos, SB";3762;Bastos, C.;64237;ALCB;UFBA;43824;122
GBIF;Bryophyta;Sematophyllaceae;Brittonodoxa subpinnata;(Mont.) A. Evans;-11.39651;-40.53822;"Bastos, C; Vilas Boas-Bastos, SB";3333;Bastos, C.;64186;ALCB;UFBA;43824;122
GBIF;Bryophyta;Sematophyllaceae;Brittonodoxa subpinnata;(Mont.) A. Evans;-11.39651;-40.53822;"Bastos, C; Vilas Boas-Bastos, SB";3613;Bastos, C.;64136;ALCB;UFBA;43824;122
GBIF;Bryophyta;Sematophyllaceae;Brittonodoxa subpinnata;(Mont.) A. Evans;-11.39651;-40.53822;"Bastos, C; Vilas Boas-Bastos, SB";3424;Bastos, C.;64248;ALCB;UFBA;43824;122
GBIF;Marchantiophyta;Lejeuneaceae;Bryopteris diffusa;A. Evans;-11.397234;-40.526842;Bastos, C;4039;Bastos, C.;64231;ALCB;UFBA;43824;122
GBIF;Bryophyta;Callicostaceae;Callicostella rufescens;A. Evans;-11.39651;-40.53822;"Bastos, C; Vilas Boas-Bastos, SB";3292;Bastos, C.;28266;ALCB;UFBA;43824;122
GBIF;Bryophyta;Leucobryaceae;Campylopus arctocarpus;A. Evans;-11.399018;-40.546668;Bastos, C;3604;Bastos, C.;64160;ALCB;UFBA;43824;122
GBIF;Bryophyta;Leucobryaceae;Campylopus arctocarpus;A. Evans;-11.399018;-40.546668;Santos, M;227;Santos, M.;64145;ALCB;UFBA;43824;122
GBIF;Bryophyta;Leucobryaceae;Campylopus arctocarpus;A. Evans;-11.397234;-40.526842;Santos, M;983;Santos, M.;64126;ALCB;UFBA;43824;122
GBIF;Bryophyta;Leucobryaceae;Campylopus filifolius;A. Evans;-11.399018;-40.546668;"Bastos, C; Vilas Boas-Bastos, SB";3615;Bastos, C.;119371;ALCB;UFBA;43824;122
GBIF;Bryophyta;Leucobryaceae;Campylopus filifolius;R.L. Zhu;-11.399018;-40.546668;"Bastos, C; Vilas Boas-Bastos, SB";3588;Bastos, C.;119409;ALCB;UFBA;43824;122
GBIF;Bryophyta;Leucobryaceae;Campylopus filifolius;(Nees & Mont.) Schiffn.;-11.399018;-40.546668;"Bastos, C; Vilas Boas-Bastos, SB";3625;Bastos, C.;119407;ALCB;UFBA;43824;122
GBIF;Bryophyta;Leucobryaceae;Campylopus filifolius;(Spruce) Bernecker & Pócs;-11.399018;-40.546668;"Bastos, C; Vilas Boas-Bastos, SB";3643;Bastos, C.;119285;ALCB;UFBA;43824;122
GBIF;Bryophyta;Leucobryaceae;Campylopus filifolius;Tixier;-11.399018;-40.546668;"Bastos, C; Vilas Boas-Bastos, SB";3749;Bastos, C.;112900;ALCB;UFBA;43824;122
GBIF;Bryophyta;Leucobryaceae;Campylopus julaceus;Tixier;-11.406385;-40.527677;Santos, M;993;Santos, M.;119654;ALCB;UFBA;43824;122
GBIF;Bryophyta;Leucobryaceae;Campylopus occultus;Jovet-Ast;-11.399018;-40.546668;"Bastos, C; Vilas Boas-Bastos, SB";3720;Bastos, C.;119604;ALCB;UFBA;43824;122
GBIF;Bryophyta;Leucobryaceae;Campylopus occultus;(A. Evans) Steph.;-11.397234;-40.526842;Santos, M;981;Santos, M.;119591;ALCB;UFBA;43824;122
GBIF;Bryophyta;Leucobryaceae;Campylopus pilifer;(A. Evans) Steph.;-11.406385;-40.527677;Santos, M;1663;Santos, M.;119213;ALCB;UFBA;43824;122
GBIF;Bryophyta;Leucobryaceae;Campylopus pilifer;(Nees) Whittem. & Bischl.;-11.406385;-40.527677;Santos, M;1002;Santos, M.;119705;ALCB;UFBA;43824;122
GBIF;Bryophyta;Leucobryaceae;Campylopus pilifer;(Nees) Whittem. & Bischl.;-11.406385;-40.527677;Santos, M;1029;Santos, M.;119707;ALCB;UFBA;43824;122
GBIF;Bryophyta;Leucobryaceae;Campylopus pilifer;(Nees) Whittem. & Bischl.;-11.406385;-40.527677;Santos, M;999;Santos, M.;119706;ALCB;UFBA;43824;122
GBIF;Bryophyta;Leucobryaceae;Campylopus pilifer;(Nees) Whittem. & Bischl.;-11.399018;-40.546668;"Bastos, C; Vilas Boas-Bastos, SB";3618;Bastos, C.;119485;ALCB;UFBA;43824;122
GBIF;Bryophyta;Leucobryaceae;Campylopus savannarum;(Nees) Whittem. & Bischl.;-11.406385;-40.527677;Ballejos, J;1157;Ballejos, J.;119519;ALCB;UFBA;43824;122
GBIF;Bryophyta;Leucobryaceae;Campylopus savannarum;(Nees) Whittem. & Bischl.;-11.406385;-40.527677;Santos, M;1001;Santos, M.;119657;ALCB;UFBA;43824;122
GBIF;Bryophyta;Leucobryaceae;Campylopus savannarum;(Nees) Whittem. & Bischl.;-11.406385;-40.527677;Santos, M;995;Santos, M.;119664;ALCB;UFBA;43824;122
GBIF;Bryophyta;Leucobryaceae;Campylopus savannarum;(Nees) Whittem. & Bischl.;-11.406385;-40.527677;Santos, M;996;Santos, M.;119658;ALCB;UFBA;43824;122
GBIF;Bryophyta;Leucobryaceae;Campylopus savannarum;(Nees) Whittem. & Bischl.;-11.399018;-40.546668;"Bastos, C; Vilas Boas-Bastos, SB";3631;Bastos, C.;119465;ALCB;UFBA;43824;122
GBIF;Bryophyta;Leucobryaceae;Campylopus savannarum;(Nees) Whittem. & Bischl.;-11.399018;-40.546668;"Bastos, C; Vilas Boas-Bastos, SB";3729;Bastos, C.;119593;ALCB;UFBA;43824;122
GBIF;Bryophyta;Leucobryaceae;Campylopus savannarum;(Nees) Whittem. & Bischl.;-11.397234;-40.526842;Santos, M;986;Santos, M.;119255;ALCB;UFBA;43824;122
GBIF;Bryophyta;Leucobryaceae;Campylopus trachyblepharon;(Nees) Whittem. & Bischl.;-11.406385;-40.527677;Ballejos, J;1159;Ballejos, J.;119555;ALCB;UFBA;43824;122
GBIF;Bryophyta;Leucobryaceae;Campylopus trachyblepharon;(Nees) Whittem. & Bischl.;-11.406385;-40.527677;Ballejos, J;1665;Ballejos, J.;119550;ALCB;UFBA;43824;122
GBIF;Bryophyta;Leucobryaceae;Campylopus trachyblepharon;(Nees) Whittem. & Bischl.;-11.406385;-40.527677;Santos, M;998;Santos, M.;119767;ALCB;UFBA;43824;122
GBIF;Marchantiophyta;Lejeuneaceae;Cheilolejeunea adnata;(Nees) Whittem. & Bischl.;-11.399018;-40.546668;"Bastos, C; Vilas Boas-Bastos, SB";3770;Bastos, C.;119350;ALCB;UFBA;43824;122
GBIF;Marchantiophyta;Lejeuneaceae;Cheilolejeunea adnata;(Mont.) Grolle;-11.399018;-40.546668;"Bastos, C; Vilas Boas-Bastos, SB";3727;Bastos, C.;119395;ALCB;UFBA;43824;122
GBIF;Marchantiophyta;Lejeuneaceae;Cheilolejeunea adnata;(Mont.) Grolle;-11.399018;-40.546668;"Bastos, C; Vilas Boas-Bastos, SB";3662;Bastos, C.;119771;ALCB;UFBA;43824;122
GBIF;Marchantiophyta;Lejeuneaceae;Cheilolejeunea adnata;(Mont.) Grolle;-11.399018;-40.546668;"Bastos, C; Vilas Boas-Bastos, SB";3671;Bastos, C.;119684;ALCB;UFBA;43824;122
GBIF;Marchantiophyta;Lejeuneaceae;Cheilolejeunea adnata;(Mont.) Grolle;-11.399018;-40.546668;"Bastos, C; Vilas Boas-Bastos, SB";3635;Bastos, C.;119685;ALCB;UFBA;43824;122
GBIF;Marchantiophyta;Lejeuneaceae;Cheilolejeunea adnata;(Mont.) Grolle;-11.399018;-40.546668;"Bastos, C; Vilas Boas-Bastos, SB";3595;Bastos, C.;119687-A;ALCB;UFBA;43824;122
GBIF;Marchantiophyta;Lejeuneaceae;Cheilolejeunea adnata;(Mont.) Grolle;-11.399018;-40.546668;"Bastos, C; Vilas Boas-Bastos, SB";3698;Bastos, C.;119686;ALCB;UFBA;43824;122
GBIF;Marchantiophyta;Lejeuneaceae;Cheilolejeunea conchifolia;(Mont.) Grolle;-11.399018;-40.546668;"Bastos, C; Vilas Boas-Bastos, SB";3651;Bastos, C.;119681;ALCB;UFBA;43824;122
GBIF;Marchantiophyta;Lejeuneaceae;Cheilolejeunea filiformis;(Mont.) Grolle;-11.399018;-40.546668;"Bastos, C; Vilas Boas-Bastos, SB";3652;Bastos, C.;119495;ALCB;UFBA;43824;122
GBIF;Marchantiophyta;Lejeuneaceae;Cheilolejeunea filiformis;(Mont.) Grolle;-11.399018;-40.546668;"Bastos, C; Vilas Boas-Bastos, SB";3684;Bastos, C.;119493;ALCB;UFBA;43824;122
GBIF;Marchantiophyta;Lejeuneaceae;Cheilolejeunea rigidula;(Mont.) Grolle;-11.399018;-40.546668;"Bastos, C; Vilas Boas-Bastos, SB";3772;Bastos, C.;119440;ALCB;UFBA;43824;122
GBIF;Marchantiophyta;Lejeuneaceae;Cheilolejeunea rigidula;(Mont.) Grolle;-11.399018;-40.546668;"Bastos, C; Vilas Boas-Bastos, SB";3607;Bastos, C.;119227;ALCB;UFBA;43824;122
GBIF;Marchantiophyta;Lejeuneaceae;Cheilolejeunea rigidula;(Mont.) Grolle;-11.397234;-40.526842;Bastos, C;4033;Bastos, C.;119500;ALCB;UFBA;43824;122
GBIF;Marchantiophyta;Lejeuneaceae;Cheilolejeunea rigidula;(Mont.) Grolle;-11.397234;-40.526842;Vilas Boas-Bastos, SB;1800-A;Boas-Bastos, S. B. V;119641;ALCB;UFBA;43824;122
GBIF;Marchantiophyta;Lejeuneaceae;Cheilolejeunea rigidula;(Mont.) Grolle;-11.397234;-40.526842;Vilas Boas-Bastos, SB;1800-E;Boas-Bastos, S. B. V;119323;ALCB;UFBA;43824;122
GBIF;Marchantiophyta;Lejeuneaceae;Cheilolejeunea trifaria;(Mont.) Grolle;-11.399018;-40.546668;"Bastos, C; Vilas Boas-Bastos, SB";3748;Bastos, C.;28175;ALCB;UFBA;43824;122
GBIF;Marchantiophyta;Lejeuneaceae;Cheilolejeunea unciloba;(Mont.) Grolle;-11.399018;-40.546668;"Bastos, C; Vilas Boas-Bastos, SB";3691;Bastos, C.;28194;ALCB;UFBA;43824;122
GBIF;Marchantiophyta;Lejeuneaceae;Cheilolejeunea unciloba;(Mont.) Grolle;-11.399018;-40.546668;"Bastos, C; Vilas Boas-Bastos, SB";3737;Bastos, C.;28196;ALCB;UFBA;43824;122
GBIF;Marchantiophyta;Lejeuneaceae;Cheilolejeunea unciloba;(Mont.) Grolle;-11.399018;-40.546668;"Bastos, C; Vilas Boas-Bastos, SB";3647;Bastos, C.;28197;ALCB;UFBA;43824;122
GBIF;Marchantiophyta;Lejeuneaceae;Cheilolejeunea unciloba;(Mont.) Grolle;-11.399018;-40.546668;"Bastos, C; Vilas Boas-Bastos, SB";3616;Bastos, C.;28198;ALCB;UFBA;43824;122
GBIF;Marchantiophyta;Lejeuneaceae;Cheilolejeunea unciloba;(Mont.) Grolle;-11.399018;-40.546668;"Bastos, C; Vilas Boas-Bastos, SB";3580;Bastos, C.;28201;ALCB;UFBA;43824;122
GBIF;Marchantiophyta;Lejeuneaceae;Cheilolejeunea unciloba;(Mont.) Grolle;-11.399018;-40.546668;"Bastos, C; Vilas Boas-Bastos, SB";3617;Bastos, C.;28200;ALCB;UFBA;43824;122
GBIF;Marchantiophyta;Lejeuneaceae;Cheilolejeunea unciloba;(Mont.) Grolle;-11.399018;-40.546668;"Bastos, C; Vilas Boas-Bastos, SB";3623;Bastos, C.;28168;ALCB;UFBA;43824;122
GBIF;Marchantiophyta;Lejeuneaceae;Cheilolejeunea unciloba;(Mont.) Grolle;-11.399018;-40.546668;"Bastos, C; Vilas Boas-Bastos, SB";3594;Bastos, C.;28186;ALCB;UFBA;43824;122
GBIF;Marchantiophyta;Lejeuneaceae;Cheilolejeunea xanthocarpa;(Mont.) Grolle;-11.399018;-40.546668;"Bastos, C; Vilas Boas-Bastos, SB";3752;Bastos, C.;146805;ALCB;UFBA;43824;122
GBIF;Marchantiophyta;Lejeuneaceae;Cheilolejeunea xanthocarpa;(Mont.) Grolle;-11.399018;-40.546668;"Bastos, C; Vilas Boas-Bastos, SB";3753;Bastos, C.;146816;ALCB;UFBA;43824;122
GBIF;Marchantiophyta;Lejeuneaceae;Cheilolejeunea xanthocarpa;(Mont.) Grolle;-11.399018;-40.546668;"Bastos, C; Vilas Boas-Bastos, SB";3730;Bastos, C.;146811;ALCB;UFBA;43824;122
GBIF;Marchantiophyta;Lejeuneaceae;Cheilolejeunea xanthocarpa;(Mont.) Grolle;-11.399018;-40.546668;"Bastos, C; Vilas Boas-Bastos, SB";3593;Bastos, C.;146802;ALCB;UFBA;43824;122
GBIF;Marchantiophyta;Lejeuneaceae;Cheilolejeunea xanthocarpa;(Mont.) Grolle;-11.399018;-40.546668;"Bastos, C; Vilas Boas-Bastos, SB";3611;Bastos, C.;146808;ALCB;UFBA;43824;122
GBIF;Marchantiophyta;Lejeuneaceae;Cheilolejeunea xanthocarpa;(Mont.) Grolle;-11.399018;-40.546668;"Bastos, C; Vilas Boas-Bastos, SB";3657;Bastos, C.;146814;ALCB;UFBA;43824;122
GBIF;Marchantiophyta;Lejeuneaceae;Cheilolejeunea xanthocarpa;(Brid.) Müll. Hal.;-11.399018;-40.546668;"Bastos, C; Vilas Boas-Bastos, SB";3719;Bastos, C.;146810;ALCB;UFBA;43824;122
GBIF;Marchantiophyta;Lejeuneaceae;Cheilolejeunea xanthocarpa;(Brid.) Müll. Hal.;-11.399018;-40.546668;"Bastos, C; Vilas Boas-Bastos, SB";3636;Bastos, C.;146815;ALCB;UFBA;43824;122
GBIF;Marchantiophyta;Lejeuneaceae;Cheilolejeunea xanthocarpa;(Brid.) Müll. Hal.;-11.399018;-40.546668;"Bastos, C; Vilas Boas-Bastos, SB";3575;Bastos, C.;146809;ALCB;UFBA;43824;122
GBIF;Marchantiophyta;Lejeuneaceae;Cheilolejeunea xanthocarpa;(Brid.) Müll. Hal.;-11.399018;-40.546668;"Bastos, C; Vilas Boas-Bastos, SB";3610;Bastos, C.;146819;ALCB;UFBA;43824;122
GBIF;Marchantiophyta;Lejeuneaceae;Cheilolejeunea xanthocarpa;(Brid.) Müll. Hal.;-11.399018;-40.546668;"Bastos, C; Vilas Boas-Bastos, SB";3579;Bastos, C.;146806;ALCB;UFBA;43824;122
GBIF;Marchantiophyta;Lejeuneaceae;Cheilolejeunea xanthocarpa;(Brid.) Müll. Hal.;-11.399018;-40.546668;"Bastos, C; Vilas Boas-Bastos, SB";3713;Bastos, C.;146812;ALCB;UFBA;43824;122
GBIF;Marchantiophyta;Lejeuneaceae;Cheilolejeunea xanthocarpa;(Brid.) Müll. Hal.;-11.399018;-40.546668;"Bastos, C; Vilas Boas-Bastos, SB";3704;Bastos, C.;146803;ALCB;UFBA;43824;122
GBIF;Marchantiophyta;Lejeuneaceae;Cheilolejeunea xanthocarpa;(Nees) L. Söderstr., Crand.-Stotl. & Stotler;-11.399;-40.5467;"Bastos, C; Vilas Boas-Bastos, SB";3768;Bastos, C.;146817;ALCB;UFBA;43824;122
GBIF;Marchantiophyta;Lejeuneaceae;Cheilolejeunea xanthocarpa;(Nees) L. Söderstr., Crand.-Stotl. & Stotler;-11.397234;-40.526842;Bastos, C;3964;Bastos, C.;146818;ALCB;UFBA;43824;122
GBIF;Marchantiophyta;Lejeuneaceae;Cyclolejeunea luteola;(Nees) L. Söderstr., Crand.-Stotl. & Stotler;-11.399018;-40.546668;"Bastos, C; Vilas Boas-Bastos, SB";3664;Bastos, C.;089580;ALCB;UFBA;43824;122
GBIF;Marchantiophyta;Lejeuneaceae;Cyclolejeunea luteola;(Nees) L. Söderstr., Crand.-Stotl. & Stotler;-11.399018;-40.546668;"Bastos, C; Vilas Boas-Bastos, SB";3695;Bastos, C.;089582;ALCB;UFBA;43824;122
GBIF;Marchantiophyta;Lejeuneaceae;Diplasiolejeunea latipuensis;(Nees) L. Söderstr., Crand.-Stotl. & Stotler;-11.399018;-40.546668;"Bastos, C; Vilas Boas-Bastos, SB";3656;Bastos, C.;77826;ALCB;UFBA;43824;122
GBIF;Marchantiophyta;Lejeuneaceae;Diplasiolejeunea unidentata;Mitt.;-11.399;-40.5467;"Bastos, C; Vilas Boas-Bastos, SB";3653;Bastos, C.;61602;ALCB;UFBA;43824;122
GBIF;Bryophyta;Sematophyllaceae;Donnellia commutata;Kunze ex Lehm.;-11.399018;-40.546668;"Bastos, C; Vilas Boas-Bastos, SB";3724;Bastos, C.;77949;ALCB;UFBA;43824;122
GBIF;Bryophyta;Sematophyllaceae;Donnellia commutata;Kunze ex Lehm.;-11.39651;-40.53822;"Bastos, C; Vilas Boas-Bastos, SB";3435;Bastos, C.;51699;ALCB;UFBA;43824;122
GBIF;Marchantiophyta;Lejeuneaceae;Drepanolejeunea anoplantha;(Hedw.) Kuntze;-11.399018;-40.546668;Bastos, C;3584;Bastos, C.;51701;ALCB;UFBA;43824;122
GBIF;Marchantiophyta;Lejeuneaceae;Drepanolejeunea anoplantha;(Hedw.) Kuntze;-11.399018;-40.546668;"Bastos, C; Vilas Boas-Bastos, SB";3769;Bastos, C.;51707;ALCB;UFBA;43824;122
GBIF;Marchantiophyta;Lejeuneaceae;Drepanolejeunea anoplantha;(Hedw.) Kuntze;-11.399018;-40.546668;Bastos, C;4047-B;Bastos, C.;51678;ALCB;UFBA;43824;122
GBIF;Marchantiophyta;Lejeuneaceae;Drepanolejeunea anoplantha;(Lehm. & Lindenb.) A. Evans;-11.397234;-40.526842;Ballejos, J;236;Ballejos, J.;61608;ALCB;UFBA;43824;122
GBIF;Marchantiophyta;Lejeuneaceae;Drepanolejeunea araucariae;(Spruce) Grolle;-11.399018;-40.546668;"Bastos, C; Vilas Boas-Bastos, SB";3744;Bastos, C.;51629;ALCB;UFBA;43824;122
GBIF;Marchantiophyta;Lejeuneaceae;Drepanolejeunea araucariae;(Spruce) Grolle;-11.397234;-40.526842;Vilas Boas-Bastos, SB;1800-C;Boas-Bastos, S. B. V;51817;ALCB;UFBA;43824;122
GBIF;Marchantiophyta;Lejeuneaceae;Drepanolejeunea araucariae;(Spruce) Grolle;-11.397234;-40.526842;Vilas Boas-Bastos, SB;1793-A;Boas-Bastos, S. B. V;51757;ALCB;UFBA;43824;122
GBIF;Marchantiophyta;Lejeuneaceae;Drepanolejeunea araucariae;(Spruce) Grolle;-11.397234;-40.526842;Vilas Boas-Bastos, SB;1799-B;Boas-Bastos, S. B. V;51762;ALCB;UFBA;43824;122
GBIF;Marchantiophyta;Lejeuneaceae;Drepanolejeunea araucariae;(Steph.) R.M. Schust.;-11.397234;-40.526842;Vilas Boas-Bastos, SB;1793-C;Boas-Bastos, S. B. V;51729;ALCB;UFBA;43824;122
GBIF;Marchantiophyta;Lejeuneaceae;Drepanolejeunea mosenii;(Steph.) R.M. Schust.;-11.397234;-40.526842;Vilas Boas-Bastos, SB;1794-B;Boas-Bastos, S. B. V;51800;ALCB;UFBA;43824;122
GBIF;Marchantiophyta;Lejeuneaceae;Drepanolejeunea mosenii;(Mont.) R.M. Schust.;-11.397234;-40.526842;Vilas Boas-Bastos, SB;1793-B;Boas-Bastos, S. B. V;51743;ALCB;UFBA;43824;122
GBIF;Marchantiophyta;Lejeuneaceae;Drepanolejeunea mosenii;(Mont.) R.M. Schust.;-11.397234;-40.526842;Vilas Boas-Bastos, SB;1794-A;Boas-Bastos, S. B. V;51680;ALCB;UFBA;43824;122
GBIF;Marchantiophyta;Lejeuneaceae;Drepanolejeunea mosenii;(Mont.) R.M. Schust.;-11.397234;-40.526842;Vilas Boas-Bastos, SB;1796-A;Boas-Bastos, S. B. V;51716;ALCB;UFBA;43824;122
GBIF;Marchantiophyta;Lejeuneaceae;Drepanolejeunea mosenii;(Mont.) R.M. Schust.;-11.397234;-40.526842;Vilas Boas-Bastos, SB;1805;Boas-Bastos, S. B. V;51660;ALCB;UFBA;43824;122
GBIF;Marchantiophyta;Lejeuneaceae;Drepanolejeunea mosenii;(Mont.) R.M. Schust.;-11.397234;-40.526842;Vilas Boas-Bastos, SB;1796-B;Boas-Bastos, S. B. V;51690;ALCB;UFBA;43824;122
GBIF;Marchantiophyta;Lejeuneaceae;Drepanolejeunea mosenii;(Sm.) Hook. & Taylor;-11.397234;-40.526842;Vilas Boas-Bastos, SB;1799-A;Boas-Bastos, S. B. V;61623;ALCB;UFBA;43824;122
GBIF;Marchantiophyta;Lejeuneaceae;Drepanolejeunea mosenii;Steph.;-11.397234;-40.526842;Vilas Boas-Bastos, SB;1800-D;Boas-Bastos, S. B. V;51807;ALCB;UFBA;43824;122
GBIF;Marchantiophyta;Lejeuneaceae;Drepanolejeunea mosenii;Steph.;-11.397234;-40.526842;Vilas Boas-Bastos, SB;1801;Boas-Bastos, S. B. V;51818;ALCB;UFBA;43824;122
GBIF;Marchantiophyta;Lejeuneaceae;Drepanolejeunea mosenii;Steph.;-11.397234;-40.526842;Vilas Boas-Bastos, SB;1800-B;Boas-Bastos, S. B. V;51705;ALCB;UFBA;43824;122
GBIF;Marchantiophyta;Lejeuneaceae;Harpalejeunea schiffneri;Steph.;-11.397234;-40.526842;Ballejos, J;234-B;Ballejos, J.;77791;ALCB;UFBA;43824;122
GBIF;Marchantiophyta;Lejeuneaceae;Harpalejeunea schiffneri;Steph.;-11.397234;-40.526842;Bastos, C;4023-A;Bastos, C.;77757;ALCB;UFBA;43824;122
GBIF;Marchantiophyta;Lejeuneaceae;Harpalejeunea schiffneri;Tixier;-11.397234;-40.526842;Bastos, C;4023-B;Bastos, C.;77759;ALCB;UFBA;43824;122
GBIF;Marchantiophyta;Lejeuneaceae;Harpalejeunea schiffneri;Tixier;-11.397234;-40.526842;Bastos, C;4031;Bastos, C.;77725;ALCB;UFBA;43824;122
GBIF;Marchantiophyta;Lejeuneaceae;Harpalejeunea stricta;Tixier;-11.397234;-40.526842;Bastos, C;4043;Bastos, C.;79232;ALCB;UFBA;43824;122
GBIF;Marchantiophyta;Lejeuneaceae;Harpalejeunea subacuta;Tixier;-11.399018;-40.546668;"Bastos, C; Vilas Boas-Bastos, SB";3771;Bastos, C.;79133;ALCB;UFBA;43824;122
GBIF;Marchantiophyta;Lejeuneaceae;Harpalejeunea subacuta;Tixier;-11.399018;-40.546668;"Bastos, C; Vilas Boas-Bastos, SB";3573;Bastos, C.;79132;ALCB;UFBA;43824;122
GBIF;Marchantiophyta;Lejeuneaceae;Harpalejeunea subacuta;(C.F.W. Meissn. ex Spreng.) Schiffn.;-11.399018;-40.546668;"Bastos, C; Vilas Boas-Bastos, SB";3622;Bastos, C.;79131;ALCB;UFBA;43824;122
GBIF;Marchantiophyta;Herbertaceae;Herbertus bivittatus;(Lehm. & Lindenb.) Schiffn.;-11.399018;-40.546668;"Bastos, C; Vilas Boas-Bastos, SB";3688;Bastos, C.;79219;ALCB;UFBA;43824;122
GBIF;Marchantiophyta;Herbertaceae;Herbertus bivittatus;(Lehm. & Lindenb.) Schiffn.;-11.399018;-40.546668;"Bastos, C; Vilas Boas-Bastos, SB";3675;Bastos, C.;79218;ALCB;UFBA;43824;122
GBIF;Marchantiophyta;Herbertaceae;Herbertus bivittatus;(Lehm. & Lindenb.) Schiffn.;-11.397234;-40.526842;Santos, M;1507;Santos, M.;79217;ALCB;UFBA;43824;122
GBIF;Bryophyta;Pylaisiadelphaceae;Isopterygium tenerifolium;(Lehm. & Lindenb.) Schiffn.;-11.399018;-40.546668;"Bastos, C; Vilas Boas-Bastos, SB";3545;Bastos, C.;51765;ALCB;UFBA;43824;122
GBIF;Bryophyta;Pylaisiadelphaceae;Isopterygium tenerifolium;(Lehm. & Lindenb.) Schiffn.;-11.399018;-40.546668;"Bastos, C; Vilas Boas-Bastos, SB";3733;Bastos, C.;79098;ALCB;UFBA;43824;122
GBIF;Bryophyta;Pylaisiadelphaceae;Isopterygium tenerifolium;(Lehm. & Lindenb.) Schiffn.;-11.39651;-40.53822;"Bastos, C; Vilas Boas-Bastos, SB";3402;Bastos, C.;79097;ALCB;UFBA;43824;122
GBIF;Bryophyta;Sematophyllaceae;Jirivanaea galipensis;(Lehm. & Lindenb.) Schiffn.;-11.39651;-40.53822;"Bastos, C; Vilas Boas-Bastos, SB";3269;Bastos, C.;51505;ALCB;UFBA;43824;122
GBIF;Marchantiophyta;Lepidoziaceae;Kurzia capillaris;(Lehm. & Lindenb.) Schiffn.;-11.402052;-40.53837;Santos, M;1656;Santos, M.;51544;ALCB;UFBA;43824;122
GBIF;Marchantiophyta;Lepidoziaceae;Kurzia capillaris;(Müll. Hal.) W.R. Buck;-11.399018;-40.546668;"Bastos, C; Vilas Boas-Bastos, SB";3673;Bastos, C.;79685;ALCB;UFBA;43824;122
GBIF;Marchantiophyta;Lepidoziaceae;Kurzia capillaris;(Müll. Hal.) W.R. Buck;-11.399018;-40.546668;"Bastos, C; Vilas Boas-Bastos, SB";3678;Bastos, C.;79130;ALCB;UFBA;43824;122
GBIF;Marchantiophyta;Lepidoziaceae;Kurzia capillaris;(Müll. Hal.) W.R. Buck;-11.399018;-40.546668;"Bastos, C; Vilas Boas-Bastos, SB";3645;Bastos, C.;79128;ALCB;UFBA;43824;122
GBIF;Marchantiophyta;Lepidoziaceae;Kurzia capillaris;(Müll. Hal.) W.R. Buck;-11.397234;-40.526842;Vilas Boas-Bastos, SB;1802;Boas-Bastos, S. B. V;79126;ALCB;UFBA;43824;122
GBIF;Marchantiophyta;Lepidoziaceae;Kurzia capillaris;(Müll. Hal.) W.R. Buck;-11.399018;-40.546668;"Bastos, C; Vilas Boas-Bastos, SB";3577;Bastos, C.;77811;ALCB;UFBA;43824;122
GBIF;Marchantiophyta;Lejeuneaceae;Lejeunea aphanes;(Müll. Hal.) W.R. Buck;-11.397234;-40.526842;Ballejos, J;234-C;Ballejos, J.;79110;ALCB;UFBA;43824;122
GBIF;Marchantiophyta;Lejeuneaceae;Lejeunea flava;(Müll. Hal.) W.R. Buck;-11.399018;-40.546668;"Bastos, C; Vilas Boas-Bastos, SB";3718;Bastos, C.;79390;ALCB;UFBA;43824;122
GBIF;Marchantiophyta;Lejeuneaceae;Lejeunea flava;(Müll. Hal.) W.R. Buck;-11.397234;-40.526842;Bastos, C;4036;Bastos, C.;79389;ALCB;UFBA;43824;122
GBIF;Marchantiophyta;Lejeuneaceae;Lejeunea phyllobola;(Müll. Hal.) W.R. Buck;-11.399018;-40.546668;"Bastos, C; Vilas Boas-Bastos, SB";3641;Bastos, C.;79433;ALCB;UFBA;43824;122
GBIF;Marchantiophyta;Lejeuneaceae;Lejeunea phyllobola;(Müll. Hal.) W.R. Buck;-11.399018;-40.546668;"Bastos, C; Vilas Boas-Bastos, SB";3697;Bastos, C.;79652;ALCB;UFBA;43824;122
GBIF;Marchantiophyta;Lejeuneaceae;Lepidolejeunea involuta;(Müll. Hal.) W.R. Buck;-11.397234;-40.526842;Bastos, C;4030;Bastos, C.;79392;ALCB;UFBA;43824;122
GBIF;Marchantiophyta;Lepidoziaceae;Lepidozia coilophylla;(Müll. Hal.) W.R. Buck;-11.399018;-40.546668;"Bastos, C; Vilas Boas-Bastos, SB";3750;Bastos, C.;77779;ALCB;UFBA;43824;122
GBIF;Marchantiophyta;Lepidoziaceae;Lepidozia coilophylla;(Müll. Hal.) W.R. Buck;-11.399018;-40.546668;"Bastos, C; Vilas Boas-Bastos, SB";3680;Bastos, C.;77740;ALCB;UFBA;43824;122
GBIF;Marchantiophyta;Lepidoziaceae;Lepidozia coilophylla;(Müll. Hal.) W.R. Buck;-11.397234;-40.526842;Bastos, C;4035;Bastos, C.;51402;ALCB;UFBA;43824;122
GBIF;Bryophyta;Leucobryaceae;Leucobryum crispum;(Müll. Hal.) W.R. Buck;-11.39651;-40.53822;"Bastos, C; Vilas Boas-Bastos, SB";3412;Bastos, C.;70478;ALCB;UFBA;43824;122
GBIF;Bryophyta;Leucobryaceae;Leucobryum crispum;(Müll. Hal.) W.R. Buck;-11.39651;-40.53822;"Bastos, C; Vilas Boas-Bastos, SB";3434;Bastos, C.;63468;ALCB;UFBA;43824;122
GBIF;Bryophyta;Dicranaceae;Leucoloma cruegerianum;(Müll. Hal.) W.R. Buck;-11.39651;-40.53822;"Bastos, C; Vilas Boas-Bastos, SB";3324;Bastos, C.;72156;ALCB;UFBA;43824;122
GBIF;Bryophyta;Dicranaceae;Leucoloma cruegerianum;(Müll. Hal.) W.R. Buck;-11.39651;-40.53822;"Bastos, C; Vilas Boas-Bastos, SB";3397;Bastos, C.;84574;ALCB;UFBA;43824;122
GBIF;Bryophyta;Dicranaceae;Leucoloma cruegerianum;(Müll. Hal.) W.R. Buck;-11.39651;-40.53822;"Bastos, C; Vilas Boas-Bastos, SB";3410;Bastos, C.;96437;ALCB;UFBA;43824;122
GBIF;Bryophyta;Orthotrichaceae;Pseudomacromitrium punctatum;(Müll. Hal.) W.R. Buck;-11.399018;-40.546668;"Bastos, C; Vilas Boas-Bastos, SB";3777;Bastos, C.;123681;ALCB;UFBA;43824;122
GBIF;Bryophyta;Orthotrichaceae;Macromitrium viticulosum;(Müll. Hal.) W.R. Buck;-11.39651;-40.53822;"Bastos, C; Vilas Boas-Bastos, SB";3338;Bastos, C.;123684;ALCB;UFBA;43824;122
GBIF;Marchantiophyta;Lejeuneaceae;Marchesinia brachiata;(Müll. Hal.) W.R. Buck;-11.397234;-40.526842;Bastos, C;4029;Bastos, C.;135030;ALCB;UFBA;43824;122
GBIF;Bryophyta;Brachytheciaceae;Meteoridium remotifolium;(Müll. Hal.) W.R. Buck;-11.397234;-40.526842;Santos, M;317;Mascarenhas, C;42126;ALCB;UFBA;43824;122
GBIF;Marchantiophyta;Metzgeriaceae;Metzgeria furcata;(Müll. Hal.) W.R. Buck;-11.399018;-40.546668;"Bastos, C; Vilas Boas-Bastos, SB";3582;Bastos, C.;146834;ALCB;UFBA;43824;122
GBIF;Bryophyta;Sematophyllaceae;Microcalpe subsimplex;(Müll. Hal.) W.R. Buck;-11.399018;-40.546668;"Bastos, C; Vilas Boas-Bastos, SB";3640;Bastos, C.;88377;ALCB;UFBA;43824;122
GBIF;Bryophyta;Sematophyllaceae;Microcalpe subsimplex;(Müll. Hal.) W.R. Buck;-11.399018;-40.546668;"Bastos, C; Vilas Boas-Bastos, SB";3655;Bastos, C.;88375;ALCB;UFBA;43824;122
GBIF;Bryophyta;Sematophyllaceae;Microcalpe subsimplex;(Müll. Hal.) W.R. Buck;-11.399018;-40.546668;"Bastos, C; Vilas Boas-Bastos, SB";3674;Bastos, C.;88375;ALCB;UFBA;43824;122
GBIF;Bryophyta;Sematophyllaceae;Microcalpe subsimplex;(Müll. Hal.) W.R. Buck;-11.399018;-40.546668;"Bastos, C; Vilas Boas-Bastos, SB";3690;Bastos, C.;090794;ALCB;UFBA;43824;122
GBIF;Bryophyta;Sematophyllaceae;Microcalpe subsimplex;(Müll. Hal.) W.R. Buck;-11.399018;-40.546668;"Bastos, C; Vilas Boas-Bastos, SB";3699;Bastos, C.;88374;ALCB;UFBA;43824;122
GBIF;Bryophyta;Sematophyllaceae;Microcalpe subsimplex;(Müll. Hal.) W.R. Buck;-11.399018;-40.546668;"Bastos, C; Vilas Boas-Bastos, SB";3714;Bastos, C.;88377;ALCB;UFBA;43824;122
GBIF;Bryophyta;Sematophyllaceae;Microcalpe subsimplex;(Müll. Hal.) W.R. Buck;-11.399018;-40.546668;"Bastos, C; Vilas Boas-Bastos, SB";3743;Bastos, C.;090793;ALCB;UFBA;43824;122
GBIF;Bryophyta;Sematophyllaceae;Microcalpe subsimplex;(Müll. Hal.) W.R. Buck;-11.39651;-40.53822;"Bastos, C; Vilas Boas-Bastos, SB";3314;Bastos, C.;21932;ALCB;UFBA;43824;122
GBIF;Bryophyta;Sematophyllaceae;Microcalpe subsimplex;(Müll. Hal.) W.R. Buck;-11.39651;-40.53822;"Bastos, C; Vilas Boas-Bastos, SB";3327;Bastos, C.;21930;ALCB;UFBA;43824;122
GBIF;Bryophyta;Sematophyllaceae;Microcalpe subsimplex;(Müll. Hal.) W.R. Buck;-11.39651;-40.53822;"Bastos, C; Vilas Boas-Bastos, SB";3345;Bastos, C.;17014;ALCB;UFBA;43824;122
GBIF;Bryophyta;Sematophyllaceae;Microcalpe subsimplex;(Müll. Hal.) W.R. Buck;-11.39651;-40.53822;"Bastos, C; Vilas Boas-Bastos, SB";3328;Bastos, C.;17015;ALCB;UFBA;43824;122
GBIF;Marchantiophyta;Lejeuneaceae;Microlejeunea cystifera;(Müll. Hal.) W.R. Buck;-11.397234;-40.526842;Ballejos, J;237;Ballejos, J.;191562;ALCB;UFBA;43824;122
GBIF;Marchantiophyta;Lepidoziaceae;Micropterygium trachyphyllum;(Müll. Hal.) W.R. Buck;-11.399018;-40.546668;"Bastos, C; Vilas Boas-Bastos, SB";3741;Bastos, C.;191434;ALCB;UFBA;43824;122
GBIF;Marchantiophyta;Lepidoziaceae;Micropterygium trachyphyllum;(Müll. Hal.) W.R. Buck;-11.399018;-40.546668;"Bastos, C; Vilas Boas-Bastos, SB";3687;Bastos, C.;191441;ALCB;UFBA;43824;122
GBIF;Marchantiophyta;Lepidoziaceae;Micropterygium trachyphyllum;(Müll. Hal.) W.R. Buck;-11.399018;-40.546668;"Bastos, C; Vilas Boas-Bastos, SB";3581;Bastos, C.;191465;ALCB;UFBA;43824;122
GBIF;Marchantiophyta;Lepidoziaceae;Micropterygium trachyphyllum;(Müll. Hal.) W.R. Buck;-11.399018;-40.546668;"Bastos, C; Vilas Boas-Bastos, SB";3716;Bastos, C.;191431;ALCB;UFBA;43824;122
GBIF;Marchantiophyta;Lepidoziaceae;Micropterygium trachyphyllum;(Müll. Hal.) W.R. Buck;-11.399018;-40.546668;"Bastos, C; Vilas Boas-Bastos, SB";3659;Bastos, C.;191470;ALCB;UFBA;43824;122
GBIF;Marchantiophyta;Lepidoziaceae;Micropterygium trachyphyllum;(Müll. Hal.) W.R. Buck;-11.399018;-40.546668;"Bastos, C; Vilas Boas-Bastos, SB";3596;Bastos, C.;191464;ALCB;UFBA;43824;122
GBIF;Bryophyta;Octoblepharaceae;Octoblepharum albidum;(Müll. Hal.) W.R. Buck;-11.39651;-40.53822;Santos, M;1003;Mascarenhas, C;84317;ALCB;UFBA;43824;122
GBIF;Marchantiophyta;Cephaloziaceae;Odontoschisma denudatum;(Müll. Hal.) W.R. Buck;-11.402052;-40.53837;Ballejos, J;1187;Ballejos, J.;134299;ALCB;UFBA;43824;122
GBIF;Marchantiophyta;Cephaloziaceae;Odontoschisma denudatum;(Müll. Hal.) W.R. Buck;-11.399018;-40.546668;"Bastos, C; Vilas Boas-Bastos, SB";3632;Bastos, C.;191284;ALCB;UFBA;43824;122
GBIF;Marchantiophyta;Cephaloziaceae;Odontoschisma denudatum;(Müll. Hal.) W.R. Buck;-11.399018;-40.546668;"Bastos, C; Vilas Boas-Bastos, SB";3576;Bastos, C.;191285;ALCB;UFBA;43824;122
GBIF;Marchantiophyta;Cephaloziaceae;Odontoschisma denudatum;(Müll. Hal.) W.R. Buck;-11.399018;-40.546668;"Bastos, C; Vilas Boas-Bastos, SB";3606;Bastos, C.;191287;ALCB;UFBA;43824;122
GBIF;Marchantiophyta;Cephaloziaceae;Odontoschisma denudatum;(Müll. Hal.) W.R. Buck;-11.399;-40.5467;"Bastos, C; Vilas Boas-Bastos, SB";3665;Bastos, C.;191279;ALCB;UFBA;43824;122
GBIF;Marchantiophyta;Plagiochilaceae;Plagiochila corrugata;(Spruce) Steph.;-11.397234;-40.526842;Ballejos, J;234-B;Ballejos, J.;191555;ALCB;UFBA;43824;122
GBIF;Marchantiophyta;Plagiochilaceae;Plagiochila corrugata;(Spruce) Steph.;-11.397234;-40.526842;Bastos, C;4027;Bastos, C.;322350;ALCB;UFBA;43824;122
GBIF;Marchantiophyta;Plagiochilaceae;Plagiochila corrugata;(Spruce) Steph.;-11.397234;-40.526842;Bastos, C;4044;Bastos, C.;01207691;ALCB;UFBA;43824;122
GBIF;Marchantiophyta;Plagiochilaceae;Plagiochila corrugata;(Spruce) Steph.;-11.397234;-40.526842;Ballejos, J;1125;Ballejos, J.;90226228;ALCB;UFBA;43824;122
GBIF;Marchantiophyta;Plagiochilaceae;Plagiochila disticha;(Spruce) Steph.;-11.397234;-40.526842;Santos, M;240;Santos, M.;191178;ALCB;UFBA;43824;122
GBIF;Bryophyta;Racopilaceae;Racopilum tomentosum;(Spruce) Steph.;-11.39651;-40.53822;"Bastos, C; Vilas Boas-Bastos, SB";3337;Bastos, C.;75867;ALCB;UFBA;43824;122
GBIF;Bryophyta;Orthotrichaceae;Schlotheimia jamesonii;(Spruce) Steph.;-11.399018;-40.546668;"Bastos, C; Vilas Boas-Bastos, SB";3767;Bastos, C.;85064B;ALCB;UFBA;43824;122
GBIF;Bryophyta;Orthotrichaceae;Schlotheimia jamesonii;(Spruce) Steph.;-11.39651;-40.53822;"Bastos, C; Vilas Boas-Bastos, SB";3325;Bastos, C.;85069A;ALCB;UFBA;43824;122
GBIF;Bryophyta;Orthotrichaceae;Schlotheimia jamesonii;(Spruce) Steph.;-11.39651;-40.53822;"Bastos, C; Vilas Boas-Bastos, SB";3351;Bastos, C.;85071;ALCB;UFBA;43824;122
GBIF;Bryophyta;Orthotrichaceae;Schlotheimia jamesonii;(Spruce) Steph.;-11.39651;-40.53822;"Bastos, C; Vilas Boas-Bastos, SB";3353;Bastos, C.;85074B;ALCB;UFBA;43824;122
GBIF;Bryophyta;Orthotrichaceae;Schlotheimia rugifolia;(Spruce) Steph.;-11.399018;-40.546668;"Bastos, C; Vilas Boas-Bastos, SB";3723;Bastos, C.;84928A;ALCB;UFBA;43824;122
GBIF;Bryophyta;Orthotrichaceae;Schlotheimia rugifolia;(Spruce) Steph.;-11.399018;-40.546668;"Bastos, C; Vilas Boas-Bastos, SB";3734;Bastos, C.;84931F;ALCB;UFBA;43824;122
GBIF;Bryophyta;Orthotrichaceae;Schlotheimia rugifolia;(Spruce) Steph.;-11.39651;-40.53822;"Bastos, C; Vilas Boas-Bastos, SB";3439;Bastos, C.;84913A;ALCB;UFBA;43824;122
GBIF;Bryophyta;Orthotrichaceae;Schlotheimia tecta;(Spruce) Steph.;-11.406385;-40.527677;Santos, M;1660;Santos, M.;84963B;ALCB;UFBA;43824;122
GBIF;Bryophyta;Orthotrichaceae;Schlotheimia torquata;(Spruce) Steph.;-11.406385;-40.527677;Ballejos, J;1167;Ballejos, J.;84965B;ALCB;UFBA;43824;122
GBIF;Bryophyta;Sphagnaceae;Sphagnum capillifolium;(Spruce) Steph.;-11.399018;-40.546668;"Bastos, C; Vilas Boas-Bastos, SB";3621;Bastos, C.;84888B;ALCB;UFBA;43824;122
GBIF;Bryophyta;Sphagnaceae;Sphagnum capillifolium;(Spruce) Steph.;-11.399018;-40.546668;"Bastos, C; Vilas Boas-Bastos, SB";3726;Bastos, C.;84885C;ALCB;UFBA;43824;122
GBIF;Bryophyta;Sphagnaceae;Sphagnum capillifolium;(Spruce) Steph.;-11.399018;-40.546668;"Bastos, C; Vilas Boas-Bastos, SB";3738;Bastos, C.;84887B;ALCB;UFBA;43824;122
GBIF;Bryophyta;Sphagnaceae;Sphagnum capillifolium;(Spruce) Steph.;-11.39651;-40.53822;"Bastos, C; Vilas Boas-Bastos, SB";3594;Bastos, C.;84882;ALCB;UFBA;43824;122
GBIF;Bryophyta;Sphagnaceae;Sphagnum palustre;(Spruce) Steph.;-11.406385;-40.527677;Ballejos, J;1158;Ballejos, J.;85035;ALCB;UFBA;43824;122
GBIF;Bryophyta;Sphagnaceae;Sphagnum palustre;(Spruce) Steph.;-11.406385;-40.527677;Santos, M;1659;Santos, M.;85037C;ALCB;UFBA;43824;122
GBIF;Bryophyta;Sphagnaceae;Sphagnum palustre;(Spruce) Steph.;-11.406385;-40.527677;Santos, M;1661;Santos, M.;85042A;ALCB;UFBA;43824;122
GBIF;Bryophyta;Sphagnaceae;Sphagnum palustre;Steph.;-11.399018;-40.546668;"Bastos, C; Vilas Boas-Bastos, SB";3686;Bastos, C.;85047C;ALCB;UFBA;43824;122
GBIF;Bryophyta;Sphagnaceae;Sphagnum palustre;Steph.;-11.399018;-40.546668;"Bastos, C; Vilas Boas-Bastos, SB";3755;Bastos, C.;85040E;ALCB;UFBA;43824;122
GBIF;Marchantiophyta;Lepidoziaceae;Telaranea diacantha;Steph.;-11.402052;-40.53837;Ballejos, J;1230;Ballejos, J.;53285;ALCB;UFBA;43824;122
GBIF;Marchantiophyta;Lejeuneaceae;Thysananthus plicatiflorus;Steph.;-11.399018;-40.546668;"Bastos, C; Vilas Boas-Bastos, SB";3626;Bastos, C.;RB01441599;ALCB;UFBA;43824;122
GBIF;Bryophyta;Pottiaceae;Tortella humilis;Steph.;-11.39651;-40.53822;"Bastos, C; Vilas Boas-Bastos, SB";3266;Bastos, C.;089801;ALCB;UFBA;43824;122
GBIF;Bryophyta;Pylaisiadelphaceae;Wijkia flagellifera;Steph.;-11.399018;-40.546668;"Bastos, C; Vilas Boas-Bastos, SB";3650;Bastos, C.;190336;ALCB;UFBA;43824;122
GBIF;Marchantiophyta;Lepidoziaceae;Zoopsidella integrifolia;Steph.;-11.399018;-40.546668;"Bastos, C; Vilas Boas-Bastos, SB";3585;Bastos, C.;90042603;ALCB;UFBA;43824;122
GBIF;Marchantiophyta;Lejeuneaceae;Acrolejeunea emergens;Steph.;-11.392375;-40.538983;Ballejos, J;223-A;Ballejos, J.;137600;ALCB;UFBA;43825;123
GBIF;Marchantiophyta;Lejeuneaceae;Acrolejeunea emergens;Steph.;-11.387419;-40.533396;Ballejos, J;112;Ballejos, J.;137602;ALCB;UFBA;43825;123
GBIF;Marchantiophyta;Lejeuneaceae;Acrolejeunea torulosa;Steph.;-11.393513;-40.537926;"Bastos, C; Vilas Boas-Bastos, SB";3329;Bastos, C.;137619;ALCB;UFBA;43825;123
GBIF;Marchantiophyta;Lejeuneaceae;Anoplolejeunea conferta;Steph.;-11.393513;-40.537926;"Bastos, C; Vilas Boas-Bastos, SB";3297;Bastos, C.;48261;ALCB;UFBA;43825;123
GBIF;Marchantiophyta;Lejeuneaceae;Anoplolejeunea conferta;Steph.;-11.393513;-40.537926;"Bastos, C; Vilas Boas-Bastos, SB";3295;Bastos, C.;2123297;ALCB;UFBA;43825;123
GBIF;Marchantiophyta;Lejeuneaceae;Anoplolejeunea conferta;Steph.;-11.393513;-40.537926;"Bastos, C; Vilas Boas-Bastos, SB";3275;Bastos, C.;2249623;ALCB;UFBA;43825;123
GBIF;Marchantiophyta;Lejeuneaceae;Anoplolejeunea conferta;Steph.;-11.392687;-40.5399424;"Bastos, C; Vilas Boas-Bastos, SB";3468;Bastos, C.;1836896;ALCB;UFBA;43825;123
GBIF;Marchantiophyta;Lejeuneaceae;Anoplolejeunea conferta;Steph.;-11.392679;-40.5399424;"Bastos, C; Vilas Boas-Bastos, SB";3463;Bastos, C.;1836897;ALCB;UFBA;43825;123
GBIF;Marchantiophyta;Lejeuneaceae;Anoplolejeunea conferta;Steph.;-11.392666;-40.5399424;"Bastos, C; Vilas Boas-Bastos, SB";3510;Bastos, C.;72856;ALCB;UFBA;43825;123
GBIF;Marchantiophyta;Lejeuneaceae;Anoplolejeunea conferta;Steph.;-11.392656;-40.5399424;"Bastos, C; Vilas Boas-Bastos, SB";3497;Bastos, C.;2248113;ALCB;UFBA;43825;123
GBIF;Marchantiophyta;Lejeuneaceae;Anoplolejeunea conferta;(Spruce) Steph.;-11.392375;-40.538983;Ballejos, J;195;Ballejos, J.;90157156;ALCB;UFBA;43825;123
GBIF;Marchantiophyta;Lejeuneaceae;Anoplolejeunea conferta;(Spruce) Steph.;-11.392375;-40.538983;Santos, M;1568;Santos, M.;50101;ALCB;UFBA;43825;123
GBIF;Marchantiophyta;Lejeuneaceae;Anoplolejeunea conferta;Bischl. ex L. Söderstr., A. Hagborg & von Konrat;-11.392375;-40.538983;Santos, M;288;Santos, M.;50098;ALCB;UFBA;43825;123
GBIF;Marchantiophyta;Lejeuneaceae;Anoplolejeunea conferta;Bischl. ex L. Söderstr., A. Hagborg & von Konrat;-11.392375;-40.538983;Bastos, C;4005;Bastos, C.;50095;ALCB;UFBA;43825;123
GBIF;Marchantiophyta;Lejeuneaceae;Anoplolejeunea conferta;Bischl. ex L. Söderstr., A. Hagborg & von Konrat;-11.392375;-40.538983;Bastos, C;4021;Bastos, C.;ALCB041682;ALCB;UFBA;43825;123
GBIF;Marchantiophyta;Lejeuneaceae;Anoplolejeunea conferta;Bischl. ex L. Söderstr., A. Hagborg & von Konrat;-11.387419;-40.533396;Ballejos, J;142-B;Ballejos, J.;50198;ALCB;UFBA;43825;123
GBIF;Marchantiophyta;Lejeuneaceae;Anoplolejeunea conferta;Bischl. ex L. Söderstr., A. Hagborg & von Konrat;-11.387419;-40.533396;Ballejos, J;139;Ballejos, J.;01229840;ALCB;UFBA;43825;123
GBIF;Marchantiophyta;Lejeuneaceae;Anoplolejeunea conferta;Bischl. ex L. Söderstr., A. Hagborg & von Konrat;-11.38629;-40.52586;Santos, M;1916;Santos, M.;100413;ALCB;UFBA;43825;123
GBIF;Marchantiophyta;Lejeuneaceae;Anoplolejeunea conferta;Bischl. ex L. Söderstr., A. Hagborg & von Konrat;-11.38629;-40.52586;Santos, M;1954;Santos, M.;1408194;ALCB;UFBA;43825;123
GBIF;Marchantiophyta;Lejeuneaceae;Anoplolejeunea conferta;Bischl. ex L. Söderstr., A. Hagborg & von Konrat;-11.38629;-40.52586;Santos, M;1912;Santos, M.;1408196;ALCB;UFBA;43825;123
GBIF;Marchantiophyta;Lejeuneaceae;Anoplolejeunea conferta;Bischl. ex L. Söderstr., A. Hagborg & von Konrat;-11.38629;-40.52586;Ballejos, J;1043;Bastos, C.;FLAS B55301;ALCB;UFBA;43825;123
GBIF;Marchantiophyta;Lejeuneaceae;Anoplolejeunea conferta;Bischl. ex L. Söderstr., A. Hagborg & von Konrat;-11.38629;-40.52586;Ballejos, J;207;Bastos, C.;50197;ALCB;UFBA;43825;123
GBIF;Marchantiophyta;Lepidoziaceae;Bazzania aurescens;(Steph.) Bischl.;-11.392375;-40.538983;Santos, M;1555;Santos, M.;84156;ALCB;UFBA;43825;123
GBIF;Marchantiophyta;Lepidoziaceae;Bazzania aurescens;(Steph.) Bischl.;-11.39151934;-40.53614242;Santos, M;712;Santos, M.;64183;ALCB;UFBA;43825;123
GBIF;Marchantiophyta;Lepidoziaceae;Bazzania aurescens;(Steph.) Bischl.;-11.387419;-40.533396;Ballejos, J;137;Ballejos, J.;64259;ALCB;UFBA;43825;123
GBIF;Marchantiophyta;Lepidoziaceae;Bazzania aurescens;(Steph.) Bischl.;-11.38629;-40.52586;Santos, M;1943;Santos, M.;84449;ALCB;UFBA;43825;123
GBIF;Marchantiophyta;Lepidoziaceae;Bazzania aurescens;(Steph.) Bischl.;-11.38629;-40.52586;Santos, M;1917;Santos, M.;84301;ALCB;UFBA;43825;123
GBIF;Marchantiophyta;Lepidoziaceae;Bazzania aurescens;(Steph.) Bischl.;-11.38629;-40.52586;Ballejos, J;1889;Ballejos, J.;84315;ALCB;UFBA;43825;123
GBIF;Marchantiophyta;Lepidoziaceae;Bazzania falcata;(Steph.) Bischl.;-11.39151934;-40.53614242;Santos, M;775;Santos, I. A. M.;84402;ALCB;UFBA;43825;123
GBIF;Marchantiophyta;Lepidoziaceae;Bazzania falcata;(Steph.) Bischl.;-11.39151934;-40.53614242;Ballejos, J;1802;Ballejos, J.;84249;ALCB;UFBA;43825;123
GBIF;Marchantiophyta;Lepidoziaceae;Bazzania hookeri;(Steph.) Bischl.;-11.387419;-40.533396;Bastos, C;3962;Bastos, C.;84276;ALCB;UFBA;43825;123
GBIF;Marchantiophyta;Lepidoziaceae;Bazzania hookeri;(Steph.) Bischl.;-11.38629;-40.52586;Santos, M;1982;Santos, M.;50109;ALCB;UFBA;43825;123
GBIF;Marchantiophyta;Lepidoziaceae;Bazzania nitida;(Steph.) Bischl.;-11.393513;-40.537926;"Bastos, C; Vilas Boas-Bastos, SB";3364;Bastos, C.;84160;ALCB;UFBA;43825;123
GBIF;Marchantiophyta;Lepidoziaceae;Bazzania nitida;(Steph.) Bischl.;-11.39151934;-40.53614242;Santos, M;753;Santos, I. A. M.;84174;ALCB;UFBA;43825;123
GBIF;Marchantiophyta;Lepidoziaceae;Bazzania nitida;(Steph.) Bischl.;-11.39151934;-40.53614242;Ballejos, J;1792;Ballejos, J.;84510;ALCB;UFBA;43825;123
GBIF;Marchantiophyta;Lepidoziaceae;Bazzania nitida;(Steph.) Bischl.;-11.38629;-40.52586;Ballejos, J;2043;Bastos, C.;84172;ALCB;UFBA;43825;123
GBIF;Marchantiophyta;Lepidoziaceae;Bazzania nitida;(Steph.) Bischl.;-11.3744872;-40.5304413;Ballejos, J;1276;Ballejos, J.;64155;ALCB;UFBA;43825;123
GBIF;Marchantiophyta;Lejeuneaceae;Brachiolejeunea phyllorhiza;(Steph.) Bischl.;-11.392375;-40.538983;Santos, M;1516;Santos, M.;64246;ALCB;UFBA;43825;123
GBIF;Bryophyta;Sematophyllaceae;Brittonodoxa subpinnata;(Nees & Mont.) Bischl.;-11.392649;-40.5399424;"Bastos, C; Vilas Boas-Bastos, SB";3475;Bastos, C.;64251;ALCB;UFBA;43825;123
GBIF;Bryophyta;Sematophyllaceae;Brittonodoxa subpinnata;(Nees & Mont.) Bischl.;-11.392649;-40.5399424;"Bastos, C; Vilas Boas-Bastos, SB";3568;Bastos, C.;64154;ALCB;UFBA;43825;123
GBIF;Bryophyta;Sematophyllaceae;Brittonodoxa subpinnata;(Sw.) Nees;-11.392375;-40.538983;Ballejos, J;1064;Ballejos, J.;64163;ALCB;UFBA;43825;123
GBIF;Bryophyta;Sematophyllaceae;Brittonodoxa subpinnata;(Hook. & Wilson) Wilson;-11.387419;-40.533396;Vilas Boas-Bastos, SB;1732;Vilas Boas-Bastos, SB;64111;ALCB;UFBA;43825;123
GBIF;Bryophyta;Sematophyllaceae;Brittonodoxa subpinnata;(Schwägr.) W.R. Buck;-11.38629;-40.52586;Ballejos, J;1214;Ballejos, J.;64260;ALCB;UFBA;43825;123
GBIF;Bryophyta;Sematophyllaceae;Brittonodoxa subpinnata;(Schwägr.) W.R. Buck;-11.38629;-40.52586;Ballejos, J;1670;Ballejos, J.;64207;ALCB;UFBA;43825;123
GBIF;Bryophyta;Sematophyllaceae;Brittonodoxa subpinnata;(Schwägr.) W.R. Buck;-11.38629;-40.52586;Ballejos, J;1714;Ballejos, J.;64239;ALCB;UFBA;43825;123
GBIF;Bryophyta;Sematophyllaceae;Brittonodoxa subpinnata;(Schwägr.) W.R. Buck;-11.38629;-40.52586;Santos, M;1973;Ballejos, J.;84446;ALCB;UFBA;43825;123
GBIF;Bryophyta;Sematophyllaceae;Brittonodoxa subpinnata;(Schwägr.) W.R. Buck;-11.38629;-40.52586;Ballejos, J;2123;Ballejos, J.;84447;ALCB;UFBA;43825;123
GBIF;Bryophyta;Sematophyllaceae;Brittonodoxa subpinnata;(Schwägr.) W.R. Buck;-11.38629;-40.52586;Ballejos, J;1671;Ballejos, J.;84382;ALCB;UFBA;43825;123
GBIF;Bryophyta;Sematophyllaceae;Brittonodoxa subpinnata;(Schwägr.) Müll. Hal.;-11.38629;-40.52586;Ballejos, J;1174;Ballejos, J.;84401;ALCB;UFBA;43825;123
GBIF;Bryophyta;Sematophyllaceae;Brittonodoxa subpinnata;(Sull.) B.H. Allen;-11.38629;-40.52586;Ballejos, J;1216;Ballejos, J.;84285;ALCB;UFBA;43825;123
GBIF;Bryophyta;Sematophyllaceae;Brittonodoxa subpinnata;(Sull.) B.H. Allen;-11.38629;-40.52586;Ballejos, J;1251;Ballejos, J.;84348;ALCB;UFBA;43825;123
GBIF;Bryophyta;Sematophyllaceae;Brittonodoxa subpinnata;(Brid.) W.R. Buck & Ireland;-11.38629;-40.52586;Santos, M;1622;Ballejos, J.;84395;ALCB;UFBA;43825;123
GBIF;Bryophyta;Sematophyllaceae;Brittonodoxa subpinnata;(Brid.) W.R. Buck & Ireland;-11.38629;-40.52586;Santos, M;1635;Ballejos, J.;84396;ALCB;UFBA;43825;123
GBIF;Bryophyta;Sematophyllaceae;Brittonodoxa subpinnata;(Brid.) W.R. Buck & Ireland;-11.38629;-40.52586;Ballejos, J;1184;Ballejos, J.;84415;ALCB;UFBA;43825;123
GBIF;Bryophyta;Sematophyllaceae;Brittonodoxa subpinnata;(Brid.) W.R. Buck & Ireland;-11.38629;-40.52586;Santos, M;1624;Ballejos, J.;84444;ALCB;UFBA;43825;123
GBIF;Bryophyta;Sematophyllaceae;Brittonodoxa subpinnata;(Brid.) W.R. Buck & Ireland;-11.38629;-40.52586;Santos, M;1672;Ballejos, J.;84429;ALCB;UFBA;43825;123
GBIF;Bryophyta;Sematophyllaceae;Brittonodoxa subpinnata;(Brid.) W.R. Buck & Ireland;-11.377495;-40.52975;Bastos, C;3913;Bastos, C.;84431;ALCB;UFBA;43825;123
GBIF;Marchantiophyta;Lejeuneaceae;Bryopteris diffusa;(Brid.) W.R. Buck & Ireland;-11.392696;-40.5399424;Ballejos, J;1766;Ballejos, J.;64199;ALCB;UFBA;43825;123
GBIF;Marchantiophyta;Lejeuneaceae;Bryopteris diffusa;(Brid.) W.R. Buck & Ireland;-11.392696;-40.5399424;Ballejos, J;1764;Ballejos, J.;64192;ALCB;UFBA;43825;123
GBIF;Marchantiophyta;Lejeuneaceae;Bryopteris diffusa;(Brid.) W.R. Buck & Ireland;-11.392673;-40.5399424;"Bastos, C; Vilas Boas-Bastos, SB";3479;Bastos, C.;64157;ALCB;UFBA;43825;123
GBIF;Bryophyta;Bryaceae;Plagiobryoides limbata;(Brid.) W.R. Buck & Ireland;-11.392375;-40.538983;Ballejos, J;1066;Ballejos, J.;64135;ALCB;UFBA;43825;123
GBIF;Bryophyta;Bryaceae;Plagiobryoides limbata;(Brid.) W.R. Buck & Ireland;-11.392375;-40.538983;Santos, M;1504;Santos, M.;64153;ALCB;UFBA;43825;123
GBIF;Bryophyta;Bryaceae;Plagiobryoides limbata;(Brid.) W.R. Buck & Ireland;-11.38629;-40.52586;Ballejos, J;2110;Ballejos, J.;64129;ALCB;UFBA;43825;123
GBIF;Bryophyta;Bryaceae;Plagiobryoides limbata;(Brid.) W.R. Buck & Ireland;-11.38629;-40.52586;Ballejos, J;2290;Ballejos, J.;64225;ALCB;UFBA;43825;123
GBIF;Bryophyta;Bryaceae;Plagiobryoides limbata;(Brid.) W.R. Buck & Ireland;-11.38629;-40.52586;Santos, M;1608;Ballejos, J.;64256;ALCB;UFBA;43825;123
GBIF;Bryophyta;Bryaceae;Ptychostomum pallescens;(Brid.) W.R. Buck & Ireland;-11.392375;-40.538983;Santos, M;1500;Santos, M.;28263;ALCB;UFBA;43825;123
GBIF;Bryophyta;Leucobryaceae;Campylopus arctocarpus;(Brid.) W.R. Buck & Ireland;-11.392375;-40.538983;Ballejos, J;1084;Ballejos, J.;64141;ALCB;UFBA;43825;123
GBIF;Bryophyta;Leucobryaceae;Campylopus arctocarpus;(Brid.) W.R. Buck & Ireland;-11.392375;-40.538983;Santos, M;235;Santos, M.;64208;ALCB;UFBA;43825;123
GBIF;Bryophyta;Leucobryaceae;Campylopus arctocarpus;(Brid.) W.R. Buck & Ireland;-11.392375;-40.538983;Santos, M;238;Santos, M.;64201;ALCB;UFBA;43825;123
GBIF;Bryophyta;Leucobryaceae;Campylopus arctocarpus;(Brid.) W.R. Buck & Ireland;-11.392375;-40.538983;Santos, M;241;Santos, M.;64198;ALCB;UFBA;43825;123
GBIF;Bryophyta;Leucobryaceae;Campylopus arctocarpus;(Brid.) W.R. Buck & Ireland;-11.392375;-40.538983;Santos, M;259;Santos, M.;64247;ALCB;UFBA;43825;123
GBIF;Bryophyta;Leucobryaceae;Campylopus arctocarpus;(Brid.) W.R. Buck & Ireland;-11.392375;-40.538983;Santos, M;261;Santos, M.;64116;ALCB;UFBA;43825;123
GBIF;Bryophyta;Leucobryaceae;Campylopus arctocarpus;(Brid.) W.R. Buck & Ireland;-11.392375;-40.538983;Santos, M;275;Santos, M.;64213;ALCB;UFBA;43825;123
GBIF;Bryophyta;Leucobryaceae;Campylopus arctocarpus;(Brid.) W.R. Buck & Ireland;-11.392375;-40.538983;Santos, M;276;Santos, M.;RB00664242;ALCB;UFBA;43825;123
GBIF;Bryophyta;Leucobryaceae;Campylopus arctocarpus;(Brid.) W.R. Buck & Ireland;-11.392375;-40.538983;Santos, M;280;Santos, M.;222589;ALCB;UFBA;43825;123
GBIF;Bryophyta;Leucobryaceae;Campylopus arctocarpus;(Brid.) W.R. Buck & Ireland;-11.392375;-40.538983;Santos, M;281;Santos, M.;222562;ALCB;UFBA;43825;123
GBIF;Bryophyta;Leucobryaceae;Campylopus arctocarpus;(Brid.) W.R. Buck & Ireland;-11.392375;-40.538983;Santos, M;296;Santos, M.;222581;ALCB;UFBA;43825;123
GBIF;Bryophyta;Leucobryaceae;Campylopus arctocarpus;(Brid.) W.R. Buck & Ireland;-11.392375;-40.538983;Santos, M;304;Santos, M.;222582;ALCB;UFBA;43825;123
GBIF;Bryophyta;Leucobryaceae;Campylopus arctocarpus;(Brid.) W.R. Buck & Ireland;-11.39151934;-40.53614242;Santos, M;1020;Santos, M.;222580;ALCB;UFBA;43825;123
GBIF;Bryophyta;Leucobryaceae;Campylopus arctocarpus;(Brid.) W.R. Buck & Ireland;-11.39151934;-40.53614242;Santos, M;1021;Santos, M.;13833;ALCB;UFBA;43825;123
GBIF;Bryophyta;Leucobryaceae;Campylopus arctocarpus;(Brid.) W.R. Buck & Ireland;-11.387419;-40.533396;Santos, M;202;Santos, M.;13752;ALCB;UFBA;43825;123
GBIF;Bryophyta;Leucobryaceae;Campylopus arctocarpus;(Brid.) W.R. Buck & Ireland;-11.387419;-40.533396;Santos, M;205;Santos, M.;119793;ALCB;UFBA;43825;123
GBIF;Bryophyta;Leucobryaceae;Campylopus arctocarpus;(Brid.) W.R. Buck & Ireland;-11.387419;-40.533396;Santos, M;210;Santos, M.;49724;ALCB;UFBA;43825;123
GBIF;Bryophyta;Leucobryaceae;Campylopus arctocarpus;(Brid.) W.R. Buck & Ireland;-11.387419;-40.533396;Santos, M;220;Santos, M.;49729;ALCB;UFBA;43825;123
GBIF;Bryophyta;Leucobryaceae;Campylopus arctocarpus;(Brid.) W.R. Buck & Ireland;-11.387419;-40.533396;Santos, M;196b;Santos, M.;49725;ALCB;UFBA;43825;123
GBIF;Bryophyta;Leucobryaceae;Campylopus arctocarpus;(Brid.) W.R. Buck & Ireland;-11.38629;-40.52586;Santos, M;s/n;Santos, M.;64258;ALCB;UFBA;43825;123
GBIF;Bryophyta;Leucobryaceae;Campylopus arctocarpus;(Brid.) W.R. Buck & Ireland;-11.38629;-40.52586;Ballejos, J;1363;Ballejos, J.;1408199;ALCB;UFBA;43825;123
GBIF;Bryophyta;Leucobryaceae;Campylopus arctocarpus;(Brid.) W.R. Buck & Ireland;-11.38629;-40.52586;Ballejos, J;1366;Ballejos, J.;01149106;ALCB;UFBA;43825;123
GBIF;Bryophyta;Leucobryaceae;Campylopus arctocarpus;(Brid.) W.R. Buck & Ireland;-11.38629;-40.52586;Ballejos, J;1385;Ballejos, J.;01149084;ALCB;UFBA;43825;123
GBIF;Bryophyta;Leucobryaceae;Campylopus arctocarpus;(Brid.) W.R. Buck & Ireland;-11.38629;-40.52586;Ballejos, J;1399;Ballejos, J.;201856;ALCB;UFBA;43825;123
GBIF;Bryophyta;Leucobryaceae;Campylopus arctocarpus;(Brid.) W.R. Buck & Ireland;-11.38629;-40.52586;Ballejos, J;1401;Ballejos, J.;RB00685076;ALCB;UFBA;43825;123
GBIF;Bryophyta;Leucobryaceae;Campylopus arctocarpus;(Brid.) W.R. Buck & Ireland;-11.38629;-40.52586;Ballejos, J;1412;Ballejos, J.;49727;ALCB;UFBA;43825;123
GBIF;Bryophyta;Leucobryaceae;Campylopus arctocarpus;(Brid.) W.R. Buck & Ireland;-11.38629;-40.52586;Ballejos, J;1446;Ballejos, J.;49728;ALCB;UFBA;43825;123
GBIF;Bryophyta;Leucobryaceae;Campylopus arctocarpus;(Brid.) W.R. Buck & Ireland;-11.38629;-40.52586;Ballejos, J;1447;Ballejos, J.;64223;ALCB;UFBA;43825;123
GBIF;Bryophyta;Leucobryaceae;Campylopus arctocarpus;(Brid.) W.R. Buck & Ireland;-11.38629;-40.52586;Ballejos, J;1705;Ballejos, J.;137674;ALCB;UFBA;43825;123
GBIF;Bryophyta;Leucobryaceae;Campylopus arctocarpus;(Brid.) W.R. Buck & Ireland;-11.38629;-40.52586;Santos, M;1977;Ballejos, J.;137668;ALCB;UFBA;43825;123
GBIF;Bryophyta;Leucobryaceae;Campylopus arctocarpus;(Brid.) W.R. Buck & Ireland;-11.38629;-40.52586;Ballejos, J;1432;Ballejos, J.;90145217;ALCB;UFBA;43825;123
GBIF;Bryophyta;Leucobryaceae;Campylopus arctocarpus;(Brid.) W.R. Buck & Ireland;-11.38629;-40.52586;Santos, M;807;Santos, M.;137675;ALCB;UFBA;43825;123
GBIF;Bryophyta;Leucobryaceae;Campylopus arctocarpus;(Brid.) W.R. Buck & Ireland;-11.38629;-40.52586;Santos, M;840;Santos, M.;137670;ALCB;UFBA;43825;123
GBIF;Bryophyta;Leucobryaceae;Campylopus arctocarpus;(Brid.) W.R. Buck & Ireland;-11.38629;-40.52586;Santos, M;632;Santos, M.;137673;ALCB;UFBA;43825;123
GBIF;Bryophyta;Leucobryaceae;Campylopus arctocarpus;(Brid.) W.R. Buck & Ireland;-11.3744872;-40.5304413;Santos, M;920;Santos, M.;135535;ALCB;UFBA;43825;123
GBIF;Bryophyta;Leucobryaceae;Campylopus arctocarpus;(Brid.) W.R. Buck & Ireland;-11.3744872;-40.5304413;Santos, M;921;Santos, M.;135537;ALCB;UFBA;43825;123
GBIF;Bryophyta;Leucobryaceae;Campylopus arctocarpus;(Brid.) W.R. Buck & Ireland;-11.3744872;-40.5304413;Santos, M;878;Santos, M.;133004;ALCB;UFBA;43825;123
GBIF;Bryophyta;Leucobryaceae;Campylopus arctocarpus;(Brid.) W.R. Buck & Ireland;-11.3744872;-40.5304413;Santos, M;879;Santos, M.;135536;ALCB;UFBA;43825;123
GBIF;Bryophyta;Leucobryaceae;Campylopus arctocarpus;(Brid.) W.R. Buck & Ireland;-11.3744872;-40.5304413;Santos, M;888;Santos, M.;133007;ALCB;UFBA;43825;123
GBIF;Bryophyta;Leucobryaceae;Campylopus arctocarpus;(Brid.) W.R. Buck & Ireland;-11.3744872;-40.5304413;Santos, M;898;Santos, M.;133005;ALCB;UFBA;43825;123
GBIF;Bryophyta;Leucobryaceae;Campylopus arctocarpus;(Brid.) W.R. Buck & Ireland;-11.3744872;-40.5304413;Santos, M;943;Santos, M.;135534;ALCB;UFBA;43825;123
GBIF;Bryophyta;Leucobryaceae;Campylopus arctocarpus;(Brid.) W.R. Buck & Ireland;-11.3744872;-40.5304413;Santos, M;955;Santos, M.;119297;ALCB;UFBA;43825;123
GBIF;Bryophyta;Leucobryaceae;Campylopus arctocarpus;(Brid.) W.R. Buck & Ireland;-11.3744872;-40.5304413;Santos, M;959;Santos, M.;119682-A;ALCB;UFBA;43825;123
GBIF;Bryophyta;Leucobryaceae;Campylopus arctocarpus;(Brid.) W.R. Buck & Ireland;-11.3744872;-40.5304413;Santos, M;969;Santos, M.;119702;ALCB;UFBA;43825;123
GBIF;Bryophyta;Leucobryaceae;Campylopus arctocarpus;(Brid.) W.R. Buck & Ireland;-11.3744872;-40.5304413;Santos, M;970;Santos, M.;119709;ALCB;UFBA;43825;123
GBIF;Bryophyta;Leucobryaceae;Campylopus arctocarpus;(Brid.) W.R. Buck & Ireland;-11.3744872;-40.5304413;Santos, M;971;Santos, M.;119659;ALCB;UFBA;43825;123
GBIF;Bryophyta;Leucobryaceae;Campylopus arctocarpus;(Brid.) W.R. Buck & Ireland;-11.3744872;-40.5304413;Santos, M;977;Santos, M.;119662;ALCB;UFBA;43825;123
GBIF;Bryophyta;Leucobryaceae;Campylopus cuspidatus;(Brid.) W.R. Buck & Ireland;-11.38629;-40.52586;Ballejos, J;1434;Ballejos, J.;119365;ALCB;UFBA;43825;123
GBIF;Bryophyta;Leucobryaceae;Campylopus filifolius;(Brid.) W.R. Buck & Ireland;-11.392649;-40.5399424;Bastos, C;3616;Bastos, C.;119461;ALCB;UFBA;43825;123
GBIF;Bryophyta;Leucobryaceae;Campylopus filifolius;(Brid.) W.R. Buck & Ireland;-11.392375;-40.538983;Ballejos, J;1056;Ballejos, J.;119453;ALCB;UFBA;43825;123
GBIF;Bryophyta;Leucobryaceae;Campylopus filifolius;(Brid.) W.R. Buck & Ireland;-11.392375;-40.538983;Santos, M;1497;Santos, M.;119246;ALCB;UFBA;43825;123
GBIF;Bryophyta;Leucobryaceae;Campylopus filifolius;(Brid.) W.R. Buck & Ireland;-11.392375;-40.538983;Santos, M;271;Santos, M.;119586;ALCB;UFBA;43825;123
GBIF;Bryophyta;Leucobryaceae;Campylopus filifolius;(Brid.) W.R. Buck & Ireland;-11.392375;-40.538983;Santos, M;286;Santos, M.;119260;ALCB;UFBA;43825;123
GBIF;Bryophyta;Leucobryaceae;Campylopus filifolius;(Brid.) W.R. Buck & Ireland;-11.392375;-40.538983;Santos, M;300;Santos, M.;119253;ALCB;UFBA;43825;123
GBIF;Bryophyta;Leucobryaceae;Campylopus filifolius;(Brid.) W.R. Buck & Ireland;-11.39151934;-40.53614242;Santos, M;1015;Santos, M.;119338;ALCB;UFBA;43825;123
GBIF;Bryophyta;Leucobryaceae;Campylopus filifolius;(Brid.) W.R. Buck & Ireland;-11.39151934;-40.53614242;Santos, M;1023;Santos, M.;119492;ALCB;UFBA;43825;123
GBIF;Bryophyta;Leucobryaceae;Campylopus filifolius;(Brid.) W.R. Buck & Ireland;-11.39151934;-40.53614242;Santos, M;1025;Santos, M.;119653;ALCB;UFBA;43825;123
GBIF;Bryophyta;Leucobryaceae;Campylopus filifolius;(Brid.) W.R. Buck & Ireland;-11.387419;-40.533396;Santos, M;176;Santos, M.;119692;ALCB;UFBA;43825;123
GBIF;Bryophyta;Leucobryaceae;Campylopus filifolius;(Brid.) W.R. Buck & Ireland;-11.387419;-40.533396;Ballejos, J;134;Ballejos, J.;119502;ALCB;UFBA;43825;123
GBIF;Bryophyta;Leucobryaceae;Campylopus filifolius;(Brid.) W.R. Buck & Ireland;-11.387419;-40.533396;Bastos, C;3939a;Bastos, C.;119477;ALCB;UFBA;43825;123
GBIF;Bryophyta;Leucobryaceae;Campylopus filifolius;(Brid.) W.R. Buck & Ireland;-11.387419;-40.533396;Santos, M;173;Santos, M.;119238;ALCB;UFBA;43825;123
GBIF;Bryophyta;Leucobryaceae;Campylopus filifolius;(Brid.) W.R. Buck & Ireland;-11.38629;-40.52586;"Bastos, C; Vilas Boas-Bastos, SB";3298;Bastos, C.;119229;ALCB;UFBA;43825;123
GBIF;Bryophyta;Leucobryaceae;Campylopus filifolius;(Brid.) W.R. Buck & Ireland;-11.38629;-40.52586;"Bastos, C; Vilas Boas-Bastos, SB";3316;Bastos, C.;119233;ALCB;UFBA;43825;123
GBIF;Bryophyta;Leucobryaceae;Campylopus filifolius;(Brid.) W.R. Buck & Ireland;-11.38629;-40.52586;"Bastos, C; Vilas Boas-Bastos, SB";3451;Bastos, C.;119587;ALCB;UFBA;43825;123
GBIF;Bryophyta;Leucobryaceae;Campylopus filifolius;(Brid.) W.R. Buck & Ireland;-11.38629;-40.52586;"Bastos, C; Vilas Boas-Bastos, SB";3459;Bastos, C.;119464;ALCB;UFBA;43825;123
GBIF;Bryophyta;Leucobryaceae;Campylopus filifolius;(Brid.) W.R. Buck & Ireland;-11.38629;-40.52586;"Bastos, C; Vilas Boas-Bastos, SB";3519;Bastos, C.;119666;ALCB;UFBA;43825;123
GBIF;Bryophyta;Leucobryaceae;Campylopus filifolius;(Brid.) W.R. Buck & Ireland;-11.38629;-40.52586;Santos, M;154;Santos, M.;119680-A;ALCB;UFBA;43825;123
GBIF;Bryophyta;Leucobryaceae;Campylopus filifolius;(Brid.) W.R. Buck & Ireland;-11.38629;-40.52586;Ballejos, J;1742;Ballejos, J.;119685-B;ALCB;UFBA;43825;123
GBIF;Bryophyta;Leucobryaceae;Campylopus filifolius;(Brid.) W.R. Buck & Ireland;-11.38629;-40.52586;Ballejos, J;1199;Ballejos, J.;119716;ALCB;UFBA;43825;123
GBIF;Bryophyta;Leucobryaceae;Campylopus filifolius;(Brid.) W.R. Buck & Ireland;-11.38629;-40.52586;Ballejos, J;1704;Ballejos, J.;119680;ALCB;UFBA;43825;123
GBIF;Bryophyta;Leucobryaceae;Campylopus filifolius;(Brid.) W.R. Buck & Ireland;-11.38629;-40.52586;Ballejos, J;1709;Ballejos, J.;119623;ALCB;UFBA;43825;123
GBIF;Bryophyta;Leucobryaceae;Campylopus filifolius;(Brid.) W.R. Buck & Ireland;-11.38629;-40.52586;Ballejos, J;1735;Ballejos, J.;119463;ALCB;UFBA;43825;123
GBIF;Bryophyta;Leucobryaceae;Campylopus filifolius;(Brid.) W.R. Buck & Ireland;-11.38629;-40.52586;Ballejos, J;1761;Ballejos, J.;119216;ALCB;UFBA;43825;123
GBIF;Bryophyta;Leucobryaceae;Campylopus filifolius;(Brid.) W.R. Buck & Ireland;-11.38629;-40.52586;Ballejos, J;2080;Ballejos, J.;119564;ALCB;UFBA;43825;123
GBIF;Bryophyta;Leucobryaceae;Campylopus filifolius;(Brid.) W.R. Buck & Ireland;-11.38629;-40.52586;Ballejos, J;1395;Ballejos, J.;119556;ALCB;UFBA;43825;123
GBIF;Bryophyta;Leucobryaceae;Campylopus filifolius;(Brid.) W.R. Buck & Ireland;-11.38629;-40.52586;Ballejos, J;1428;Ballejos, J.;119530;ALCB;UFBA;43825;123
GBIF;Bryophyta;Leucobryaceae;Campylopus filifolius;(Brid.) W.R. Buck & Ireland;-11.38629;-40.52586;Ballejos, J;1431;Ballejos, J.;119675;ALCB;UFBA;43825;123
GBIF;Bryophyta;Leucobryaceae;Campylopus filifolius;(Brid.) W.R. Buck & Ireland;-11.38629;-40.52586;Ballejos, J;1434;Ballejos, J.;119677;ALCB;UFBA;43825;123
GBIF;Bryophyta;Leucobryaceae;Campylopus filifolius;(Brid.) W.R. Buck & Ireland;-11.38629;-40.52586;Ballejos, J;1443;Ballejos, J.;119673;ALCB;UFBA;43825;123
GBIF;Bryophyta;Leucobryaceae;Campylopus filifolius;(Brid.) W.R. Buck & Ireland;-11.38629;-40.52586;Ballejos, J;1451;Ballejos, J.;119248;ALCB;UFBA;43825;123
GBIF;Bryophyta;Leucobryaceae;Campylopus filifolius;(Brid.) W.R. Buck & Ireland;-11.38629;-40.52586;Ballejos, J;1435;Ballejos, J.;119268;ALCB;UFBA;43825;123
GBIF;Bryophyta;Leucobryaceae;Campylopus filifolius;(Brid.) W.R. Buck & Ireland;-11.3744872;-40.5304413;Santos, M;907;Santos, M.;112891;ALCB;UFBA;43825;123
GBIF;Bryophyta;Leucobryaceae;Campylopus filifolius var. humilis;(Brid.) W.R. Buck & Ireland;-11.38629;-40.52586;Ballejos, J;1295;Ballejos, J.;119652;ALCB;UFBA;43825;123
GBIF;Bryophyta;Leucobryaceae;Campylopus filifolius var. humilis;(Brid.) W.R. Buck & Ireland;-11.38629;-40.52586;Ballejos, J;1298;Ballejos, J.;119525;ALCB;UFBA;43825;123
GBIF;Bryophyta;Leucobryaceae;Campylopus filifolius var. humilis;(Brid.) W.R. Buck & Ireland;-11.38629;-40.52586;Ballejos, J;1302;Ballejos, J.;119614;ALCB;UFBA;43825;123
GBIF;Bryophyta;Leucobryaceae;Campylopus filifolius var. humilis;(Brid.) W.R. Buck & Ireland;-11.38629;-40.52586;Ballejos, J;1308;Ballejos, J.;119325;ALCB;UFBA;43825;123
GBIF;Bryophyta;Leucobryaceae;Campylopus filifolius var. humilis;(Brid.) W.R. Buck & Ireland;-11.38629;-40.52586;Ballejos, J;1320;Ballejos, J.;119360;ALCB;UFBA;43825;123
GBIF;Bryophyta;Leucobryaceae;Campylopus filifolius var. humilis;(Brid.) W.R. Buck & Ireland;-11.38629;-40.52586;Ballejos, J;1326;Ballejos, J.;119333;ALCB;UFBA;43825;123
GBIF;Bryophyta;Leucobryaceae;Campylopus filifolius var. humilis;(Brid.) W.R. Buck & Ireland;-11.38629;-40.52586;Santos, M;s/n;Santos, M.;119573;ALCB;UFBA;43825;123
GBIF;Bryophyta;Leucobryaceae;Campylopus filifolius var. humilis;(Brid.) W.R. Buck & Ireland;-11.3744872;-40.5304413;Santos, M;972;Santos, M.;119331;ALCB;UFBA;43825;123
GBIF;Bryophyta;Leucobryaceae;Campylopus fragilis;(Brid.) W.R. Buck & Ireland;-11.392375;-40.538983;Santos, M;247;Santos, M.;119364;ALCB;UFBA;43825;123
GBIF;Bryophyta;Leucobryaceae;Campylopus fragilis;(Brid.) W.R. Buck & Ireland;-11.38629;-40.52586;Ballejos, J;1669;Ballejos, J.;119528;ALCB;UFBA;43825;123
GBIF;Bryophyta;Leucobryaceae;Campylopus julaceus;(Brid.) W.R. Buck & Ireland;-11.392375;-40.538983;Santos, M;257;Santos, M.;119347;ALCB;UFBA;43825;123
GBIF;Bryophyta;Leucobryaceae;Campylopus julaceus;(Brid.) W.R. Buck & Ireland;-11.387419;-40.533396;Santos, M;219;Santos, M.;119384;ALCB;UFBA;43825;123
GBIF;Bryophyta;Leucobryaceae;Campylopus julaceus;(Brid.) W.R. Buck & Ireland;-11.38629;-40.52586;Santos, M;629;Santos, M.;119281;ALCB;UFBA;43825;123
GBIF;Bryophyta;Leucobryaceae;Campylopus julaceus;(Brid.) W.R. Buck & Ireland;-11.377495;-40.52975;Santos, M;145;Santos, M.;119385;ALCB;UFBA;43825;123
GBIF;Bryophyta;Leucobryaceae;Campylopus occultus;(Brid.) W.R. Buck & Ireland;-11.392375;-40.538983;Ballejos, J;1166;Ballejos, J.;119455;ALCB;UFBA;43825;123
GBIF;Bryophyta;Leucobryaceae;Campylopus occultus;(Brid.) W.R. Buck & Ireland;-11.392375;-40.538983;Santos, M;253;Santos, M.;119288;ALCB;UFBA;43825;123
GBIF;Bryophyta;Leucobryaceae;Campylopus occultus;(Brid.) W.R. Buck & Ireland;-11.387419;-40.533396;Santos, M;163;Santos, M.;119693;ALCB;UFBA;43825;123
GBIF;Bryophyta;Leucobryaceae;Campylopus occultus;(Brid.) W.R. Buck & Ireland;-11.387419;-40.533396;Santos, M;168;Santos, M.;119703;ALCB;UFBA;43825;123
GBIF;Bryophyta;Leucobryaceae;Campylopus occultus;(Brid.) W.R. Buck & Ireland;-11.387419;-40.533396;Santos, M;190;Santos, M.;119363;ALCB;UFBA;43825;123
GBIF;Bryophyta;Leucobryaceae;Campylopus occultus;(Brid.) W.R. Buck & Ireland;-11.387419;-40.533396;Santos, M;195;Santos, M.;119676;ALCB;UFBA;43825;123
GBIF;Bryophyta;Leucobryaceae;Campylopus occultus;(Brid.) W.R. Buck & Ireland;-11.38629;-40.52586;Ballejos, J;1437;Ballejos, J.;119691;ALCB;UFBA;43825;123
GBIF;Bryophyta;Leucobryaceae;Campylopus occultus;(Mitt.) W.R. Buck & Ireland;-11.38629;-40.52586;Ballejos, J;1443;Ballejos, J.;119678;ALCB;UFBA;43825;123
GBIF;Bryophyta;Leucobryaceae;Campylopus occultus;(Mitt.) W.R. Buck & Ireland;-11.38629;-40.52586;Ballejos, J;1456;Ballejos, J.;119710;ALCB;UFBA;43825;123
GBIF;Bryophyta;Leucobryaceae;Campylopus occultus;(Mitt.) W.R. Buck & Ireland;-11.38629;-40.52586;Santos, M;624;Santos, M.;119712;ALCB;UFBA;43825;123
GBIF;Bryophyta;Leucobryaceae;Campylopus occultus;(Mitt.) W.R. Buck & Ireland;-11.377495;-40.52975;Ballejos, J;98;Ballejos, J.;119809;ALCB;UFBA;43825;123
GBIF;Bryophyta;Leucobryaceae;Campylopus occultus;(Hook.) Mitt.;-11.3744872;-40.5304413;Santos, M;936;Santos, M.;119476;ALCB;UFBA;43825;123
GBIF;Bryophyta;Leucobryaceae;Campylopus occultus;(Brid.) Brid.;-11.3744872;-40.5304413;Santos, M;700;Santos, M.;119428;ALCB;UFBA;43825;123
GBIF;Bryophyta;Leucobryaceae;Campylopus pilifer;(Brid.) Brid.;-11.392375;-40.538983;Santos, M;1595;Santos, M.;119655;ALCB;UFBA;43825;123
GBIF;Bryophyta;Leucobryaceae;Campylopus pilifer;(Brid.) Brid.;-11.392375;-40.538983;Santos, M;234;Santos, M.;119656;ALCB;UFBA;43825;123
GBIF;Bryophyta;Leucobryaceae;Campylopus pilifer;(Brid.) Brid.;-11.392375;-40.538983;Santos, M;236;Santos, M.;119560;ALCB;UFBA;43825;123
GBIF;Bryophyta;Leucobryaceae;Campylopus pilifer;(Brid.) Brid.;-11.392375;-40.538983;Santos, M;239;Santos, M.;119694;ALCB;UFBA;43825;123
GBIF;Bryophyta;Leucobryaceae;Campylopus pilifer;(Brid.) Brid.;-11.392375;-40.538983;Santos, M;242;Santos, M.;119523;ALCB;UFBA;43825;123
GBIF;Bryophyta;Leucobryaceae;Campylopus pilifer;(Brid.) Brid.;-11.392375;-40.538983;Santos, M;262;Santos, M.;119379;ALCB;UFBA;43825;123
GBIF;Bryophyta;Leucobryaceae;Campylopus pilifer;(Brid.) Brid.;-11.392375;-40.538983;Santos, M;278;Santos, M.;119557;ALCB;UFBA;43825;123
GBIF;Bryophyta;Leucobryaceae;Campylopus pilifer;(Brid.) Brid.;-11.392375;-40.538983;Santos, M;283;Santos, M.;119497;ALCB;UFBA;43825;123
GBIF;Bryophyta;Leucobryaceae;Campylopus pilifer;(Brid.) Brid.;-11.39151934;-40.53614242;Santos, M;1005;Santos, M.;119535;ALCB;UFBA;43825;123
GBIF;Bryophyta;Leucobryaceae;Campylopus pilifer;(Brid.) Brid.;-11.387419;-40.533396;Santos, M;218;Santos, M.;119235;ALCB;UFBA;43825;123
GBIF;Bryophyta;Leucobryaceae;Campylopus pilifer;(Brid.) Brid.;-11.387419;-40.533396;Santos, M;156;Santos, M.;119558;ALCB;UFBA;43825;123
GBIF;Bryophyta;Leucobryaceae;Campylopus pilifer;(Brid.) Brid.;-11.387419;-40.533396;Santos, M;157;Santos, M.;119262;ALCB;UFBA;43825;123
GBIF;Bryophyta;Leucobryaceae;Campylopus pilifer;(Brid.) Brid.;-11.387419;-40.533396;Santos, M;165;Santos, M.;119713;ALCB;UFBA;43825;123
GBIF;Bryophyta;Leucobryaceae;Campylopus pilifer;(Brid.) Brid.;-11.387419;-40.533396;Santos, M;171;Santos, M.;119475;ALCB;UFBA;43825;123
GBIF;Bryophyta;Leucobryaceae;Campylopus pilifer;(Brid.) Brid.;-11.387419;-40.533396;Santos, M;172;Santos, M.;119682;ALCB;UFBA;43825;123
GBIF;Bryophyta;Leucobryaceae;Campylopus pilifer;(Brid.) Brid.;-11.387419;-40.533396;Santos, M;174;Santos, M.;119488;ALCB;UFBA;43825;123
GBIF;Bryophyta;Leucobryaceae;Campylopus pilifer;(Brid.) Brid.;-11.387419;-40.533396;Santos, M;177;Santos, M.;119265;ALCB;UFBA;43825;123
GBIF;Bryophyta;Leucobryaceae;Campylopus pilifer;(Brid.) Brid.;-11.387419;-40.533396;Santos, M;182;Santos, M.;119236;ALCB;UFBA;43825;123
GBIF;Bryophyta;Leucobryaceae;Campylopus pilifer;(Brid.) Brid.;-11.387419;-40.533396;Santos, M;189;Santos, M.;119594;ALCB;UFBA;43825;123
GBIF;Bryophyta;Leucobryaceae;Campylopus pilifer;(Brid.) Brid.;-11.387419;-40.533396;Santos, M;191;Santos, M.;119571;ALCB;UFBA;43825;123
GBIF;Bryophyta;Leucobryaceae;Campylopus pilifer;(Brid.) Brid.;-11.387419;-40.533396;Santos, M;196a;Santos, M.;119287;ALCB;UFBA;43825;123
GBIF;Bryophyta;Leucobryaceae;Campylopus pilifer;(Brid.) Brid.;-11.387419;-40.533396;Santos, M;197;Santos, M.;119486;ALCB;UFBA;43825;123
GBIF;Bryophyta;Leucobryaceae;Campylopus pilifer;(Brid.) Brid.;-11.387419;-40.533396;Santos, M;608;Santos, M.;119245;ALCB;UFBA;43825;123
GBIF;Bryophyta;Leucobryaceae;Campylopus pilifer;(Brid.) Brid.;-11.387419;-40.533396;Santos, M;609;Santos, M.;119353;ALCB;UFBA;43825;123
GBIF;Bryophyta;Leucobryaceae;Campylopus pilifer;(Brid.) Brid.;-11.38629;-40.52586;Ballejos, J;1353;Ballejos, J.;119457;ALCB;UFBA;43825;123
GBIF;Bryophyta;Leucobryaceae;Campylopus pilifer;(Brid.) Brid.;-11.38629;-40.52586;Ballejos, J;1438;Ballejos, J.;119418;ALCB;UFBA;43825;123
GBIF;Bryophyta;Leucobryaceae;Campylopus pilifer;(Brid.) Brid.;-11.38629;-40.52586;Ballejos, J;1642;Ballejos, J.;119478;ALCB;UFBA;43825;123
GBIF;Bryophyta;Leucobryaceae;Campylopus pilifer;(Brid.) Brid.;-11.38629;-40.52586;Ballejos, J;1645;Ballejos, J.;119536;ALCB;UFBA;43825;123
GBIF;Bryophyta;Leucobryaceae;Campylopus pilifer;(Brid.) Brid.;-11.38629;-40.52586;Ballejos, J;1693;Ballejos, J.;119578;ALCB;UFBA;43825;123
GBIF;Bryophyta;Leucobryaceae;Campylopus pilifer;(Brid.) Brid.;-11.38629;-40.52586;Santos, M;1984;Ballejos, J.;119292;ALCB;UFBA;43825;123
GBIF;Bryophyta;Leucobryaceae;Campylopus pilifer;(Brid.) Brid.;-11.38629;-40.52586;Santos, M;1036;Santos, M.;119329;ALCB;UFBA;43825;123
GBIF;Bryophyta;Leucobryaceae;Campylopus pilifer;(Brid.) Brid.;-11.38629;-40.52586;Santos, M;621;Santos, M.;119419;ALCB;UFBA;43825;123
GBIF;Bryophyta;Leucobryaceae;Campylopus pilifer;(Brid.) Brid.;-11.38629;-40.52586;Santos, M;613;Santos, M.;119437;ALCB;UFBA;43825;123
GBIF;Bryophyta;Leucobryaceae;Campylopus pilifer;(Brid.) Brid.;-11.377495;-40.52975;Santos, M;137;Santos, M.;119420;ALCB;UFBA;43825;123
GBIF;Bryophyta;Leucobryaceae;Campylopus pilifer;(Brid.) Brid.;-11.377495;-40.52975;Santos, M;152;Santos, M.;119592;ALCB;UFBA;43825;123
GBIF;Bryophyta;Leucobryaceae;Campylopus pilifer;(Brid.) Brid.;-11.3744872;-40.5304413;Santos, M;841;Santos, M.;119676-A;ALCB;UFBA;43825;123
GBIF;Bryophyta;Leucobryaceae;Campylopus pilifer;(Brid.) Brid.;-11.3744872;-40.5304413;Santos, M;859;Santos, M.;119269;ALCB;UFBA;43825;123
GBIF;Bryophyta;Leucobryaceae;Campylopus pilifer;(Brid.) Brid.;-11.3744872;-40.5304413;Santos, M;862;Santos, M.;119772;ALCB;UFBA;43825;123
GBIF;Bryophyta;Leucobryaceae;Campylopus pilifer;(Brid.) Brid.;-11.3744872;-40.5304413;Santos, M;863;Santos, M.;119599;ALCB;UFBA;43825;123
GBIF;Bryophyta;Leucobryaceae;Campylopus pilifer;(Brid.) Brid.;-11.3744872;-40.5304413;Santos, M;867;Santos, M.;119609;ALCB;UFBA;43825;123
GBIF;Bryophyta;Leucobryaceae;Campylopus pilifer;(Hook.) W.R. Buck;-11.3744872;-40.5304413;Santos, M;924;Santos, M.;119572;ALCB;UFBA;43825;123
GBIF;Bryophyta;Leucobryaceae;Campylopus pilifer;(Hook.) W.R. Buck;-11.3744872;-40.5304413;Santos, M;931;Santos, M.;119677-A;ALCB;UFBA;43825;123
GBIF;Bryophyta;Leucobryaceae;Campylopus pilifer;(Hook.) W.R. Buck;-11.3744872;-40.5304413;Santos, M;935;Santos, M.;119679-A;ALCB;UFBA;43825;123
GBIF;Bryophyta;Leucobryaceae;Campylopus savannarum;(Hook.) W.R. Buck;-11.392375;-40.538983;Ballejos, J;1095;Ballejos, J.;119590;ALCB;UFBA;43825;123
GBIF;Bryophyta;Leucobryaceae;Campylopus savannarum;(Hook.) W.R. Buck;-11.392375;-40.538983;Ballejos, J;1048;Ballejos, J.;119589;ALCB;UFBA;43825;123
GBIF;Bryophyta;Leucobryaceae;Campylopus savannarum;(Hook.) W.R. Buck;-11.392375;-40.538983;Ballejos, J;1052;Ballejos, J.;119466;ALCB;UFBA;43825;123
GBIF;Bryophyta;Leucobryaceae;Campylopus savannarum;(Hook.) W.R. Buck;-11.392375;-40.538983;Ballejos, J;1107;Ballejos, J.;119534;ALCB;UFBA;43825;123
GBIF;Bryophyta;Leucobryaceae;Campylopus savannarum;(Hook.) W.R. Buck;-11.392375;-40.538983;Ballejos, J;1127;Ballejos, J.;119473;ALCB;UFBA;43825;123
GBIF;Bryophyta;Leucobryaceae;Campylopus savannarum;(Hook.) W.R. Buck;-11.392375;-40.538983;Ballejos, J;1137;Ballejos, J.;119330;ALCB;UFBA;43825;123
GBIF;Bryophyta;Leucobryaceae;Campylopus savannarum;(Hook.) W.R. Buck;-11.392375;-40.538983;Ballejos, J;1154;Ballejos, J.;119217;ALCB;UFBA;43825;123
GBIF;Bryophyta;Leucobryaceae;Campylopus savannarum;(Hook.) W.R. Buck;-11.392375;-40.538983;Ballejos, J;1155;Ballejos, J.;119675-A;ALCB;UFBA;43825;123
GBIF;Bryophyta;Leucobryaceae;Campylopus savannarum;(Hook.) W.R. Buck;-11.392375;-40.538983;Santos, M;1574;Santos, M.;119448;ALCB;UFBA;43825;123
GBIF;Bryophyta;Leucobryaceae;Campylopus savannarum;Schwägr.;-11.392375;-40.538983;Santos, M;1598;Santos, M.;119218;ALCB;UFBA;43825;123
GBIF;Bryophyta;Leucobryaceae;Campylopus savannarum;Schwägr.;-11.392375;-40.538983;Santos, M;228;Santos, M.;119214;ALCB;UFBA;43825;123
GBIF;Bryophyta;Leucobryaceae;Campylopus savannarum;Schwägr.;-11.392375;-40.538983;Santos, M;237;Santos, M.;119436;ALCB;UFBA;43825;123
GBIF;Bryophyta;Leucobryaceae;Campylopus savannarum;Schwägr.;-11.392375;-40.538983;Santos, M;245;Santos, M.;119491;ALCB;UFBA;43825;123
GBIF;Bryophyta;Leucobryaceae;Campylopus savannarum;Schwägr.;-11.392375;-40.538983;Santos, M;258;Santos, M.;119708;ALCB;UFBA;43825;123
GBIF;Bryophyta;Leucobryaceae;Campylopus savannarum;Mitt.;-11.392375;-40.538983;Santos, M;265;Santos, M.;112888;ALCB;UFBA;43825;123
GBIF;Bryophyta;Leucobryaceae;Campylopus savannarum;Mitt.;-11.392375;-40.538983;Santos, M;267;Santos, M.;119335;ALCB;UFBA;43825;123
GBIF;Bryophyta;Leucobryaceae;Campylopus savannarum;Mitt.;-11.392375;-40.538983;Santos, M;268;Santos, M.;119446;ALCB;UFBA;43825;123
GBIF;Bryophyta;Leucobryaceae;Campylopus savannarum;Mitt.;-11.392375;-40.538983;Santos, M;270;Santos, M.;119715;ALCB;UFBA;43825;123
GBIF;Bryophyta;Leucobryaceae;Campylopus savannarum;Mitt.;-11.392375;-40.538983;Santos, M;273;Santos, M.;119526;ALCB;UFBA;43825;123
GBIF;Bryophyta;Leucobryaceae;Campylopus savannarum;Mitt.;-11.392375;-40.538983;Santos, M;279;Santos, M.;119423;ALCB;UFBA;43825;123
GBIF;Bryophyta;Leucobryaceae;Campylopus savannarum;Besch.;-11.392375;-40.538983;Santos, M;284;Santos, M.;119698;ALCB;UFBA;43825;123
GBIF;Bryophyta;Leucobryaceae;Campylopus savannarum;Mont.;-11.392375;-40.538983;Santos, M;285;Santos, M.;119408;ALCB;UFBA;43825;123
GBIF;Bryophyta;Leucobryaceae;Campylopus savannarum;Mont.;-11.392375;-40.538983;Santos, M;287;Santos, M.;119237;ALCB;UFBA;43825;123
GBIF;Bryophyta;Leucobryaceae;Campylopus savannarum;Mont.;-11.392375;-40.538983;Santos, M;290;Santos, M.;119444;ALCB;UFBA;43825;123
GBIF;Bryophyta;Leucobryaceae;Campylopus savannarum;Brid.;-11.392375;-40.538983;Santos, M;291;Santos, M.;119283;ALCB;UFBA;43825;123
GBIF;Bryophyta;Leucobryaceae;Campylopus savannarum;Brid.;-11.392375;-40.538983;Santos, M;292;Santos, M.;119669;ALCB;UFBA;43825;123
GBIF;Bryophyta;Leucobryaceae;Campylopus savannarum;Brid.;-11.39151934;-40.53614242;Santos, M;1006;Santos, M.;119674;ALCB;UFBA;43825;123
GBIF;Bryophyta;Leucobryaceae;Campylopus savannarum;Brid.;-11.39151934;-40.53614242;Santos, M;834;Santos, M.;119552;ALCB;UFBA;43825;123
GBIF;Bryophyta;Leucobryaceae;Campylopus savannarum;Brid.;-11.39151934;-40.53614242;Santos, M;835;Santos, M.;119621;ALCB;UFBA;43825;123
GBIF;Bryophyta;Leucobryaceae;Campylopus savannarum;Brid.;-11.387419;-40.533396;Santos, M;161;Santos, M.;119616;ALCB;UFBA;43825;123
GBIF;Bryophyta;Leucobryaceae;Campylopus savannarum;Brid.;-11.387419;-40.533396;Santos, M;170;Santos, M.;119447;ALCB;UFBA;43825;123
GBIF;Bryophyta;Leucobryaceae;Campylopus savannarum;Brid.;-11.387419;-40.533396;Santos, M;179;Santos, M.;119518;ALCB;UFBA;43825;123
GBIF;Bryophyta;Leucobryaceae;Campylopus savannarum;Brid.;-11.387419;-40.533396;Santos, M;185;Santos, M.;112898;ALCB;UFBA;43825;123
GBIF;Bryophyta;Leucobryaceae;Campylopus savannarum;Brid.;-11.387419;-40.533396;Santos, M;198;Santos, M.;119373;ALCB;UFBA;43825;123
GBIF;Bryophyta;Leucobryaceae;Campylopus savannarum;Brid.;-11.38629;-40.52586;Ballejos, J;1354;Ballejos, J.;119376;ALCB;UFBA;43825;123
GBIF;Bryophyta;Leucobryaceae;Campylopus savannarum;Brid.;-11.38629;-40.52586;Ballejos, J;1355;Ballejos, J.;119414;ALCB;UFBA;43825;123
GBIF;Bryophyta;Leucobryaceae;Campylopus savannarum;Brid.;-11.38629;-40.52586;Ballejos, J;1356;Ballejos, J.;119413;ALCB;UFBA;43825;123
GBIF;Bryophyta;Leucobryaceae;Campylopus savannarum;Brid.;-11.38629;-40.52586;Ballejos, J;1357;Ballejos, J.;119300;ALCB;UFBA;43825;123
GBIF;Bryophyta;Leucobryaceae;Campylopus savannarum;Mitt.;-11.38629;-40.52586;Ballejos, J;1643;Ballejos, J.;119537;ALCB;UFBA;43825;123
GBIF;Bryophyta;Leucobryaceae;Campylopus savannarum;Mitt.;-11.38629;-40.52586;Ballejos, J;1666;Ballejos, J.;119579;ALCB;UFBA;43825;123
GBIF;Bryophyta;Leucobryaceae;Campylopus savannarum;Mitt.;-11.38629;-40.52586;Santos, M;1670;Ballejos, J.;119577;ALCB;UFBA;43825;123
GBIF;Bryophyta;Leucobryaceae;Campylopus savannarum;Mitt.;-11.38629;-40.52586;Ballejos, J;1694;Ballejos, J.;119301;ALCB;UFBA;43825;123
GBIF;Bryophyta;Leucobryaceae;Campylopus savannarum;Mitt.;-11.38629;-40.52586;Ballejos, J;2115;Ballejos, J.;119415;ALCB;UFBA;43825;123
GBIF;Bryophyta;Leucobryaceae;Campylopus savannarum;Broth.;-11.38629;-40.52586;Ballejos, J;2117;Ballejos, J.;119454;ALCB;UFBA;43825;123
GBIF;Bryophyta;Leucobryaceae;Campylopus savannarum;Broth.;-11.38629;-40.52586;"Bastos, C; Vilas Boas-Bastos, SB";3443;Bastos, C.;119574;ALCB;UFBA;43825;123
GBIF;Bryophyta;Leucobryaceae;Campylopus savannarum;Broth.;-11.38629;-40.52586;Ballejos, J;2079;Ballejos, J.;119302;ALCB;UFBA;43825;123
GBIF;Bryophyta;Leucobryaceae;Campylopus savannarum;Broth.;-11.377495;-40.52975;Santos, M;138;Santos, M.;119504;ALCB;UFBA;43825;123
GBIF;Bryophyta;Leucobryaceae;Campylopus savannarum;Broth.;-11.377495;-40.52975;Santos, M;140;Santos, M.;119410;ALCB;UFBA;43825;123
GBIF;Bryophyta;Leucobryaceae;Campylopus savannarum;Broth.;-11.377495;-40.52975;Santos, M;141;Santos, M.;119250;ALCB;UFBA;43825;123
GBIF;Bryophyta;Leucobryaceae;Campylopus savannarum;Broth.;-11.377495;-40.52975;Santos, M;144;Santos, M.;119451;ALCB;UFBA;43825;123
GBIF;Bryophyta;Leucobryaceae;Campylopus savannarum;Broth.;-11.377495;-40.52975;Santos, M;147;Santos, M.;119600;ALCB;UFBA;43825;123
GBIF;Bryophyta;Leucobryaceae;Campylopus savannarum;Broth.;-11.377495;-40.52975;Santos, M;148;Santos, M.;112889;ALCB;UFBA;43825;123
GBIF;Bryophyta;Leucobryaceae;Campylopus savannarum;Mont.;-11.377495;-40.52975;Santos, M;607;Santos, M.;119412;ALCB;UFBA;43825;123
GBIF;Bryophyta;Leucobryaceae;Campylopus savannarum;Mont.;-11.3744872;-40.5304413;Santos, M;843;Santos, M.;119222;ALCB;UFBA;43825;123
GBIF;Bryophyta;Leucobryaceae;Campylopus savannarum;Mont.;-11.3744872;-40.5304413;Santos, M;848;Santos, M.;119411;ALCB;UFBA;43825;123
GBIF;Bryophyta;Leucobryaceae;Campylopus savannarum;Mont.;-11.3744872;-40.5304413;Santos, M;851;Santos, M.;119469;ALCB;UFBA;43825;123
GBIF;Bryophyta;Leucobryaceae;Campylopus savannarum;Mont.;-11.3744872;-40.5304413;Santos, M;855;Santos, M.;80431;ALCB;UFBA;43825;123
GBIF;Bryophyta;Leucobryaceae;Campylopus savannarum;Mont.;-11.3744872;-40.5304413;Santos, M;857;Santos, M.;80430;ALCB;UFBA;43825;123
GBIF;Bryophyta;Leucobryaceae;Campylopus savannarum;Mitt.;-11.3744872;-40.5304413;Santos, M;872;Santos, M.;80434;ALCB;UFBA;43825;123
GBIF;Bryophyta;Leucobryaceae;Campylopus savannarum;(Hampe) A. Jaeger;-11.3744872;-40.5304413;Santos, M;873;Santos, M.;80414;ALCB;UFBA;43825;123
GBIF;Bryophyta;Leucobryaceae;Campylopus savannarum;(Hampe) A. Jaeger;-11.3744872;-40.5304413;Santos, M;875;Santos, M.;80433;ALCB;UFBA;43825;123
GBIF;Bryophyta;Leucobryaceae;Campylopus savannarum;(Hampe) A. Jaeger;-11.3744872;-40.5304413;Santos, M;908;Santos, M.;80435;ALCB;UFBA;43825;123
GBIF;Bryophyta;Leucobryaceae;Campylopus thwaitesii;(Hampe) A. Jaeger;-11.392375;-40.538983;Ballejos, J;1062;Ballejos, J.;119274;ALCB;UFBA;43825;123
GBIF;Bryophyta;Leucobryaceae;Campylopus thwaitesii;(Spruce ex Mitt.) Pursell,;-11.387419;-40.533396;Santos, M;155;Santos, M.;119422;ALCB;UFBA;43825;123
GBIF;Bryophyta;Leucobryaceae;Campylopus thwaitesii;Mont.;-11.387419;-40.533396;Santos, M;159;Santos, M.;119649;ALCB;UFBA;43825;123
GBIF;Bryophyta;Leucobryaceae;Campylopus thwaitesii;A. Jaeger;-11.387419;-40.533396;Santos, M;186a;Santos, M.;112895;ALCB;UFBA;43825;123
GBIF;Bryophyta;Leucobryaceae;Campylopus thwaitesii;(Müll. Hal.) Broth.;-11.38629;-40.52586;Santos, M;718;Santos, M.;112894;ALCB;UFBA;43825;123
GBIF;Bryophyta;Leucobryaceae;Campylopus thwaitesii;(Müll. Hal.) Broth.;-11.38629;-40.52586;Santos, M;727;Santos, M.;119510;ALCB;UFBA;43825;123
GBIF;Bryophyta;Leucobryaceae;Campylopus thwaitesii;Mitt.;-11.38629;-40.52586;Santos, M;795;Santos, M.;119344;ALCB;UFBA;43825;123
GBIF;Bryophyta;Leucobryaceae;Campylopus thwaitesii;Mitt.;-11.38629;-40.52586;Santos, M;797;Santos, M.;119346;ALCB;UFBA;43825;123
GBIF;Bryophyta;Leucobryaceae;Campylopus thwaitesii;Mitt.;-11.38629;-40.52586;Santos, M;628;Santos, M.;119479;ALCB;UFBA;43825;123
GBIF;Bryophyta;Leucobryaceae;Campylopus trachyblepharon;Mitt.;-11.392375;-40.538983;Ballejos, J;1164;Ballejos, J.;119679;ALCB;UFBA;43825;123
GBIF;Bryophyta;Leucobryaceae;Campylopus trachyblepharon;Mitt.;-11.392375;-40.538983;Ballejos, J;1165;Ballejos, J.;119230;ALCB;UFBA;43825;123
GBIF;Bryophyta;Leucobryaceae;Campylopus trachyblepharon;Hedw.;-11.387419;-40.533396;Santos, M;167;Santos, M.;119234;ALCB;UFBA;43825;123
GBIF;Bryophyta;Leucobryaceae;Campylopus trachyblepharon;Hornsch.;-11.38629;-40.52586;"Bastos, C; Vilas Boas-Bastos, SB";3440;Bastos, C.;119660;ALCB;UFBA;43825;123
GBIF;Bryophyta;Leucobryaceae;Campylopus trachyblepharon;Hornsch.;-11.38629;-40.52586;Santos, M;1709;Santos, M.;119231;ALCB;UFBA;43825;123
GBIF;Marchantiophyta;Lejeuneaceae;Ceratolejeunea laetefusca;Mont.;-11.393513;-40.537926;"Bastos, C; Vilas Boas-Bastos, SB";3381;Bastos, C.;119553;ALCB;UFBA;43825;123
GBIF;Marchantiophyta;Lejeuneaceae;Cheilolejeunea acutangula;Mont.;-11.387419;-40.533396;Santos, M;215;Santos, M.;119398;ALCB;UFBA;43825;123
GBIF;Marchantiophyta;Lejeuneaceae;Cheilolejeunea adnata;Broth.;-11.393513;-40.537926;"Bastos, C; Vilas Boas-Bastos, SB";3399;Bastos, C.;119808;ALCB;UFBA;43825;123
GBIF;Marchantiophyta;Lejeuneaceae;Cheilolejeunea adnata;Mitt.;-11.393513;-40.537926;"Bastos, C; Vilas Boas-Bastos, SB";3426;Bastos, C.;119241;ALCB;UFBA;43825;123
GBIF;Marchantiophyta;Lejeuneaceae;Cheilolejeunea adnata;Müll. Hal.;-11.393513;-40.537926;"Bastos, C; Vilas Boas-Bastos, SB";3598;Bastos, C.;119374;ALCB;UFBA;43825;123
GBIF;Marchantiophyta;Lejeuneaceae;Cheilolejeunea adnata;Müll. Hal.;-11.393513;-40.537926;"Bastos, C; Vilas Boas-Bastos, SB";3273;Bastos, C.;119382;ALCB;UFBA;43825;123
GBIF;Marchantiophyta;Lejeuneaceae;Cheilolejeunea adnata;Müll. Hal.;-11.393513;-40.537926;"Bastos, C; Vilas Boas-Bastos, SB";3370;Bastos, C.;119249;ALCB;UFBA;43825;123
GBIF;Marchantiophyta;Lejeuneaceae;Cheilolejeunea adnata;Müll. Hal.;-11.393513;-40.537926;"Bastos, C; Vilas Boas-Bastos, SB";3280;Bastos, C.;119324;ALCB;UFBA;43825;123
GBIF;Marchantiophyta;Lejeuneaceae;Cheilolejeunea adnata;Müll. Hal.;-11.393513;-40.537926;"Bastos, C; Vilas Boas-Bastos, SB";3340;Bastos, C.;112892;ALCB;UFBA;43825;123
GBIF;Marchantiophyta;Lejeuneaceae;Cheilolejeunea adnata;Müll. Hal.;-11.393513;-40.537926;"Bastos, C; Vilas Boas-Bastos, SB";3408;Bastos, C.;119545;ALCB;UFBA;43825;123
GBIF;Marchantiophyta;Lejeuneaceae;Cheilolejeunea adnata;Müll. Hal.;-11.393513;-40.537926;"Bastos, C; Vilas Boas-Bastos, SB";3281;Bastos, C.;119328;ALCB;UFBA;43825;123
GBIF;Marchantiophyta;Lejeuneaceae;Cheilolejeunea adnata;Müll. Hal.;-11.392691;-40.5399424;"Bastos, C; Vilas Boas-Bastos, SB";3567;Bastos, C.;119387;ALCB;UFBA;43825;123
GBIF;Marchantiophyta;Lejeuneaceae;Cheilolejeunea adnata;Müll. Hal.;-11.39267;-40.5399424;"Bastos, C; Vilas Boas-Bastos, SB";3470;Bastos, C.;119316;ALCB;UFBA;43825;123
GBIF;Marchantiophyta;Lejeuneaceae;Cheilolejeunea adnata;Müll. Hal.;-11.39266;-40.5399424;"Bastos, C; Vilas Boas-Bastos, SB";3452;Bastos, C.;119643;ALCB;UFBA;43825;123
GBIF;Marchantiophyta;Lejeuneaceae;Cheilolejeunea adnata;Müll. Hal.;-11.392657;-40.5399424;"Bastos, C; Vilas Boas-Bastos, SB";3490;Bastos, C.;119327;ALCB;UFBA;43825;123
GBIF;Marchantiophyta;Lejeuneaceae;Cheilolejeunea caducifolia;Broth.;-11.393513;-40.537926;"Bastos, C; Vilas Boas-Bastos, SB";3432;Bastos, C.;119271;ALCB;UFBA;43825;123
GBIF;Marchantiophyta;Lejeuneaceae;Cheilolejeunea caducifolia;Broth.;-11.393513;-40.537926;"Bastos, C; Vilas Boas-Bastos, SB";3430;Bastos, C.;119380;ALCB;UFBA;43825;123
GBIF;Marchantiophyta;Lejeuneaceae;Cheilolejeunea caducifolia;Broth.;-11.393513;-40.537926;"Bastos, C; Vilas Boas-Bastos, SB";3308;Bastos, C.;119320;ALCB;UFBA;43825;123
GBIF;Marchantiophyta;Lejeuneaceae;Cheilolejeunea caducifolia;Bruch;-11.393513;-40.537926;"Bastos, C; Vilas Boas-Bastos, SB";3361;Bastos, C.;119381;ALCB;UFBA;43825;123
GBIF;Marchantiophyta;Lejeuneaceae;Cheilolejeunea caducifolia;Bruch;-11.393513;-40.537926;"Bastos, C; Vilas Boas-Bastos, SB";3368;Bastos, C.;119322;ALCB;UFBA;43825;123
GBIF;Marchantiophyta;Lejeuneaceae;Cheilolejeunea caducifolia;Bruch;-11.393513;-40.537926;"Bastos, C; Vilas Boas-Bastos, SB";3277;Bastos, C.;119540;ALCB;UFBA;43825;123
GBIF;Marchantiophyta;Lejeuneaceae;Cheilolejeunea filiformis;Bruch;-11.392696;-40.5399424;Vilas Boas-Bastos, SB;1811;Boas-Bastos, S. B. V;119541;ALCB;UFBA;43825;123
GBIF;Marchantiophyta;Lejeuneaceae;Cheilolejeunea filiformis;Bruch;-11.392695;-40.5399424;Vilas Boas-Bastos, SB;1807;Boas-Bastos, S. B. V;119542;ALCB;UFBA;43825;123
GBIF;Marchantiophyta;Lejeuneaceae;Cheilolejeunea filiformis;Bruch;-11.392681;-40.5399424;"Bastos, C; Vilas Boas-Bastos, SB";3478;Bastos, C.;119559;ALCB;UFBA;43825;123
GBIF;Marchantiophyta;Lejeuneaceae;Cheilolejeunea filiformis;Bruch;-11.392653;-40.5399424;"Bastos, C; Vilas Boas-Bastos, SB";3499;Bastos, C.;119456;ALCB;UFBA;43825;123
GBIF;Marchantiophyta;Lejeuneaceae;Cheilolejeunea filiformis;Bruch;-11.392375;-40.538983;Ballejos, J;191;Ballejos, J.;119445;ALCB;UFBA;43825;123
GBIF;Marchantiophyta;Lejeuneaceae;Cheilolejeunea filiformis;Hedw.;-11.387419;-40.533396;Ballejos, J;1723;Ballejos, J.;119215;ALCB;UFBA;43825;123
GBIF;Marchantiophyta;Lejeuneaceae;Cheilolejeunea filiformis;Hedw.;-11.387419;-40.533396;Ballejos, J;1733;Ballejos, J.;119501;ALCB;UFBA;43825;123
GBIF;Marchantiophyta;Lejeuneaceae;Cheilolejeunea filiformis;Mont.;-11.387419;-40.533396;Bastos, C;3955;Bastos, C.;119392;ALCB;UFBA;43825;123
GBIF;Marchantiophyta;Lejeuneaceae;Cheilolejeunea filiformis;Mont.;-11.387419;-40.533396;Vilas Boas-Bastos, SB;1733;Boas-Bastos, S. B. V;119311;ALCB;UFBA;43825;123
GBIF;Marchantiophyta;Lejeuneaceae;Cheilolejeunea filiformis;Mont.;-11.387419;-40.533396;Ballejos, J;126-A;Ballejos, J.;119307;ALCB;UFBA;43825;123
GBIF;Marchantiophyta;Lejeuneaceae;Cheilolejeunea filiformis;Mont.;-11.38629;-40.52586;Vilas Boas-Bastos, SB;1745;Ballejos, J.;119312;ALCB;UFBA;43825;123
GBIF;Marchantiophyta;Lejeuneaceae;Cheilolejeunea filiformis;Mont.;-11.38629;-40.52586;Vilas Boas-Bastos, SB;1748;Ballejos, J.;119305;ALCB;UFBA;43825;123
GBIF;Marchantiophyta;Lejeuneaceae;Cheilolejeunea holostipa;Mont.;-11.393513;-40.537926;"Bastos, C; Vilas Boas-Bastos, SB";3360;Bastos, C.;119583;ALCB;UFBA;43825;123
GBIF;Marchantiophyta;Lejeuneaceae;Cheilolejeunea holostipa;Mont.;-11.38629;-40.52586;Santos, M;1936;Bastos, C.;119399;ALCB;UFBA;43825;123
GBIF;Marchantiophyta;Lejeuneaceae;Cheilolejeunea lobulata;Mont.;-11.38629;-40.52586;Ballejos, J;2092;Bastos, C.;119219;ALCB;UFBA;43825;123
GBIF;Marchantiophyta;Lejeuneaceae;Cheilolejeunea rigidula;Mont.;-11.393513;-40.537926;"Bastos, C; Vilas Boas-Bastos, SB";3326;Bastos, C.;119687;ALCB;UFBA;43825;123
GBIF;Marchantiophyta;Lejeuneaceae;Cheilolejeunea rigidula;(Mitt.) Broth.;-11.392663;-40.5399424;"Bastos, C; Vilas Boas-Bastos, SB";3501;Bastos, C.;119482;ALCB;UFBA;43825;123
GBIF;Marchantiophyta;Lejeuneaceae;Cheilolejeunea rigidula;(Mitt.) Broth.;-11.392375;-40.538983;Ballejos, J;183;Ballejos, J.;119261;ALCB;UFBA;43825;123
GBIF;Marchantiophyta;Lejeuneaceae;Cheilolejeunea rigidula;(Mitt.) Broth.;-11.392375;-40.538983;Ballejos, J;201;Ballejos, J.;119295;ALCB;UFBA;43825;123
GBIF;Marchantiophyta;Lejeuneaceae;Cheilolejeunea rigidula;(Mitt.) Broth.;-11.392375;-40.538983;Bastos, C;3998;Bastos, C.;119315;ALCB;UFBA;43825;123
GBIF;Marchantiophyta;Lejeuneaceae;Cheilolejeunea rigidula;(Mitt.) Broth.;-11.392375;-40.538983;Bastos, C;4002;Bastos, C.;119670A;ALCB;UFBA;43825;123
GBIF;Marchantiophyta;Lejeuneaceae;Cheilolejeunea rigidula;(Mitt.) Broth.;-11.387419;-40.533396;Ballejos, J;136;Ballejos, J.;119539;ALCB;UFBA;43825;123
GBIF;Marchantiophyta;Lejeuneaceae;Cheilolejeunea rigidula;(Mitt.) Broth.;-11.387419;-40.533396;Ballejos, J;154;Ballejos, J.;112897;ALCB;UFBA;43825;123
GBIF;Marchantiophyta;Lejeuneaceae;Cheilolejeunea rigidula;(Mitt.) Broth.;-11.387419;-40.533396;Bastos, C;3953;Bastos, C.;119332;ALCB;UFBA;43825;123
GBIF;Marchantiophyta;Lejeuneaceae;Cheilolejeunea rigidula;(Mitt.) Broth.;-11.387419;-40.533396;Ballejos, J;121;Ballejos, J.;119584;ALCB;UFBA;43825;123
GBIF;Marchantiophyta;Lejeuneaceae;Cheilolejeunea rigidula;(Mitt.) Broth.;-11.38629;-40.52586;Ballejos, J;1743;Bastos, C.;119402;ALCB;UFBA;43825;123
GBIF;Marchantiophyta;Lejeuneaceae;Cheilolejeunea rigidula;(Mitt.) Broth.;-11.38629;-40.52586;Santos, M;1931;Bastos, C.;119404;ALCB;UFBA;43825;123
GBIF;Marchantiophyta;Lejeuneaceae;Cheilolejeunea trifaria var. clausa;(Mitt.) Broth.;-11.392676;-40.5399424;"Bastos, C; Vilas Boas-Bastos, SB";3445;Bastos, C.;28180;ALCB;UFBA;43825;123
GBIF;Marchantiophyta;Lejeuneaceae;Cheilolejeunea unciloba;(Mitt.) Broth.;-11.393513;-40.537926;"Bastos, C; Vilas Boas-Bastos, SB";3300;Bastos, C.;28189;ALCB;UFBA;43825;123
GBIF;Marchantiophyta;Lejeuneaceae;Cheilolejeunea unciloba;(Mitt.) Broth.;-11.393513;-40.537926;"Bastos, C; Vilas Boas-Bastos, SB";3348;Bastos, C.;28185;ALCB;UFBA;43825;123
GBIF;Marchantiophyta;Lejeuneaceae;Cheilolejeunea unciloba;(Mitt.) Broth.;-11.393513;-40.537926;"Bastos, C; Vilas Boas-Bastos, SB";3274;Bastos, C.;28184;ALCB;UFBA;43825;123
GBIF;Marchantiophyta;Lejeuneaceae;Cheilolejeunea unciloba;(Nees) Prosk.;-11.392694;-40.5399424;"Bastos, C; Vilas Boas-Bastos, SB";3528;Bastos, C.;28193;ALCB;UFBA;43825;123
GBIF;Marchantiophyta;Lejeuneaceae;Cheilolejeunea unciloba;(Nees) Prosk.;-11.392688;-40.5399424;"Bastos, C; Vilas Boas-Bastos, SB";3450;Bastos, C.;28195;ALCB;UFBA;43825;123
GBIF;Marchantiophyta;Lejeuneaceae;Cheilolejeunea unciloba;(Sw.) Nees ex Mont.;-11.392671;-40.5399424;"Bastos, C; Vilas Boas-Bastos, SB";3462;Bastos, C.;28176;ALCB;UFBA;43825;123
GBIF;Marchantiophyta;Lejeuneaceae;Cheilolejeunea unciloba;(Sw.) Nees ex Mont.;-11.392664;-40.5399424;"Bastos, C; Vilas Boas-Bastos, SB";3562;Bastos, C.;28177;ALCB;UFBA;43825;123
GBIF;Marchantiophyta;Lejeuneaceae;Cheilolejeunea unciloba;(Sw.) Nees ex Mont.;-11.392661;-40.5399424;"Bastos, C; Vilas Boas-Bastos, SB";3511;Bastos, C.;28179;ALCB;UFBA;43825;123
GBIF;Marchantiophyta;Lejeuneaceae;Cheilolejeunea unciloba;(Sw.) Nees ex Mont.;-11.392375;-40.538983;Ballejos, J;182;Ballejos, J.;28182;ALCB;UFBA;43825;123
GBIF;Marchantiophyta;Lejeuneaceae;Cheilolejeunea unciloba;(Sw.) Nees ex Mont.;-11.392375;-40.538983;Bastos, C;3965;Bastos, C.;28181;ALCB;UFBA;43825;123
GBIF;Marchantiophyta;Lejeuneaceae;Cheilolejeunea unciloba;(Sw.) Nees ex Mont.;-11.392375;-40.538983;Bastos, C;3983;Bastos, C.;28178;ALCB;UFBA;43825;123
GBIF;Marchantiophyta;Lejeuneaceae;Cheilolejeunea unciloba;(Sw.) Nees ex Mont.;-11.392375;-40.538983;Bastos, C;3971-A;Bastos, C.;28192;ALCB;UFBA;43825;123
GBIF;Marchantiophyta;Lejeuneaceae;Cheilolejeunea unciloba;(Sw.) Nees ex Mont.;-11.392375;-40.538983;Bastos, C;3982-A;Bastos, C.;28199;ALCB;UFBA;43825;123
GBIF;Marchantiophyta;Lejeuneaceae;Cheilolejeunea unciloba;(Sw.) Nees ex Mont.;-11.392375;-40.538983;Vilas Boas-Bastos, SB;1776;Boas-Bastos, S. B. V;135538;ALCB;UFBA;43825;123
GBIF;Marchantiophyta;Lejeuneaceae;Cheilolejeunea unciloba;(Sw.) Nees ex Mont.;-11.387419;-40.533396;Ballejos, J;108;Ballejos, J.;135088;ALCB;UFBA;43825;123
GBIF;Marchantiophyta;Lejeuneaceae;Cheilolejeunea unciloba;(Sw.) Nees ex Mont.;-11.387419;-40.533396;Vilas Boas-Bastos, SB;1741;Boas-Bastos, S. B. V;100884315;ALCB;UFBA;43825;123
GBIF;Marchantiophyta;Lejeuneaceae;Cheilolejeunea unciloba;(Sw.) Nees ex Mont.;-11.38629;-40.52586;Bastos, C;3935;Ballejos, J.;135044;ALCB;UFBA;43825;123
GBIF;Marchantiophyta;Lejeuneaceae;Cheilolejeunea unciloba;(Sw.) Nees ex Mont.;-11.38629;-40.52586;"Ballejos, J; Bastos, C";1712;Ballejos, J.;14209;ALCB;UFBA;43825;123
GBIF;Marchantiophyta;Lejeuneaceae;Cheilolejeunea unciloba;(Sw.) Nees ex Mont.;-11.38629;-40.52586;Vilas Boas-Bastos, SB;1752;Ballejos, J.;CINC-B-0035151;ALCB;UFBA;43825;123
GBIF;Marchantiophyta;Lejeuneaceae;Cheilolejeunea unciloba;(Sw.) Nees ex Mont.;-11.38629;-40.52586;Vilas Boas-Bastos, SB;1747a;Ballejos, J.;135045;ALCB;UFBA;43825;123
GBIF;Marchantiophyta;Lejeuneaceae;Cheilolejeunea unciloba;(Sw.) Nees ex Mont.;-11.38629;-40.52586;Santos, M;1641;Santos, M.;135054;ALCB;UFBA;43825;123
GBIF;Marchantiophyta;Lejeuneaceae;Cheilolejeunea xanthocarpa;(Sw.) Nees ex Mont.;-11.393513;-40.537926;"Bastos, C; Vilas Boas-Bastos, SB";3438;Bastos, C.;146804;ALCB;UFBA;43825;123
GBIF;Marchantiophyta;Lejeuneaceae;Cheilolejeunea xanthocarpa;(Sw.) Nees ex Mont.;-11.392696;-40.5399424;"Bastos, C; Vilas Boas-Bastos, SB";3487;Bastos, C.;146813;ALCB;UFBA;43825;123
GBIF;Marchantiophyta;Lejeuneaceae;Cheilolejeunea xanthocarpa;(Sw.) Nees ex Mont.;-11.392652;-40.5399424;"Bastos, C; Vilas Boas-Bastos, SB";3524;Bastos, C.;80413;ALCB;UFBA;43825;123
GBIF;Marchantiophyta;Lejeuneaceae;Cheilolejeunea xanthocarpa;(Sw.) Nees ex Mont.;-11.392375;-40.538983;Ballejos, J;194;Ballejos, J.;80412;ALCB;UFBA;43825;123
GBIF;Marchantiophyta;Lejeuneaceae;Cheilolejeunea xanthocarpa;(Sw.) Nees ex Mont.;-11.392375;-40.538983;Ballejos, J;162;Ballejos, J.;80163;ALCB;UFBA;43825;123
GBIF;Marchantiophyta;Lejeuneaceae;Cheilolejeunea xanthocarpa;(Sw.) Nees ex Mont.;-11.392375;-40.538983;Ballejos, J;177;Ballejos, J.;79896;ALCB;UFBA;43825;123
GBIF;Marchantiophyta;Lejeuneaceae;Cheilolejeunea xanthocarpa;(Sw.) Nees ex Mont.;-11.392375;-40.538983;Ballejos, J;190;Ballejos, J.;135082;ALCB;UFBA;43825;123
GBIF;Marchantiophyta;Lejeuneaceae;Cheilolejeunea xanthocarpa;(Sw.) Nees ex Mont.;-11.392375;-40.538983;Ballejos, J;168-B;Ballejos, J.;135080;ALCB;UFBA;43825;123
GBIF;Marchantiophyta;Lejeuneaceae;Cheilolejeunea xanthocarpa;(Sw.) Nees ex Mont.;-11.392375;-40.538983;Ballejos, J;198-A;Ballejos, J.;135079;ALCB;UFBA;43825;123
GBIF;Marchantiophyta;Lejeuneaceae;Cheilolejeunea xanthocarpa;(Sw.) Nees ex Mont.;-11.392375;-40.538983;Ballejos, J;161;Ballejos, J.;135078;ALCB;UFBA;43825;123
GBIF;Marchantiophyta;Lejeuneaceae;Cheilolejeunea xanthocarpa;(Sw.) Nees ex Mont.;-11.392375;-40.538983;Ballejos, J;197;Ballejos, J.;135077;ALCB;UFBA;43825;123
GBIF;Marchantiophyta;Lejeuneaceae;Cheilolejeunea xanthocarpa;(Sw.) Nees ex Mont.;-11.392375;-40.538983;Bastos, C;3994;Bastos, C.;135076;ALCB;UFBA;43825;123
GBIF;Marchantiophyta;Lejeuneaceae;Cheilolejeunea xanthocarpa;(Lehm. & Lindenb.) Lehm. & Lindenb.;-11.392375;-40.538983;Bastos, C;3989-A;Bastos, C.;135074;ALCB;UFBA;43825;123
GBIF;Marchantiophyta;Lejeuneaceae;Cheilolejeunea xanthocarpa;(Lehm. & Lindenb.) Lehm. & Lindenb.;-11.392375;-40.538983;Bastos, C;3989-B;Bastos, C.;135073;ALCB;UFBA;43825;123
GBIF;Marchantiophyta;Lejeuneaceae;Cheilolejeunea xanthocarpa;(Lehm. & Lindenb.) Lehm. & Lindenb.;-11.392375;-40.538983;Bastos, C;3974;Bastos, C.;135071;ALCB;UFBA;43825;123
GBIF;Marchantiophyta;Lejeuneaceae;Cheilolejeunea xanthocarpa;Raddi;-11.392375;-40.538983;Bastos, C;3969;Bastos, C.;135070;ALCB;UFBA;43825;123
GBIF;Marchantiophyta;Lejeuneaceae;Cheilolejeunea xanthocarpa;Raddi;-11.392375;-40.538983;Bastos, C;3971-B;Bastos, C.;135069;ALCB;UFBA;43825;123
GBIF;Marchantiophyta;Lejeuneaceae;Cheilolejeunea xanthocarpa;Raddi;-11.392375;-40.538983;Bastos, C;3984;Bastos, C.;135067;ALCB;UFBA;43825;123
GBIF;Marchantiophyta;Lejeuneaceae;Cheilolejeunea xanthocarpa;Raddi;-11.392375;-40.538983;Bastos, C;3968;Bastos, C.;135066;ALCB;UFBA;43825;123
GBIF;Marchantiophyta;Lejeuneaceae;Cheilolejeunea xanthocarpa;Raddi;-11.392375;-40.538983;Bastos, C;3996;Bastos, C.;135065;ALCB;UFBA;43825;123
GBIF;Marchantiophyta;Lejeuneaceae;Cheilolejeunea xanthocarpa;Raddi;-11.387419;-40.533396;Ballejos, J;156;Ballejos, J.;117028;ALCB;UFBA;43825;123
GBIF;Marchantiophyta;Lejeuneaceae;Cheilolejeunea xanthocarpa;Raddi;-11.387419;-40.533396;Bastos, C;3960;Bastos, C.;90014254;ALCB;UFBA;43825;123
GBIF;Marchantiophyta;Lejeuneaceae;Cheilolejeunea xanthocarpa;Raddi;-11.387419;-40.533396;Bastos, C;3937;Bastos, C.;146821;ALCB;UFBA;43825;123
GBIF;Marchantiophyta;Lejeuneaceae;Cheilolejeunea xanthocarpa;Raddi;-11.387419;-40.533396;Bastos, C;3923;Bastos, C.;90129539;ALCB;UFBA;43825;123
GBIF;Marchantiophyta;Lejeuneaceae;Cheilolejeunea xanthocarpa;Raddi;-11.387419;-40.533396;Vilas Boas-Bastos, SB;1723;Boas-Bastos, S. B. V;90202460;ALCB;UFBA;43825;123
GBIF;Marchantiophyta;Lejeuneaceae;Cheilolejeunea xanthocarpa;Raddi;-11.387419;-40.533396;Ballejos, J;148;Ballejos, J.;B170482;ALCB;UFBA;43825;123
GBIF;Marchantiophyta;Lejeuneaceae;Cheilolejeunea xanthocarpa;Raddi;-11.38629;-40.52586;"Bastos, C; Vilas Boas-Bastos, SB";3785;Bastos, C.;90068196;ALCB;UFBA;43825;123
GBIF;Marchantiophyta;Lejeuneaceae;Cheilolejeunea xanthocarpa;Raddi;-11.38629;-40.52586;Ballejos, J;1721;Ballejos, J.;146820;ALCB;UFBA;43825;123
GBIF;Marchantiophyta;Lejeuneaceae;Cheilolejeunea xanthocarpa;Raddi;-11.38629;-40.52586;Ballejos, J;231d;Ballejos, J.;02046556;ALCB;UFBA;43825;123
GBIF;Marchantiophyta;Lejeuneaceae;Cheilolejeunea xanthocarpa;Raddi;-11.38629;-40.52586;Ballejos, J;94;Ballejos, J.;131865;ALCB;UFBA;43825;123
GBIF;Marchantiophyta;Lejeuneaceae;Cheilolejeunea xanthocarpa;Raddi;-11.38629;-40.52586;Bastos, C;3909;Ballejos, J.;131865;ALCB;UFBA;43825;123
GBIF;Marchantiophyta;Lejeuneaceae;Cheilolejeunea xanthocarpa;Raddi;-11.38629;-40.52586;Santos, M;150;Ballejos, J.;133019;ALCB;UFBA;43825;123
GBIF;Marchantiophyta;Lejeuneaceae;Cheilolejeunea xanthocarpa;Raddi;-11.38629;-40.52586;Ballejos, J;1624;Bastos, C.;1671042;ALCB;UFBA;43825;123
GBIF;Marchantiophyta;Lejeuneaceae;Cheilolejeunea xanthocarpa;Raddi;-11.38629;-40.52586;Ballejos, J;1629;Bastos, C.;1671424;ALCB;UFBA;43825;123
GBIF;Marchantiophyta;Lejeuneaceae;Cheilolejeunea xanthocarpa;Raddi;-11.3744872;-40.5304413;Ballejos, J;1628;Ballejos, J.;C0015902F;ALCB;UFBA;43825;123
GBIF;Marchantiophyta;Lejeuneaceae;Cololejeunea cardiocarpa;Raddi;-11.392696;-40.5399424;"Bastos, C; Vilas Boas-Bastos, SB";3550;Bastos, C.;146827;ALCB;UFBA;43825;123
GBIF;Marchantiophyta;Lophocoleaceae;Cryptolophocolea martiana;Raddi;-11.393513;-40.537926;"Bastos, C; Vilas Boas-Bastos, SB";3343;Bastos, C.;90202113;ALCB;UFBA;43825;123
GBIF;Marchantiophyta;Lophocoleaceae;Cryptolophocolea martiana;Raddi;-11.392675;-40.5399424;"Bastos, C; Vilas Boas-Bastos, SB";3513;Bastos, C.;90202112;ALCB;UFBA;43825;123
GBIF;Marchantiophyta;Lejeuneaceae;Cyclolejeunea convexistipa;Raddi;-11.387419;-40.533396;Santos, M;222;Santos, M.;089578;ALCB;UFBA;43825;123
GBIF;Marchantiophyta;Lejeuneaceae;Cyclolejeunea luteola;Raddi;-11.392375;-40.538983;Bastos, C;3979;Bastos, C.;089579;ALCB;UFBA;43825;123
GBIF;Marchantiophyta;Lejeuneaceae;Cyclolejeunea luteola;Raddi;-11.387419;-40.533396;Bastos, C;3952-B;Bastos, C.;87729;ALCB;UFBA;43825;123
GBIF;Marchantiophyta;Lejeuneaceae;Diplasiolejeunea cavifolia;Raddi;-11.392696;-40.5399424;Ballejos, J;1701;Ballejos, J.;77825;ALCB;UFBA;43825;123
GBIF;Marchantiophyta;Lejeuneaceae;Diplasiolejeunea cavifolia;Raddi;-11.387419;-40.533396;Ballejos, J;1713;Ballejos, J.;77844;ALCB;UFBA;43825;123
GBIF;Marchantiophyta;Lejeuneaceae;Diplasiolejeunea latipuensis;Raddi;-11.392684;-40.5399424;"Bastos, C; Vilas Boas-Bastos, SB";3500;Bastos, C.;77827;ALCB;UFBA;43825;123
GBIF;Marchantiophyta;Lejeuneaceae;Diplasiolejeunea latipuensis;Raddi;-11.38629;-40.52586;"Bastos, C; Vilas Boas-Bastos, SB";3792;Bastos, C.;77829;ALCB;UFBA;43825;123
GBIF;Marchantiophyta;Lejeuneaceae;Diplasiolejeunea unidentata;Raddi;-11.393513;-40.537926;"Bastos, C; Vilas Boas-Bastos, SB";3289;Bastos, C.;96739;ALCB;UFBA;43825;123
GBIF;Bryophyta;Sematophyllaceae;Donnellia commutata;Raddi;-11.392375;-40.538983;Santos, M;1494;Santos, M.;51672;ALCB;UFBA;43825;123
GBIF;Bryophyta;Sematophyllaceae;Donnellia commutata;Raddi;-11.387419;-40.533396;Bastos, C;3931;Bastos, C.;51709;ALCB;UFBA;43825;123
GBIF;Bryophyta;Sematophyllaceae;Donnellia commutata;Raddi;-11.387419;-40.533396;Bastos, C;3944;Bastos, C.;51727;ALCB;UFBA;43825;123
GBIF;Bryophyta;Sematophyllaceae;Donnellia commutata;Raddi;-11.387419;-40.533396;Bastos, C;3949;Bastos, C.;61605;ALCB;UFBA;43825;123
GBIF;Bryophyta;Sematophyllaceae;Donnellia commutata;Raddi;-11.387419;-40.533396;Vilas Boas-Bastos, SB;1739;Vilas Boas-Bastos, SB;51804;ALCB;UFBA;43825;123
GBIF;Bryophyta;Sematophyllaceae;Donnellia commutata;Raddi;-11.387419;-40.533396;Vilas Boas-Bastos, SB;1744;Vilas Boas-Bastos, SB;51702;ALCB;UFBA;43825;123
GBIF;Bryophyta;Sematophyllaceae;Donnellia commutata;Raddi;-11.387419;-40.533396;Vilas Boas-Bastos, SB;1747;Vilas Boas-Bastos, SB;51715;ALCB;UFBA;43825;123
GBIF;Bryophyta;Sematophyllaceae;Donnellia commutata;Raddi;-11.38629;-40.52586;"Bastos, C; Vilas Boas-Bastos, SB";3778;Bastos, C.;51813;ALCB;UFBA;43825;123
GBIF;Bryophyta;Sematophyllaceae;Donnellia commutata;Raddi;-11.38629;-40.52586;Vilas Boas-Bastos, SB;1806;Vilas Boas-Bastos, SB;61626;ALCB;UFBA;43825;123
GBIF;Bryophyta;Sematophyllaceae;Donnellia commutata;Raddi;-11.38629;-40.52586;Vilas Boas-Bastos, SB;1822;Vilas Boas-Bastos, SB;51811;ALCB;UFBA;43825;123
GBIF;Bryophyta;Sematophyllaceae;Donnellia commutata;Raddi;-11.38629;-40.52586;Santos, M;1605;Ballejos, J.;51746;ALCB;UFBA;43825;123
GBIF;Bryophyta;Sematophyllaceae;Donnellia commutata;Raddi;-11.38629;-40.52586;Santos, M;1617;Ballejos, J.;51755;ALCB;UFBA;43825;123
GBIF;Bryophyta;Sematophyllaceae;Donnellia commutata;Raddi;-11.38629;-40.52586;Santos, M;1620;Ballejos, J.;51719;ALCB;UFBA;43825;123
GBIF;Bryophyta;Sematophyllaceae;Donnellia commutata;Raddi;-11.38629;-40.52586;Ballejos, J;1335;Bastos, C.;51679;ALCB;UFBA;43825;123
GBIF;Bryophyta;Sematophyllaceae;Donnellia commutata;(Nees) Mont.;-11.377495;-40.52975;Vilas Boas-Bastos, SB;1724;Vilas Boas-Bastos, SB;51782;ALCB;UFBA;43825;123
GBIF;Marchantiophyta;Lejeuneaceae;Drepanolejeunea anoplantha;(Nees) Mont.;-11.392375;-40.538983;Bastos, C;3978;Bastos, C.;61609;ALCB;UFBA;43825;123
GBIF;Marchantiophyta;Lejeuneaceae;Drepanolejeunea anoplantha;(Nees) Mont.;-11.392375;-40.538983;Bastos, C;4015;Bastos, C.;51814;ALCB;UFBA;43825;123
GBIF;Marchantiophyta;Lejeuneaceae;Drepanolejeunea anoplantha;(Nees) Mont.;-11.392375;-40.538983;Bastos, C;4004;Bastos, C.;51677;ALCB;UFBA;43825;123
GBIF;Marchantiophyta;Lejeuneaceae;Drepanolejeunea anoplantha;(Nees) Mont.;-11.387419;-40.533396;Ballejos, J;142-A;Ballejos, J.;51695;ALCB;UFBA;43825;123
GBIF;Marchantiophyta;Lejeuneaceae;Drepanolejeunea anoplantha;(Nees) Mont.;-11.387419;-40.533396;Ballejos, J;158;Ballejos, J.;51741;ALCB;UFBA;43825;123
GBIF;Marchantiophyta;Lejeuneaceae;Drepanolejeunea anoplantha;(Nees) Mont.;-11.387419;-40.533396;Bastos, C;3952-A;Bastos, C.;51803;ALCB;UFBA;43825;123
GBIF;Marchantiophyta;Lejeuneaceae;Drepanolejeunea anoplantha;(Nees) Mont.;-11.387419;-40.533396;Vilas Boas-Bastos, SB;1765;Boas-Bastos, S. B. V;51720;ALCB;UFBA;43825;123
GBIF;Marchantiophyta;Lejeuneaceae;Drepanolejeunea anoplantha;(Nees) Mont.;-11.387419;-40.533396;Santos, M;206;Santos, M.;51659;ALCB;UFBA;43825;123
GBIF;Marchantiophyta;Lejeuneaceae;Drepanolejeunea anoplantha;(Nees) Mont.;-11.387419;-40.533396;Ballejos, J;118;Ballejos, J.;51694;ALCB;UFBA;43825;123
GBIF;Marchantiophyta;Lejeuneaceae;Drepanolejeunea anoplantha;(Nees) Mont.;-11.387419;-40.533396;Ballejos, J;130;Ballejos, J.;51663;ALCB;UFBA;43825;123
GBIF;Marchantiophyta;Lejeuneaceae;Drepanolejeunea anoplantha;(Nees) Mont.;-11.387419;-40.533396;Ballejos, J;125;Ballejos, J.;51797;ALCB;UFBA;43825;123
GBIF;Marchantiophyta;Lejeuneaceae;Drepanolejeunea anoplantha;(Nees) Mont.;-11.387419;-40.533396;Ballejos, J;663;Ballejos, J.;51788;ALCB;UFBA;43825;123
GBIF;Marchantiophyta;Lejeuneaceae;Drepanolejeunea anoplantha;(Nees) Mont.;-11.387419;-40.533396;Ballejos, J;133;Ballejos, J.;51748;ALCB;UFBA;43825;123
GBIF;Marchantiophyta;Lejeuneaceae;Drepanolejeunea anoplantha;(Nees) Mont.;-11.387419;-40.533396;Bastos, C;3929;Bastos, C.;51779;ALCB;UFBA;43825;123
GBIF;Marchantiophyta;Lejeuneaceae;Drepanolejeunea anoplantha;(Nees) Mont.;-11.387419;-40.533396;Vilas Boas-Bastos, SB;1735;Boas-Bastos, S. B. V;51740;ALCB;UFBA;43825;123
GBIF;Marchantiophyta;Lejeuneaceae;Drepanolejeunea anoplantha;(Nees) Mont.;-11.38629;-40.52586;Santos, M;1934;Santos, M.;51808;ALCB;UFBA;43825;123
GBIF;Marchantiophyta;Lejeuneaceae;Drepanolejeunea anoplantha;(Nees) Mont.;-11.38629;-40.52586;Santos, M;643;Santos, M.;51668;ALCB;UFBA;43825;123
GBIF;Marchantiophyta;Lejeuneaceae;Drepanolejeunea araucariae;(Nees) Mont.;-11.392375;-40.538983;Ballejos, J;222;Ballejos, J.;51661;ALCB;UFBA;43825;123
GBIF;Marchantiophyta;Lejeuneaceae;Drepanolejeunea araucariae;(Nees) Mont.;-11.387419;-40.533396;Ballejos, J;151;Ballejos, J.;51802;ALCB;UFBA;43825;123
GBIF;Marchantiophyta;Lejeuneaceae;Drepanolejeunea araucariae;(Nees) Mont.;-11.387419;-40.533396;Ballejos, J;141-A;Ballejos, J.;51725;ALCB;UFBA;43825;123
GBIF;Marchantiophyta;Lejeuneaceae;Drepanolejeunea araucariae;(Nees) Mont.;-11.387419;-40.533396;Ballejos, J;131;Ballejos, J.;51781;ALCB;UFBA;43825;123
GBIF;Marchantiophyta;Lejeuneaceae;Drepanolejeunea araucariae;(Nees) Mont.;-11.387419;-40.533396;Ballejos, J;145;Ballejos, J.;61606;ALCB;UFBA;43825;123
GBIF;Marchantiophyta;Lejeuneaceae;Drepanolejeunea campanulata;(Nees) Mont.;-11.390833;-40.538889;Bastos, C;5285;Bastos, C.;61633;ALCB;UFBA;43825;123
GBIF;Marchantiophyta;Lejeuneaceae;Drepanolejeunea fragilis;(Nees) Mont.;-11.393513;-40.537926;"Bastos, C; Vilas Boas-Bastos, SB";3373;Bastos, C.;51758;ALCB;UFBA;43825;123
GBIF;Marchantiophyta;Lejeuneaceae;Drepanolejeunea fragilis;(Nees) Mont.;-11.392375;-40.538983;Bastos, C;3985;Bastos, C.;51774;ALCB;UFBA;43825;123
GBIF;Marchantiophyta;Lejeuneaceae;Drepanolejeunea fragilis;(Nees) Mont.;-11.387419;-40.533396;Ballejos, J;1770;Ballejos, J.;51783;ALCB;UFBA;43825;123
GBIF;Marchantiophyta;Lejeuneaceae;Drepanolejeunea fragilis;(Nees) Mont.;-11.387419;-40.533396;Vilas Boas-Bastos, SB;1730;Boas-Bastos, S. B. V;51798;ALCB;UFBA;43825;123
GBIF;Marchantiophyta;Lejeuneaceae;Drepanolejeunea fragilis;(Nees) Mont.;-11.38629;-40.52586;Santos, M;1949;Santos, M.;51827;ALCB;UFBA;43825;123
GBIF;Marchantiophyta;Lejeuneaceae;Drepanolejeunea mosenii;(Nees) Mont.;-11.392696;-40.5399424;Ballejos, J;1750;Ballejos, J.;51810;ALCB;UFBA;43825;123
GBIF;Marchantiophyta;Lejeuneaceae;Drepanolejeunea mosenii;(Nees) Mont.;-11.387419;-40.533396;Ballejos, J;1703;Ballejos, J.;51822;ALCB;UFBA;43825;123
GBIF;Marchantiophyta;Lejeuneaceae;Drepanolejeunea mosenii;(Nees) Mont.;-11.38629;-40.52586;Santos, M;1937;Santos, M.;51770;ALCB;UFBA;43825;123
GBIF;Marchantiophyta;Lejeuneaceae;Drepanolejeunea orthophylla;(Nees) Mont.;-11.392696;-40.5399424;Ballejos, J;1758;Ballejos, J.;51734;ALCB;UFBA;43825;123
GBIF;Bryophyta;Meteoriaceae;Floribundaria flaccida;(Nees) Mont.;-11.387419;-40.533396;Ballejos, J;109;Ballejos, J.;71951;ALCB;UFBA;43825;123
GBIF;Bryophyta;Meteoriaceae;Floribundaria flaccida;(Nees) Mont.;-11.387419;-40.533396;Ballejos, J;120;Ballejos, J.;71672;ALCB;UFBA;43825;123
GBIF;Bryophyta;Meteoriaceae;Floribundaria flaccida;(Nees) Mont.;-11.387419;-40.533396;Bastos, C;3920;Bastos, C.;71675;ALCB;UFBA;43825;123
GBIF;Bryophyta;Meteoriaceae;Floribundaria flaccida;(Nees) Mont.;-11.387419;-40.533396;Bastos, C;3925;Bastos, C.;71934;ALCB;UFBA;43825;123
GBIF;Bryophyta;Meteoriaceae;Floribundaria flaccida;(Nees) Mont.;-11.387419;-40.533396;Bastos, C;3933;Bastos, C.;71641;ALCB;UFBA;43825;123
GBIF;Bryophyta;Meteoriaceae;Floribundaria flaccida;(Nees) Mont.;-11.387419;-40.533396;Santos, M;180;Santos, M.;71655;ALCB;UFBA;43825;123
GBIF;Bryophyta;Meteoriaceae;Floribundaria flaccida;(Nees) Mont.;-11.387419;-40.533396;Santos, M;199;Santos, M.;71648;ALCB;UFBA;43825;123
GBIF;Bryophyta;Meteoriaceae;Floribundaria flaccida;(Nees) Mont.;-11.387419;-40.533396;Vilas Boas-Bastos, SB;1731;Vilas Boas-Bastos, SB;71654;ALCB;UFBA;43825;123
GBIF;Bryophyta;Meteoriaceae;Floribundaria flaccida;(Nees) Mont.;-11.387419;-40.533396;Vilas Boas-Bastos, SB;1736;Vilas Boas-Bastos, SB;70196;ALCB;UFBA;43825;123
GBIF;Bryophyta;Meteoriaceae;Floribundaria flaccida;(Nees) Mont.;-11.387419;-40.533396;Vilas Boas-Bastos, SB;1737-A;Vilas Boas-Bastos, SB;71945;ALCB;UFBA;43825;123
GBIF;Bryophyta;Meteoriaceae;Floribundaria flaccida;(Nees) Mont.;-11.387419;-40.533396;Vilas Boas-Bastos, SB;1822;Vilas Boas-Bastos, SB;71913;ALCB;UFBA;43825;123
GBIF;Bryophyta;Meteoriaceae;Floribundaria flaccida;(Nees) Mont.;-11.38629;-40.52586;Ballejos, J;1695;Ballejos, J.;71929;ALCB;UFBA;43825;123
GBIF;Bryophyta;Meteoriaceae;Floribundaria flaccida;(Nees) Mont.;-11.38629;-40.52586;Ballejos, J;1728;Ballejos, J.;71941;ALCB;UFBA;43825;123
GBIF;Bryophyta;Meteoriaceae;Floribundaria flaccida;(Nees) Mont.;-11.38629;-40.52586;Ballejos, J;1738;Ballejos, J.;71920;ALCB;UFBA;43825;123
GBIF;Marchantiophyta;Frullaniaceae;Frullania atrata;(Nees) Mont.;-11.392375;-40.538983;Ballejos, J;226;Ballejos, J.;71673;ALCB;UFBA;43825;123
GBIF;Marchantiophyta;Frullaniaceae;Frullania atrata;(Nees) Mont.;-11.392375;-40.538983;Ballejos, J;210;Ballejos, J.;71669;ALCB;UFBA;43825;123
GBIF;Marchantiophyta;Frullaniaceae;Frullania atrata;(Nees) Mont.;-11.392375;-40.538983;Ballejos, J;215;Ballejos, J.;71668;ALCB;UFBA;43825;123
GBIF;Marchantiophyta;Frullaniaceae;Frullania atrata;(Nees) Mont.;-11.392375;-40.538983;Ballejos, J;208;Ballejos, J.;71650;ALCB;UFBA;43825;123
GBIF;Marchantiophyta;Frullaniaceae;Frullania atrata;(Nees) Mont.;-11.392375;-40.538983;Ballejos, J;216;Ballejos, J.;71645;ALCB;UFBA;43825;123
GBIF;Marchantiophyta;Frullaniaceae;Frullania atrata;(Nees) Mont.;-11.392375;-40.538983;Ballejos, J;217;Ballejos, J.;71647;ALCB;UFBA;43825;123
GBIF;Marchantiophyta;Frullaniaceae;Frullania atrata;(Nees) Mont.;-11.392375;-40.538983;Ballejos, J;205;Ballejos, J.;71656;ALCB;UFBA;43825;123
GBIF;Marchantiophyta;Frullaniaceae;Frullania atrata;(Nees) Mont.;-11.392375;-40.538983;Ballejos, J;212;Ballejos, J.;71644;ALCB;UFBA;43825;123
GBIF;Marchantiophyta;Frullaniaceae;Frullania atrata;(Nees) Mont.;-11.392375;-40.538983;Ballejos, J;186;Ballejos, J.;71671;ALCB;UFBA;43825;123
GBIF;Marchantiophyta;Frullaniaceae;Frullania atrata;Steph.;-11.392375;-40.538983;Ballejos, J;164;Ballejos, J.;71653;ALCB;UFBA;43825;123
GBIF;Marchantiophyta;Frullaniaceae;Frullania atrata;Steph.;-11.392375;-40.538983;Ballejos, J;200;Ballejos, J.;72577;ALCB;UFBA;43825;123
GBIF;Marchantiophyta;Frullaniaceae;Frullania atrata;Steph.;-11.392375;-40.538983;Ballejos, J;202;Ballejos, J.;71651;ALCB;UFBA;43825;123
GBIF;Marchantiophyta;Frullaniaceae;Frullania atrata;Steph.;-11.392375;-40.538983;Ballejos, J;174;Ballejos, J.;71662;ALCB;UFBA;43825;123
GBIF;Marchantiophyta;Frullaniaceae;Frullania atrata;Steph.;-11.392375;-40.538983;Ballejos, J;203;Ballejos, J.;71660;ALCB;UFBA;43825;123
GBIF;Marchantiophyta;Frullaniaceae;Frullania atrata;Steph.;-11.392375;-40.538983;Ballejos, J;168-A;Ballejos, J.;70459;ALCB;UFBA;43825;123
GBIF;Marchantiophyta;Frullaniaceae;Frullania atrata;Steph.;-11.39151934;-40.53614242;Ballejos, J;1801;Ballejos, J.;71657;ALCB;UFBA;43825;123
GBIF;Marchantiophyta;Frullaniaceae;Frullania atrata;Steph.;-11.39151934;-40.53614242;Ballejos, J;1822;Ballejos, J.;70462;ALCB;UFBA;43825;123
GBIF;Marchantiophyta;Frullaniaceae;Frullania atrata;Steph.;-11.39151934;-40.53614242;Ballejos, J;1804;Ballejos, J.;70408;ALCB;UFBA;43825;123
GBIF;Marchantiophyta;Frullaniaceae;Frullania atrata;(Spreng.) Gottsche, Lindenb. & Nees;-11.387419;-40.533396;Ballejos, J;1706;Ballejos, J.;70411;ALCB;UFBA;43825;123
GBIF;Marchantiophyta;Frullaniaceae;Frullania atrata;(Nees) Mont.;-11.387419;-40.533396;Ballejos, J;1707;Ballejos, J.;70406;ALCB;UFBA;43825;123
GBIF;Marchantiophyta;Frullaniaceae;Frullania atrata;(Nees) Mont.;-11.387419;-40.533396;Ballejos, J;143-A;Ballejos, J.;70451;ALCB;UFBA;43825;123
GBIF;Marchantiophyta;Frullaniaceae;Frullania atrata;(Nees) Mont.;-11.387419;-40.533396;Ballejos, J;1641;Ballejos, J.;70452;ALCB;UFBA;43825;123
GBIF;Marchantiophyta;Frullaniaceae;Frullania atrata;(Nees) Mont.;-11.387419;-40.533396;Ballejos, J;1681;Ballejos, J.;70405;ALCB;UFBA;43825;123
GBIF;Marchantiophyta;Frullaniaceae;Frullania atrata;(Nees) Mont.;-11.387419;-40.533396;Ballejos, J;115;Ballejos, J.;70409;ALCB;UFBA;43825;123
GBIF;Marchantiophyta;Frullaniaceae;Frullania atrata;(Nees) Mont.;-11.3744872;-40.5304413;Ballejos, J;1599;Ballejos, J.;71938;ALCB;UFBA;43825;123
GBIF;Marchantiophyta;Frullaniaceae;Frullania atrata;(Nees) Mont.;-11.3744872;-40.5304413;Ballejos, J;1668;Ballejos, J.;71915;ALCB;UFBA;43825;123
GBIF;Marchantiophyta;Frullaniaceae;Frullania brasiliensis;(Nees) Mont.;-11.393513;-40.537926;Bastos, C;3362;Boas-Bastos, S. B. V;71937;ALCB;UFBA;43825;123
GBIF;Marchantiophyta;Frullaniaceae;Frullania brasiliensis;(Nees) Mont.;-11.392696;-40.5399424;Ballejos, J;1771;Ballejos, J.;71917;ALCB;UFBA;43825;123
GBIF;Marchantiophyta;Frullaniaceae;Frullania brasiliensis;(Nees) Mont.;-11.392696;-40.5399424;Ballejos, J;1763;Ballejos, J.;71943;ALCB;UFBA;43825;123
GBIF;Marchantiophyta;Frullaniaceae;Frullania brasiliensis;(Nees) Mont.;-11.392696;-40.5399424;Ballejos, J;666;Ballejos, J.;71936;ALCB;UFBA;43825;123
GBIF;Marchantiophyta;Frullaniaceae;Frullania brasiliensis;(Nees) Mont.;-11.392696;-40.5399424;Ballejos, J;667;Ballejos, J.;71927;ALCB;UFBA;43825;123
GBIF;Marchantiophyta;Frullaniaceae;Frullania brasiliensis;(Nees) Mont.;-11.392375;-40.538983;Ballejos, J;249-A;Ballejos, J.;71918;ALCB;UFBA;43825;123
GBIF;Marchantiophyta;Frullaniaceae;Frullania brasiliensis;(Nees) Mont.;-11.392375;-40.538983;Ballejos, J;221;Ballejos, J.;71658;ALCB;UFBA;43825;123
GBIF;Marchantiophyta;Frullaniaceae;Frullania brasiliensis;(Nees) Mont.;-11.392375;-40.538983;Ballejos, J;218;Ballejos, J.;71652;ALCB;UFBA;43825;123
GBIF;Marchantiophyta;Frullaniaceae;Frullania brasiliensis;(Nees) Mont.;-11.392375;-40.538983;Ballejos, J;225;Ballejos, J.;70467;ALCB;UFBA;43825;123
GBIF;Marchantiophyta;Frullaniaceae;Frullania brasiliensis;(Nees) Mont.;-11.392375;-40.538983;Ballejos, J;163;Ballejos, J.;70469;ALCB;UFBA;43825;123
GBIF;Marchantiophyta;Frullaniaceae;Frullania brasiliensis;(Nees) Mont.;-11.392375;-40.538983;Ballejos, J;188;Ballejos, J.;96718;ALCB;UFBA;43825;123
GBIF;Marchantiophyta;Frullaniaceae;Frullania brasiliensis;(Nees) Mont.;-11.392375;-40.538983;Ballejos, J;170;Ballejos, J.;71955;ALCB;UFBA;43825;123
GBIF;Marchantiophyta;Frullaniaceae;Frullania brasiliensis;(Nees) Mont.;-11.392375;-40.538983;Ballejos, J;199;Ballejos, J.;70458;ALCB;UFBA;43825;123
GBIF;Marchantiophyta;Frullaniaceae;Frullania brasiliensis;(Nees) Mont.;-11.392375;-40.538983;Ballejos, J;172;Ballejos, J.;70404;ALCB;UFBA;43825;123
GBIF;Marchantiophyta;Frullaniaceae;Frullania brasiliensis;(Nees) Mont.;-11.392375;-40.538983;Ballejos, J;185;Ballejos, J.;71931;ALCB;UFBA;43825;123
GBIF;Marchantiophyta;Frullaniaceae;Frullania brasiliensis;(Nees) Mont.;-11.392375;-40.538983;Ballejos, J;166;Ballejos, J.;71916;ALCB;UFBA;43825;123
GBIF;Marchantiophyta;Frullaniaceae;Frullania brasiliensis;(Nees) Mont.;-11.392375;-40.538983;Ballejos, J;192;Ballejos, J.;71940;ALCB;UFBA;43825;123
GBIF;Marchantiophyta;Frullaniaceae;Frullania brasiliensis;(Nees) Mont.;-11.392375;-40.538983;Ballejos, J;184;Ballejos, J.;71649;ALCB;UFBA;43825;123
GBIF;Marchantiophyta;Frullaniaceae;Frullania brasiliensis;(Nees) Mont.;-11.392375;-40.538983;Ballejos, J;175;Ballejos, J.;70481;ALCB;UFBA;43825;123
GBIF;Marchantiophyta;Frullaniaceae;Frullania brasiliensis;(Nees) Mont.;-11.392375;-40.538983;Ballejos, J;167;Ballejos, J.;71661;ALCB;UFBA;43825;123
GBIF;Marchantiophyta;Frullaniaceae;Frullania brasiliensis;(Nees) Mont.;-11.392375;-40.538983;Bastos, C;4001;Bastos, C.;71928;ALCB;UFBA;43825;123
GBIF;Marchantiophyta;Frullaniaceae;Frullania brasiliensis;(Nees) Mont.;-11.392375;-40.538983;Bastos, C;3975;Bastos, C.;70410;ALCB;UFBA;43825;123
GBIF;Marchantiophyta;Frullaniaceae;Frullania brasiliensis;(Nees) Mont.;-11.39151934;-40.53614242;Ballejos, J;1846;Ballejos, J.;70407;ALCB;UFBA;43825;123
GBIF;Marchantiophyta;Frullaniaceae;Frullania brasiliensis;(Nees) Mont.;-11.387419;-40.533396;Ballejos, J;140;Ballejos, J.;70402;ALCB;UFBA;43825;123
GBIF;Marchantiophyta;Frullaniaceae;Frullania brasiliensis;(Nees) Mont.;-11.387419;-40.533396;Ballejos, J;147;Ballejos, J.;71933;ALCB;UFBA;43825;123
GBIF;Marchantiophyta;Frullaniaceae;Frullania brasiliensis;(Nees) Mont.;-11.387419;-40.533396;Ballejos, J;144;Ballejos, J.;71947;ALCB;UFBA;43825;123
GBIF;Marchantiophyta;Frullaniaceae;Frullania brasiliensis;(Nees) Mont.;-11.387419;-40.533396;Ballejos, J;116;Ballejos, J.;71922;ALCB;UFBA;43825;123
GBIF;Marchantiophyta;Frullaniaceae;Frullania brasiliensis;(Nees) Mont.;-11.387419;-40.533396;Ballejos, J;665;Ballejos, J.;71924;ALCB;UFBA;43825;123
GBIF;Marchantiophyta;Frullaniaceae;Frullania brasiliensis;(Nees) Mont.;-11.387419;-40.533396;Ballejos, J;104;Ballejos, J.;71646;ALCB;UFBA;43825;123
GBIF;Marchantiophyta;Frullaniaceae;Frullania brasiliensis;(Nees) Mont.;-11.387419;-40.533396;Vilas Boas-Bastos, SB;1738;Boas-Bastos, S. B. V;71956;ALCB;UFBA;43825;123
GBIF;Marchantiophyta;Frullaniaceae;Frullania brasiliensis;(Nees) Mont.;-11.38629;-40.52586;Santos, M;1962;Santos, M.;70521;ALCB;UFBA;43825;123
GBIF;Marchantiophyta;Frullaniaceae;Frullania brasiliensis;(Nees) Mont.;-11.3744872;-40.5304413;Ballejos, J;1631;Ballejos, J.;123772;ALCB;UFBA;43825;123
GBIF;Marchantiophyta;Frullaniaceae;Frullania brasiliensis;(Nees) Mont.;-11.3744872;-40.5304413;Ballejos, J;1607;Ballejos, J.;70464;ALCB;UFBA;43825;123
GBIF;Marchantiophyta;Frullaniaceae;Frullania caulisequa;(Nees) Mont.;-11.392375;-40.538983;Ballejos, J;233;Ballejos, J.;71664;ALCB;UFBA;43825;123
GBIF;Marchantiophyta;Frullaniaceae;Frullania caulisequa;(Nees) Mont.;-11.392375;-40.538983;Ballejos, J;231-B;Ballejos, J.;70460;ALCB;UFBA;43825;123
GBIF;Marchantiophyta;Frullaniaceae;Frullania caulisequa;(Nees) Mont.;-11.392375;-40.538983;Santos, M;1576;Santos, M.;71642;ALCB;UFBA;43825;123
GBIF;Marchantiophyta;Frullaniaceae;Frullania caulisequa;(Nees) Mont.;-11.392375;-40.538983;Ballejos, J;198-B;Ballejos, J.;96711;ALCB;UFBA;43825;123
GBIF;Marchantiophyta;Frullaniaceae;Frullania caulisequa;(Nees) Mont.;-11.392375;-40.538983;Ballejos, J;223-B;Ballejos, J.;70490;ALCB;UFBA;43825;123
GBIF;Marchantiophyta;Frullaniaceae;Frullania caulisequa;(Nees) Mont.;-11.392375;-40.538983;Ballejos, J;207-A;Ballejos, J.;96710;ALCB;UFBA;43825;123
GBIF;Marchantiophyta;Frullaniaceae;Frullania caulisequa;(Nees) Mont.;-11.392375;-40.538983;Ballejos, J;179;Ballejos, J.;77177;ALCB;UFBA;43825;123
GBIF;Marchantiophyta;Frullaniaceae;Frullania caulisequa;(Nees) Mont.;-11.392375;-40.538983;Ballejos, J;165;Ballejos, J.;77175;ALCB;UFBA;43825;123
GBIF;Marchantiophyta;Frullaniaceae;Frullania caulisequa;(Nees) Mont.;-11.392375;-40.538983;Ballejos, J;189;Ballejos, J.;77176;ALCB;UFBA;43825;123
GBIF;Marchantiophyta;Frullaniaceae;Frullania caulisequa;(Nees) Mont.;-11.392375;-40.538983;Bastos, C;3972;Bastos, C.;77240;ALCB;UFBA;43825;123
GBIF;Marchantiophyta;Frullaniaceae;Frullania caulisequa;(Nees) Mont.;-11.392375;-40.538983;Santos, M;231;Santos, M.;77173;ALCB;UFBA;43825;123
GBIF;Marchantiophyta;Frullaniaceae;Frullania caulisequa;(Nees) Mont.;-11.392375;-40.538983;Bastos, C;4007;Bastos, C.;77174;ALCB;UFBA;43825;123
GBIF;Marchantiophyta;Frullaniaceae;Frullania caulisequa;(Nees) Mont.;-11.390833;-40.538889;Bastos, C;3781;Ballejos, J.;70472;ALCB;UFBA;43825;123
GBIF;Marchantiophyta;Frullaniaceae;Frullania caulisequa;(Nees) Mont.;-11.390833;-40.538889;Bastos, C;3312;Ballejos, J.;96712;ALCB;UFBA;43825;123
GBIF;Marchantiophyta;Frullaniaceae;Frullania caulisequa;(Nees) Mont.;-11.390833;-40.538889;Bastos, C;3492;Ballejos, J.;96707;ALCB;UFBA;43825;123
GBIF;Marchantiophyta;Frullaniaceae;Frullania caulisequa;(Nees) Mont.;-11.390833;-40.538889;Bastos, C;3442;Bastos, C.;96702;ALCB;UFBA;43825;123
GBIF;Marchantiophyta;Frullaniaceae;Frullania caulisequa;(Nees) Mont.;-11.390833;-40.538889;Bastos, C;3309;Bastos, C.;71944;ALCB;UFBA;43825;123
GBIF;Marchantiophyta;Frullaniaceae;Frullania caulisequa;(Nees) Mont.;-11.390833;-40.538889;Bastos, C;3773;Bastos, C.;71921;ALCB;UFBA;43825;123
GBIF;Marchantiophyta;Frullaniaceae;Frullania caulisequa;(Nees) Mont.;-11.390833;-40.538889;Bastos, C;3457;Bastos, C.;77184;ALCB;UFBA;43825;123
GBIF;Marchantiophyta;Frullaniaceae;Frullania caulisequa;(Nees) Mont.;-11.390833;-40.538889;Bastos, C;3509;Bastos, C.;77204;ALCB;UFBA;43825;123
GBIF;Marchantiophyta;Frullaniaceae;Frullania caulisequa;(Nees) Mont.;-11.390833;-40.538889;Bastos, C;3565;Bastos, C.;70198;ALCB;UFBA;43825;123
GBIF;Marchantiophyta;Frullaniaceae;Frullania caulisequa;(Nees) Mont.;-11.390833;-40.538889;Bastos, C;3569;Bastos, C.;96716;ALCB;UFBA;43825;123
GBIF;Marchantiophyta;Frullaniaceae;Frullania caulisequa;(Nees) Mont.;-11.387419;-40.533396;Ballejos, J;1724;Ballejos, J.;96708;ALCB;UFBA;43825;123
GBIF;Marchantiophyta;Frullaniaceae;Frullania caulisequa;(Nees) Mont.;-11.387419;-40.533396;Ballejos, J;113-B;Ballejos, J.;70487;ALCB;UFBA;43825;123
GBIF;Marchantiophyta;Frullaniaceae;Frullania caulisequa;(Nees) Mont.;-11.387419;-40.533396;Ballejos, J;661;Ballejos, J.;71959;ALCB;UFBA;43825;123
GBIF;Marchantiophyta;Frullaniaceae;Frullania caulisequa;(Nees) Mont.;-11.387419;-40.533396;Ballejos, J;110;Ballejos, J.;70471;ALCB;UFBA;43825;123
GBIF;Marchantiophyta;Frullaniaceae;Frullania caulisequa;(Nees) Mont.;-11.387419;-40.533396;Ballejos, J;132;Ballejos, J.;70199;ALCB;UFBA;43825;123
GBIF;Marchantiophyta;Frullaniaceae;Frullania caulisequa;(Nees) Mont.;-11.387419;-40.533396;Ballejos, J;111;Ballejos, J.;70197;ALCB;UFBA;43825;123
GBIF;Marchantiophyta;Frullaniaceae;Frullania caulisequa;(Nees) Mont.;-11.38629;-40.52586;Santos, M;1974;Santos, M.;96738;ALCB;UFBA;43825;123
GBIF;Marchantiophyta;Frullaniaceae;Frullania gibbosa;(Nees) Mont.;-11.392375;-40.538983;Ballejos, J;176;Ballejos, J.;96212;ALCB;UFBA;43825;123
GBIF;Marchantiophyta;Frullaniaceae;Frullania kunzei;(Nees) Mont.;-11.392696;-40.5399424;Ballejos, J;1769;Ballejos, J.;96215;ALCB;UFBA;43825;123
GBIF;Marchantiophyta;Frullaniaceae;Frullania kunzei;(Nees) Mont.;-11.392375;-40.538983;Ballejos, J;214;Ballejos, J.;71906;ALCB;UFBA;43825;123
GBIF;Marchantiophyta;Frullaniaceae;Frullania kunzei;(Nees) Mont.;-11.392375;-40.538983;Ballejos, J;211;Ballejos, J.;63470;ALCB;UFBA;43825;123
GBIF;Marchantiophyta;Frullaniaceae;Frullania kunzei;(Nees) Mont.;-11.392375;-40.538983;Ballejos, J;204;Ballejos, J.;63478;ALCB;UFBA;43825;123
GBIF;Marchantiophyta;Frullaniaceae;Frullania kunzei;(Nees) Mont.;-11.392375;-40.538983;Ballejos, J;181;Ballejos, J.;70155;ALCB;UFBA;43825;123
GBIF;Marchantiophyta;Frullaniaceae;Frullania kunzei;(Nees) Mont.;-11.392375;-40.538983;Ballejos, J;196;Ballejos, J.;63484;ALCB;UFBA;43825;123
GBIF;Marchantiophyta;Frullaniaceae;Frullania kunzei;(Nees) Mont.;-11.392375;-40.538983;Ballejos, J;171;Ballejos, J.;70139;ALCB;UFBA;43825;123
GBIF;Marchantiophyta;Frullaniaceae;Frullania kunzei;(Nees) Mont.;-11.392375;-40.538983;Ballejos, J;173;Ballejos, J.;71889;ALCB;UFBA;43825;123
GBIF;Marchantiophyta;Frullaniaceae;Frullania kunzei;(Nees) Mont.;-11.392375;-40.538983;Bastos, C;3970;Bastos, C.;70209;ALCB;UFBA;43825;123
GBIF;Marchantiophyta;Frullaniaceae;Frullania kunzei;(Nees) Mont.;-11.392375;-40.538983;Bastos, C;3973;Bastos, C.;70399;ALCB;UFBA;43825;123
GBIF;Marchantiophyta;Frullaniaceae;Frullania kunzei;(Nees) Mont.;-11.392375;-40.538983;Vilas Boas-Bastos, SB;1778-A;Boas-Bastos, S. B. V;70206;ALCB;UFBA;43825;123
GBIF;Marchantiophyta;Frullaniaceae;Frullania kunzei;(Nees) Mont.;-11.387419;-40.533396;Ballejos, J;1686;Ballejos, J.;70211;ALCB;UFBA;43825;123
GBIF;Marchantiophyta;Frullaniaceae;Frullania kunzei;(Nees) Mont.;-11.387419;-40.533396;Ballejos, J;113-A;Ballejos, J.;70392;ALCB;UFBA;43825;123
GBIF;Marchantiophyta;Frullaniaceae;Frullania kunzei;(Nees) Mont.;-11.387419;-40.533396;Ballejos, J;662;Ballejos, J.;71879;ALCB;UFBA;43825;123
GBIF;Marchantiophyta;Frullaniaceae;Frullania kunzei;(Nees) Mont.;-11.38629;-40.52586;Bastos, C;3912;Ballejos, J.;70231;ALCB;UFBA;43825;123
GBIF;Marchantiophyta;Frullaniaceae;Frullania kunzei;(Nees) Mont.;-11.3744872;-40.5304413;Ballejos, J;1610;Ballejos, J.;70356;ALCB;UFBA;43825;123
GBIF;Marchantiophyta;Frullaniaceae;Frullania kunzei;(Nees) Mont.;-11.3744872;-40.5304413;Ballejos, J;1653;Ballejos, J.;72465;ALCB;UFBA;43825;123
GBIF;Marchantiophyta;Frullaniaceae;Frullania kunzei;(Nees) Mont.;-11.3744872;-40.5304413;Ballejos, J;1608;Ballejos, J.;72466;ALCB;UFBA;43825;123
GBIF;Marchantiophyta;Frullaniaceae;Frullania kunzei;(Nees) Mont.;-11.3744872;-40.5304413;Ballejos, J;1621;Ballejos, J.;72504;ALCB;UFBA;43825;123
GBIF;Marchantiophyta;Frullaniaceae;Frullania paradoxa;(Nees) Mont.;-11.387419;-40.533396;Ballejos, J;1661;Ballejos, J.;63475;ALCB;UFBA;43825;123
GBIF;Marchantiophyta;Frullaniaceae;Frullania paradoxa;(Nees) Mont.;-11.387419;-40.533396;Ballejos, J;1632;Ballejos, J.;96422;ALCB;UFBA;43825;123
GBIF;Marchantiophyta;Frullaniaceae;Frullania setigera;(Nees) Mont.;-11.387419;-40.533396;Ballejos, J;1731;Ballejos, J.;70184;ALCB;UFBA;43825;123
GBIF;Marchantiophyta;Lejeuneaceae;Frullanoides densifolia;(Nees) Mont.;-11.392678;-40.5399424;"Bastos, C; Vilas Boas-Bastos, SB";3507;Bastos, C.;RB01355821;ALCB;UFBA;43825;123
GBIF;Marchantiophyta;Lejeuneaceae;Frullanoides densifolia;(Nees) Mont.;-11.39265;-40.5399424;"Bastos, C; Vilas Boas-Bastos, SB";3571;Bastos, C.;72508;ALCB;UFBA;43825;123
GBIF;Marchantiophyta;Lejeuneaceae;Frullanoides tristis;(Nees) Mont.;-11.38629;-40.52586;"Bastos, C; Vilas Boas-Bastos, SB";3779;Bastos, C.;72507;ALCB;UFBA;43825;123
GBIF;Bryophyta;Orthotrichaceae;Groutiella chimborazensis;(Nees) Mont.;-11.392375;-40.538983;Vilas Boas-Bastos, SB;1779;Mascarenhas, C;72464;ALCB;UFBA;43825;123
GBIF;Marchantiophyta;Lejeuneaceae;Haplolejeunea umbrosa;(Nees) Mont.;-11.390833;-40.538889;Bastos, C;3372;Bastos, C.;79702;ALCB;UFBA;43825;123
GBIF;Marchantiophyta;Lejeuneaceae;Haplolejeunea umbrosa;(Nees) Mont.;-11.390833;-40.538889;Bastos, C;3304;Bastos, C.;79379;ALCB;UFBA;43825;123
GBIF;Marchantiophyta;Lejeuneaceae;Haplolejeunea umbrosa;(Nees) Mont.;-11.390833;-40.538889;Bastos, C;3404;Bastos, C.;77729;ALCB;UFBA;43825;123
GBIF;Marchantiophyta;Lejeuneaceae;Harpalejeunea schiffneri;(Nees) Mont.;-11.393513;-40.537926;"Bastos, C; Vilas Boas-Bastos, SB";3433;Bastos, C.;77755;ALCB;UFBA;43825;123
GBIF;Marchantiophyta;Lejeuneaceae;Harpalejeunea subacuta;(Nees) Mont.;-11.392375;-40.538983;Ballejos, J;228;Ballejos, J.;79202;ALCB;UFBA;43825;123
GBIF;Marchantiophyta;Lejeuneaceae;Harpalejeunea subacuta;(Nees) Mont.;-11.387419;-40.533396;Ballejos, J;135;Ballejos, J.;79184;ALCB;UFBA;43825;123
GBIF;Marchantiophyta;Herbertaceae;Herbertus bivittatus;(Nees) Mont.;-11.392375;-40.538983;Santos, M;1540;Santos, M.;79216;ALCB;UFBA;43825;123
GBIF;Marchantiophyta;Herbertaceae;Herbertus bivittatus;(Nees) Mont.;-11.392375;-40.538983;Ballejos, J;206;Ballejos, J.;79230;ALCB;UFBA;43825;123
GBIF;Marchantiophyta;Herbertaceae;Herbertus bivittatus;(Nees) Mont.;-11.39151934;-40.53614242;Santos, M;764;Santos, M.;79370;ALCB;UFBA;43825;123
GBIF;Marchantiophyta;Herbertaceae;Herbertus bivittatus;(Nees) Mont.;-11.39151934;-40.53614242;Santos, M;813;Santos, M.;72132;ALCB;UFBA;43825;123
GBIF;Marchantiophyta;Herbertaceae;Herbertus bivittatus;(Nees) Mont.;-11.39151934;-40.53614242;Santos, M;765;Santos, M.;79188;ALCB;UFBA;43825;123
GBIF;Marchantiophyta;Herbertaceae;Herbertus bivittatus;(Nees) Mont.;-11.38629;-40.52586;Santos, M;1918;Santos, M.;79173;ALCB;UFBA;43825;123
GBIF;Bryophyta;Dicranaceae;Holomitrium arboreum;(Nees) Mont.;-11.392375;-40.538983;Santos, M;294;Mascarenhas, C;79361;ALCB;UFBA;43825;123
GBIF;Bryophyta;Dicranaceae;Holomitrium arboreum;(Nees) Mont.;-11.392375;-40.538983;Santos, M;1550;Santos, M.;79645;ALCB;UFBA;43825;123
GBIF;Bryophyta;Dicranaceae;Holomitrium arboreum;(Nees) Mont.;-11.38629;-40.52586;Santos, M;2103;Ballejos, J.;77992;ALCB;UFBA;43825;123
GBIF;Bryophyta;Dicranaceae;Holomitrium arboreum;(Nees) Mont.;-11.377495;-40.52975;Santos, M;s/n;Ballejos, J.;72130;ALCB;UFBA;43825;123
GBIF;Bryophyta;Dicranaceae;Holomitrium crispulum;(Nees) Mont.;-11.392375;-40.538983;Ballejos, J;1074;Ballejos, J.;79211;ALCB;UFBA;43825;123
GBIF;Bryophyta;Dicranaceae;Holomitrium crispulum;(Nees) Mont.;-11.392375;-40.538983;Ballejos, J;1075;Ballejos, J.;79210;ALCB;UFBA;43825;123
GBIF;Bryophyta;Dicranaceae;Holomitrium crispulum;(Nees) Mont.;-11.392375;-40.538983;Santos, M;1496;Santos, M.;79356;ALCB;UFBA;43825;123
GBIF;Bryophyta;Dicranaceae;Holomitrium crispulum;(Nees) Mont.;-11.392375;-40.538983;Santos, M;1549;Santos, M.;79363;ALCB;UFBA;43825;123
GBIF;Bryophyta;Dicranaceae;Holomitrium crispulum;(Nees) Mont.;-11.38629;-40.52586;"Bastos, C; Vilas Boas-Bastos, SB";3546;Bastos, C.;77879;ALCB;UFBA;43825;123
GBIF;Bryophyta;Dicranaceae;Holomitrium crispulum;(Nees) Mont.;-11.38629;-40.52586;"Bastos, C; Vilas Boas-Bastos, SB";3681;Bastos, C.;79360;ALCB;UFBA;43825;123
GBIF;Bryophyta;Dicranaceae;Holomitrium crispulum;(Nees) Mont.;-11.38629;-40.52586;Ballejos, J;1316;Ballejos, J.;79706;ALCB;UFBA;43825;123
GBIF;Bryophyta;Dicranaceae;Holomitrium crispulum;(Nees) Mont.;-11.38629;-40.52586;Ballejos, J;1321;Ballejos, J.;79708;ALCB;UFBA;43825;123
GBIF;Bryophyta;Dicranaceae;Holomitrium crispulum;(Nees) Mont.;-11.38629;-40.52586;Ballejos, J;1343;Ballejos, J.;51527;ALCB;UFBA;43825;123
GBIF;Bryophyta;Dicranaceae;Holomitrium crispulum;(Nees) Mont.;-11.38629;-40.52586;Ballejos, J;1379;Ballejos, J.;79691;ALCB;UFBA;43825;123
GBIF;Bryophyta;Dicranaceae;Holomitrium crispulum;(Nees) Mont.;-11.38629;-40.52586;Ballejos, J;1273;Ballejos, J.;72136;ALCB;UFBA;43825;123
GBIF;Bryophyta;Pylaisiadelphaceae;Isopterygium tenerifolium;(Nees) Mont.;-11.392649;-40.5399424;"Bastos, C; Vilas Boas-Bastos, SB";3516;Bastos, C.;79096;ALCB;UFBA;43825;123
GBIF;Bryophyta;Pylaisiadelphaceae;Isopterygium tenerifolium;(Nees) Mont.;-11.392649;-40.5399424;"Bastos, C; Vilas Boas-Bastos, SB";3526;Bastos, C.;79151;ALCB;UFBA;43825;123
GBIF;Bryophyta;Pylaisiadelphaceae;Isopterygium tenerifolium;(Nees) Mont.;-11.392649;-40.5399424;"Bastos, C; Vilas Boas-Bastos, SB";3529;Bastos, C.;77820;ALCB;UFBA;43825;123
GBIF;Bryophyta;Pylaisiadelphaceae;Isopterygium tenerifolium;(Nees) Mont.;-11.392375;-40.538983;Santos, M;282;Mascarenhas, C;79386;ALCB;UFBA;43825;123
GBIF;Bryophyta;Pylaisiadelphaceae;Isopterygium tenerifolium;(Nees) Mont.;-11.387419;-40.533396;Vilas Boas-Bastos, SB;1729;Vilas Boas-Bastos, SB;79122;ALCB;UFBA;43825;123
GBIF;Bryophyta;Pylaisiadelphaceae;Isopterygium tenerifolium;(Nees) Mont.;-11.387419;-40.533396;Vilas Boas-Bastos, SB;1742;Vilas Boas-Bastos, SB;79123;ALCB;UFBA;43825;123
GBIF;Bryophyta;Pylaisiadelphaceae;Isopterygium tenerifolium;(Nees) Mont.;-11.38629;-40.52586;Ballejos, J;1699;Ballejos, J.;79124;ALCB;UFBA;43825;123
GBIF;Bryophyta;Pylaisiadelphaceae;Isopterygium tenerifolium;(Nees) Mont.;-11.38629;-40.52586;Ballejos, J;1305;Ballejos, J.;79116;ALCB;UFBA;43825;123
GBIF;Bryophyta;Pylaisiadelphaceae;Isopterygium tenerifolium;(Nees) Mont.;-11.38629;-40.52586;Ballejos, J;1307;Ballejos, J.;77891;ALCB;UFBA;43825;123
GBIF;Bryophyta;Pylaisiadelphaceae;Isopterygium tenerifolium;(Nees) Mont.;-11.38629;-40.52586;Ballejos, J;1311;Ballejos, J.;79647;ALCB;UFBA;43825;123
GBIF;Bryophyta;Pylaisiadelphaceae;Isopterygium tenerifolium;(Nees) Mont.;-11.38629;-40.52586;Ballejos, J;1329;Ballejos, J.;109052;ALCB;UFBA;43825;123
GBIF;Bryophyta;Pylaisiadelphaceae;Isopterygium tenerifolium;(Nees) Mont.;-11.38629;-40.52586;Santos, M;1685;Ballejos, J.;77736;ALCB;UFBA;43825;123
GBIF;Bryophyta;Pylaisiadelphaceae;Isopterygium tenerifolium;(Nees) Mont.;-11.38629;-40.52586;Santos, M;1969;Ballejos, J.;77788;ALCB;UFBA;43825;123
GBIF;Bryophyta;Pylaisiadelphaceae;Isopterygium tenerifolium;(Nees) Mont.;-11.38629;-40.52586;Ballejos, J;2320;Ballejos, J.;77816;ALCB;UFBA;43825;123
GBIF;Bryophyta;Pylaisiadelphaceae;Isopterygium tenerifolium;(Nees) Mont.;-11.38629;-40.52586;Ballejos, J;1186;Ballejos, J.;51801;ALCB;UFBA;43825;123
GBIF;Bryophyta;Pylaisiadelphaceae;Isopterygium tenerifolium;(Nees) Mont.;-11.38629;-40.52586;Ballejos, J;1272;Ballejos, J.;70163;ALCB;UFBA;43825;123
GBIF;Bryophyta;Pylaisiadelphaceae;Isopterygium tenerifolium;(Nees) Mont.;-11.38629;-40.52586;Santos, M;1707;Ballejos, J.;77735;ALCB;UFBA;43825;123
GBIF;Bryophyta;Pylaisiadelphaceae;Isopterygium tenerifolium;(Nees) Mont.;-11.38629;-40.52586;Bastos, C;3717;Bastos, C.;77821;ALCB;UFBA;43825;123
GBIF;Bryophyta;Pylaisiadelphaceae;Isopterygium tenerifolium;(Nees) Mont.;-11.38629;-40.52586;Vilas Boas-Bastos, SB;1781;Vilas Boas-Bastos, SB;79117;ALCB;UFBA;43825;123
GBIF;Bryophyta;Pylaisiadelphaceae;Isopterygium tenerifolium;(Nees) Mont.;-11.38629;-40.52586;Ballejos, J;1215;Ballejos, J.;77786;ALCB;UFBA;43825;123
GBIF;Bryophyta;Pylaisiadelphaceae;Isopterygium tenerifolium;(Nees) Mont.;-11.38629;-40.52586;Ballejos, J;1278;Ballejos, J.;77754;ALCB;UFBA;43825;123
GBIF;Bryophyta;Pylaisiadelphaceae;Isopterygium tenerum;(Nees) Mont.;-11.392649;-40.5399424;"Bastos, C; Vilas Boas-Bastos, SB";3467;Bastos, C.;77806;ALCB;UFBA;43825;123
GBIF;Bryophyta;Pylaisiadelphaceae;Isopterygium tenerum;(Nees) Mont.;-11.39151934;-40.53614242;Ballejos, J;1409;Ballejos, J.;77802;ALCB;UFBA;43825;123
GBIF;Bryophyta;Pylaisiadelphaceae;Isopterygium tenerum;(Nees) Mont.;-11.387419;-40.533396;Ballejos, J;129;Ballejos, J.;77801;ALCB;UFBA;43825;123
GBIF;Bryophyta;Pylaisiadelphaceae;Isopterygium tenerum;(Nees) Mont.;-11.38629;-40.52586;Ballejos, J;1325;Ballejos, J.;79677;ALCB;UFBA;43825;123
GBIF;Bryophyta;Pylaisiadelphaceae;Isopterygium tenerum;(Nees) Mont.;-11.38629;-40.52586;Ballejos, J;1247;Ballejos, J.;79676;ALCB;UFBA;43825;123
GBIF;Bryophyta;Pylaisiadelphaceae;Isopterygium tenerum;(Nees) Mont.;-11.38629;-40.52586;Santos, M;1642;Ballejos, J.;109018;ALCB;UFBA;43825;123
GBIF;Bryophyta;Pylaisiadelphaceae;Isopterygium tenerum;(Nees) Mont.;-11.38629;-40.52586;Bastos, C;3418;Bastos, C.;109044;ALCB;UFBA;43825;123
GBIF;Bryophyta;Pylaisiadelphaceae;Isopterygium tenerum;(Nees) Mont.;-11.38629;-40.52586;Ballejos, J;1180;Ballejos, J.;109046;ALCB;UFBA;43825;123
GBIF;Bryophyta;Pylaisiadelphaceae;Isopterygium tenerum;(Nees) Mont.;-11.38629;-40.52586;Ballejos, J;1284;Ballejos, J.;109047;ALCB;UFBA;43825;123
GBIF;Bryophyta;Pylaisiadelphaceae;Isopterygium tenerum;(Nees) Mont.;-11.38629;-40.52586;Santos, M;1700;Ballejos, J.;51405;ALCB;UFBA;43825;123
GBIF;Bryophyta;Sematophyllaceae;Jirivanaea galipensis;(Nees) Mont.;-11.392375;-40.538983;Ballejos, J;1091;Ballejos, J.;51506;ALCB;UFBA;43825;123
GBIF;Bryophyta;Sematophyllaceae;Jirivanaea galipensis;(Nees) Mont.;-11.392375;-40.538983;Santos, M;1534;Santos, M.;51507;ALCB;UFBA;43825;123
GBIF;Bryophyta;Sematophyllaceae;Jirivanaea galipensis;(Nees) Mont.;-11.392375;-40.538983;Ballejos, J;1050;Ballejos, J.;51721;ALCB;UFBA;43825;123
GBIF;Bryophyta;Sematophyllaceae;Jirivanaea galipensis;(Nees) Mont.;-11.392375;-40.538983;Ballejos, J;1061;Ballejos, J.;77304;ALCB;UFBA;43825;123
GBIF;Bryophyta;Sematophyllaceae;Jirivanaea galipensis;(Nees) Mont.;-11.392375;-40.538983;Santos, M;1521;Santos, M.;77770;ALCB;UFBA;43825;123
GBIF;Bryophyta;Sematophyllaceae;Jirivanaea galipensis;(Nees) Mont.;-11.39151934;-40.53614242;Ballejos, J;1419;Ballejos, J.;77771;ALCB;UFBA;43825;123
GBIF;Bryophyta;Sematophyllaceae;Jirivanaea galipensis;(Nees) Mont.;-11.387419;-40.533396;Vilas Boas-Bastos, SB;1764;Vilas Boas-Bastos, SB;77803;ALCB;UFBA;43825;123
GBIF;Bryophyta;Sematophyllaceae;Jirivanaea galipensis;(Nees) Mont.;-11.38629;-40.52586;Ballejos, J;1759;Bastos, C.;51464;ALCB;UFBA;43825;123
GBIF;Bryophyta;Sematophyllaceae;Jirivanaea galipensis;(Nees) Mont.;-11.38629;-40.52586;Ballejos, J;1185;Ballejos, J.;79695;ALCB;UFBA;43825;123
GBIF;Bryophyta;Sematophyllaceae;Jirivanaea galipensis;(Nees) Mont.;-11.38629;-40.52586;Ballejos, J;1194;Ballejos, J.;72138;ALCB;UFBA;43825;123
GBIF;Bryophyta;Sematophyllaceae;Jirivanaea galipensis;(Nees) Mont.;-11.38629;-40.52586;Santos, M;1626;Ballejos, J.;51787;ALCB;UFBA;43825;123
GBIF;Bryophyta;Sematophyllaceae;Jirivanaea galipensis;(Nees) Mont.;-11.38629;-40.52586;Santos, M;1647;Ballejos, J.;51714;ALCB;UFBA;43825;123
GBIF;Bryophyta;Sematophyllaceae;Jirivanaea galipensis;(Nees) Mont.;-11.38629;-40.52586;Ballejos, J;1175;Ballejos, J.;79651;ALCB;UFBA;43825;123
GBIF;Bryophyta;Sematophyllaceae;Jirivanaea galipensis;(Nees) Mont.;-11.38629;-40.52586;Ballejos, J;1207;Ballejos, J.;79686;ALCB;UFBA;43825;123
GBIF;Bryophyta;Sematophyllaceae;Jirivanaea galipensis;(Nees) Mont.;-11.38629;-40.52586;Santos, M;1612;Ballejos, J.;109055;ALCB;UFBA;43825;123
GBIF;Bryophyta;Sematophyllaceae;Jirivanaea galipensis;(Nees) Mont.;-11.38629;-40.52586;Santos, M;1616;Ballejos, J.;61650;ALCB;UFBA;43825;123
GBIF;Bryophyta;Sematophyllaceae;Jirivanaea galipensis;(Nees) Mont.;-11.38629;-40.52586;Santos, M;1628;Ballejos, J.;79556;ALCB;UFBA;43825;123
GBIF;Bryophyta;Sematophyllaceae;Jirivanaea galipensis;(Nees) Mont.;-11.38629;-40.52586;Santos, M;1655;Ballejos, J.;51636;ALCB;UFBA;43825;123
GBIF;Bryophyta;Sematophyllaceae;Jirivanaea galipensis;(Nees) Mont.;-11.38629;-40.52586;Santos, M;1696;Ballejos, J.;51388;ALCB;UFBA;43825;123
GBIF;Bryophyta;Sematophyllaceae;Jirivanaea galipensis;(Nees) Mont.;-11.377495;-40.52975;Ballejos, J;2097;Ballejos, J.;79557;ALCB;UFBA;43825;123
GBIF;Marchantiophyta;Lepidoziaceae;Kurzia capillaris;(Nees) Mont.;-11.393513;-40.537926;"Bastos, C; Vilas Boas-Bastos, SB";3427;Bastos, C.;79127;ALCB;UFBA;43825;123
GBIF;Marchantiophyta;Lepidoziaceae;Kurzia capillaris;(Nees) Mont.;-11.392375;-40.538983;Santos, M;1559;Santos, M.;79203;ALCB;UFBA;43825;123
GBIF;Marchantiophyta;Lepidoziaceae;Kurzia capillaris;(Nees) Mont.;-11.392375;-40.538983;Ballejos, J;180;Ballejos, J.;79380;ALCB;UFBA;43825;123
GBIF;Marchantiophyta;Lepidoziaceae;Kurzia capillaris;(Nees) Mont.;-11.392375;-40.538983;Bastos, C;3986;Bastos, C.;79432;ALCB;UFBA;43825;123
GBIF;Marchantiophyta;Lepidoziaceae;Kurzia capillaris;Nees;-11.392375;-40.538983;Bastos, C;3993;Bastos, C.;79684;ALCB;UFBA;43825;123
GBIF;Marchantiophyta;Lepidoziaceae;Kurzia capillaris;Nees;-11.392375;-40.538983;Vilas Boas-Bastos, SB;1767;Boas-Bastos, S. B. V;79680;ALCB;UFBA;43825;123
GBIF;Marchantiophyta;Lepidoziaceae;Kurzia capillaris;Nees;-11.392375;-40.538983;Santos, M;1590;Santos, M.;79681;ALCB;UFBA;43825;123
GBIF;Marchantiophyta;Lepidoziaceae;Kurzia capillaris;Nees;-11.392375;-40.538983;Santos, M;263;Santos, M.;79682;ALCB;UFBA;43825;123
GBIF;Marchantiophyta;Lepidoziaceae;Kurzia capillaris;Nees;-11.392375;-40.538983;Bastos, C;4014;Bastos, C.;79701;ALCB;UFBA;43825;123
GBIF;Marchantiophyta;Lepidoziaceae;Kurzia capillaris;Nees;-11.39151934;-40.53614242;Santos, M;2126;Santos, I. A. M.;77727;ALCB;UFBA;43825;123
GBIF;Marchantiophyta;Lepidoziaceae;Kurzia capillaris;Nees;-11.39151934;-40.53614242;Santos, M;749;Santos, I. A. M.;77790;ALCB;UFBA;43825;123
GBIF;Marchantiophyta;Lepidoziaceae;Kurzia capillaris;Nees;-11.39151934;-40.53614242;Santos, M;746;Santos, I. A. M.;77813;ALCB;UFBA;43825;123
GBIF;Marchantiophyta;Lepidoziaceae;Kurzia capillaris;Nees;-11.387419;-40.533396;Santos, M;207;Santos, M.;77812;ALCB;UFBA;43825;123
GBIF;Marchantiophyta;Lepidoziaceae;Kurzia capillaris;Nees;-11.38629;-40.52586;Ballejos, J;1439;Ballejos, J.;70165;ALCB;UFBA;43825;123
GBIF;Marchantiophyta;Lepidoziaceae;Kurzia capillaris;Nees;-11.38629;-40.52586;Ballejos, J;1430;Bastos, C.;70164;ALCB;UFBA;43825;123
GBIF;Marchantiophyta;Lepidoziaceae;Kurzia capillaris;Nees;-11.38629;-40.52586;Ballejos, J;2311;Bastos, C.;77797;ALCB;UFBA;43825;123
GBIF;Marchantiophyta;Lepidoziaceae;Kurzia capillaris;Nees;-11.3744872;-40.5304413;Santos, M;963;Santos, I. A. M.;77796;ALCB;UFBA;43825;123
GBIF;Marchantiophyta;Lepidoziaceae;Kurzia capillaris;Nees;-11.392693;-40.5399424;"Bastos, C; Vilas Boas-Bastos, SB";3530;Bastos, C.;77818;ALCB;UFBA;43825;123
GBIF;Marchantiophyta;Lejeuneaceae;Lejeunea adpressa;(Lehm. & Lindenb.) Mont.;-11.38629;-40.52586;"Bastos, C; Vilas Boas-Bastos, SB";3355;Bastos, C.;79111;ALCB;UFBA;43825;123
GBIF;Marchantiophyta;Lejeuneaceae;Lejeunea controversa;(Lehm. & Lindenb.) Mont.;-11.387419;-40.533396;Ballejos, J;160;Ballejos, J.;79398;ALCB;UFBA;43825;123
GBIF;Marchantiophyta;Lejeuneaceae;Lejeunea deplanata;(Lehm. & Lindenb.) Mont.;-11.393513;-40.537926;"Bastos, C; Vilas Boas-Bastos, SB";3420;Bastos, C.;77297;ALCB;UFBA;43825;123
GBIF;Marchantiophyta;Lejeuneaceae;Lejeunea flagellifera;(Lehm. & Lindenb.) Mont.;-11.39151934;-40.53614242;Ballejos, J;2203;Bastos, C.;79669;ALCB;UFBA;43825;123
GBIF;Marchantiophyta;Lejeuneaceae;Lejeunea flava;(Lehm. & Lindenb.) Mont.;-11.392375;-40.538983;Ballejos, J;224;Ballejos, J.;79388;ALCB;UFBA;43825;123
GBIF;Marchantiophyta;Lejeuneaceae;Lejeunea flava;(Lehm. & Lindenb.) Mont.;-11.392375;-40.538983;Bastos, C;3966;Bastos, C.;79413;ALCB;UFBA;43825;123
GBIF;Marchantiophyta;Lejeuneaceae;Lejeunea flava;(Lehm. & Lindenb.) Mont.;-11.387419;-40.533396;Bastos, C;3947;Bastos, C.;79406;ALCB;UFBA;43825;123
GBIF;Marchantiophyta;Lejeuneaceae;Lejeunea flava;(Lehm. & Lindenb.) Mont.;-11.387419;-40.533396;Vilas Boas-Bastos, SB;1766;Boas-Bastos, S. B. V;79407;ALCB;UFBA;43825;123
GBIF;Marchantiophyta;Lejeuneaceae;Lejeunea flava;(Lehm. & Lindenb.) Mont.;-11.387419;-40.533396;Bastos, C;3948;Bastos, C.;79423;ALCB;UFBA;43825;123
GBIF;Marchantiophyta;Lejeuneaceae;Lejeunea flava;(Lehm. & Lindenb.) Mont.;-11.387419;-40.533396;Bastos, C;3940;Bastos, C.;109065;ALCB;UFBA;43825;123
GBIF;Marchantiophyta;Lejeuneaceae;Lejeunea flava;(Lehm. & Lindenb.) Mont.;-11.38629;-40.52586;Santos, M;1960;Santos, M.;109064;ALCB;UFBA;43825;123
GBIF;Marchantiophyta;Lejeuneaceae;Lejeunea flava;(Lehm. & Lindenb.) Mont.;-11.38629;-40.52586;Santos, M;1923;Santos, M.;51473;ALCB;UFBA;43825;123
GBIF;Marchantiophyta;Lejeuneaceae;Lejeunea flava;(Lehm. & Lindenb.) Mont.;-11.38629;-40.52586;Santos, M;1968;Santos, M.;51371;ALCB;UFBA;43825;123
GBIF;Marchantiophyta;Lejeuneaceae;Lejeunea glaucescens;(Lehm. & Lindenb.) Mont.;-11.393513;-40.537926;"Bastos, C; Vilas Boas-Bastos, SB";3335;Bastos, C.;77748;ALCB;UFBA;43825;123
GBIF;Marchantiophyta;Lejeuneaceae;Lejeunea glaucescens;(Lehm. & Lindenb.) Mont.;-11.393513;-40.537926;"Bastos, C; Vilas Boas-Bastos, SB";3311;Bastos, C.;77741;ALCB;UFBA;43825;123
GBIF;Marchantiophyta;Lejeuneaceae;Lejeunea glaucescens;(Lehm. & Lindenb.) Mont.;-11.393513;-40.537926;"Bastos, C; Vilas Boas-Bastos, SB";3403;Bastos, C.;51477;ALCB;UFBA;43825;123
GBIF;Marchantiophyta;Lejeuneaceae;Lejeunea herminieri;(Lehm. & Lindenb.) Mont.;-11.387419;-40.533396;Vilas Boas-Bastos, SB;1757;Boas-Bastos, S. B. V;51711;ALCB;UFBA;43825;123
GBIF;Marchantiophyta;Lejeuneaceae;Lejeunea laetevirens;(Lehm. & Lindenb.) Mont.;-11.393513;-40.537926;"Bastos, C; Vilas Boas-Bastos, SB";3286;Bastos, C.;79083;ALCB;UFBA;43825;123
GBIF;Marchantiophyta;Lejeuneaceae;Lejeunea oligoclada;(Lehm. & Lindenb.) Mont.;-11.392375;-40.538983;Santos, M;1589;Santos, M.;79089;ALCB;UFBA;43825;123
GBIF;Marchantiophyta;Lejeuneaceae;Lejeunea phyllobola;(Lehm. & Lindenb.) Mont.;-11.393513;-40.537926;"Bastos, C; Vilas Boas-Bastos, SB";3323;Bastos, C.;79653;ALCB;UFBA;43825;123
GBIF;Marchantiophyta;Lejeuneaceae;Lepidolejeunea involuta;(Lehm. & Lindenb.) Mont.;-11.39151934;-40.53614242;Ballejos, J;1790;Ballejos, J.;79397;ALCB;UFBA;43825;123
GBIF;Marchantiophyta;Lepidoziaceae;Lepidozia coilophylla;(Lehm. & Lindenb.) Mont.;-11.392375;-40.538983;Santos, M;305;Santos, M.;51423;ALCB;UFBA;43825;123
GBIF;Marchantiophyta;Lepidoziaceae;Lepidozia coilophylla;(Lehm. & Lindenb.) Mont.;-11.39151934;-40.53614242;Santos, M;831;Santos, I. A. M.;51513;ALCB;UFBA;43825;123
GBIF;Marchantiophyta;Lepidoziaceae;Lepidozia coilophylla;(Lehm. & Lindenb.) Mont.;-11.39151934;-40.53614242;Santos, M;832;Santos, I. A. M.;51667;ALCB;UFBA;43825;123
GBIF;Marchantiophyta;Lepidoziaceae;Lepidozia coilophylla;(Lehm. & Lindenb.) Mont.;-11.387419;-40.533396;Ballejos, J;155;Ballejos, J.;51681;ALCB;UFBA;43825;123
GBIF;Marchantiophyta;Lepidoziaceae;Lepidozia coilophylla;(Lehm. & Lindenb.) Mont.;-11.387419;-40.533396;Bastos, C;3958;Bastos, C.;51703;ALCB;UFBA;43825;123
GBIF;Marchantiophyta;Lepidoziaceae;Lepidozia coilophylla;(Lehm. & Lindenb.) Mont.;-11.387419;-40.533396;Vilas Boas-Bastos, SB;1821;Boas-Bastos, S. B. V;51704;ALCB;UFBA;43825;123
GBIF;Marchantiophyta;Lepidoziaceae;Lepidozia coilophylla;(Lehm. & Lindenb.) Mont.;-11.38629;-40.52586;Santos, M;1966;Santos, M.;51742;ALCB;UFBA;43825;123
GBIF;Marchantiophyta;Lepidoziaceae;Lepidozia cupressina;(Lehm. & Lindenb.) Mont.;-11.392375;-40.538983;Ballejos, J;1059;Ballejos, J.;77321;ALCB;UFBA;43825;123
GBIF;Bryophyta;Leucobryaceae;Leucobryum albicans;(Lehm. & Lindenb.) Mont.;-11.387419;-40.533396;Santos, M;160;Santos, M.;79298;ALCB;UFBA;43825;123
GBIF;Bryophyta;Leucobryaceae;Leucobryum albicans;(Lehm. & Lindenb.) Mont.;-11.38629;-40.52586;Ballejos, J;1238;Ballejos, J.;77299;ALCB;UFBA;43825;123
GBIF;Bryophyta;Leucobryaceae;Leucobryum albicans;(Lehm. & Lindenb.) Mont.;-11.38629;-40.52586;Ballejos, J;1252;Ballejos, J.;77737;ALCB;UFBA;43825;123
GBIF;Bryophyta;Leucobryaceae;Leucobryum albicans;(Lehm. & Lindenb.) Mont.;-11.38629;-40.52586;Ballejos, J;1344-A;Ballejos, J.;79106;ALCB;UFBA;43825;123
GBIF;Bryophyta;Leucobryaceae;Leucobryum albicans;(Lehm. & Lindenb.) Mont.;-11.38629;-40.52586;Ballejos, J;1372;Ballejos, J.;51500;ALCB;UFBA;43825;123
GBIF;Bryophyta;Leucobryaceae;Leucobryum albicans;(Lehm. & Lindenb.) Mont.;-11.38629;-40.52586;Santos, M;1691;Ballejos, J.;51572;ALCB;UFBA;43825;123
GBIF;Bryophyta;Leucobryaceae;Leucobryum albicans;(Lehm. & Lindenb.) Mont.;-11.38629;-40.52586;Santos, M;1698;Ballejos, J.;51598;ALCB;UFBA;43825;123
GBIF;Bryophyta;Leucobryaceae;Leucobryum albicans;(Lehm. & Lindenb.) Mont.;-11.38629;-40.52586;Santos, M;1715;Ballejos, J.;77808;ALCB;UFBA;43825;123
GBIF;Bryophyta;Leucobryaceae;Leucobryum albicans;(Lehm. & Lindenb.) Mont.;-11.38629;-40.52586;Ballejos, J;2061;Ballejos, J.;51440;ALCB;UFBA;43825;123
GBIF;Bryophyta;Leucobryaceae;Leucobryum albicans;(Lehm. & Lindenb.) Mont.;-11.38629;-40.52586;Ballejos, J;2073;Ballejos, J.;51463;ALCB;UFBA;43825;123
GBIF;Bryophyta;Leucobryaceae;Leucobryum albicans;(Lehm. & Lindenb.) Mont.;-11.38629;-40.52586;Santos, M;2305;Ballejos, J.;51469;ALCB;UFBA;43825;123
GBIF;Bryophyta;Leucobryaceae;Leucobryum albicans;(Lehm. & Lindenb.) Mont.;-11.38629;-40.52586;Santos, M;2308;Ballejos, J.;51471;ALCB;UFBA;43825;123
GBIF;Bryophyta;Leucobryaceae;Leucobryum albicans;(Lehm. & Lindenb.) Mont.;-11.38629;-40.52586;Ballejos, J;2325;Ballejos, J.;51484;ALCB;UFBA;43825;123
GBIF;Bryophyta;Leucobryaceae;Leucobryum albicans;(Lehm. & Lindenb.) Mont.;-11.38629;-40.52586;Ballejos, J;2328;Ballejos, J.;51619;ALCB;UFBA;43825;123
GBIF;Bryophyta;Leucobryaceae;Leucobryum albicans;(Lehm. & Lindenb.) Mont.;-11.38629;-40.52586;"Bastos, C; Vilas Boas-Bastos, SB";3318;Bastos, C.;77300;ALCB;UFBA;43825;123
GBIF;Bryophyta;Leucobryaceae;Leucobryum albicans;(Lehm. & Lindenb.) Mont.;-11.38629;-40.52586;"Bastos, C; Vilas Boas-Bastos, SB";3609;Bastos, C.;77314;ALCB;UFBA;43825;123
GBIF;Bryophyta;Leucobryaceae;Leucobryum albicans;(Lehm. & Lindenb.) Mont.;-11.38629;-40.52586;"Bastos, C; Vilas Boas-Bastos, SB";3708;Bastos, C.;79234;ALCB;UFBA;43825;123
GBIF;Bryophyta;Leucobryaceae;Leucobryum albicans;(Lehm. & Lindenb.) Mont.;-11.38629;-40.52586;Ballejos, J;1266;Ballejos, J.;77781;ALCB;UFBA;43825;123
GBIF;Bryophyta;Leucobryaceae;Leucobryum albicans;(Lehm. & Lindenb.) Mont.;-11.38629;-40.52586;Ballejos, J;1275;Ballejos, J.;77301;ALCB;UFBA;43825;123
GBIF;Bryophyta;Leucobryaceae;Leucobryum albicans;(Lehm. & Lindenb.) Mont.;-11.38629;-40.52586;Santos, M;1697;Ballejos, J.;77739;ALCB;UFBA;43825;123
GBIF;Bryophyta;Leucobryaceae;Leucobryum albidum;(Lehm. & Lindenb.) Mont.;-11.38629;-40.52586;Ballejos, J;1369;Ballejos, J.;64124;ALCB;UFBA;43825;123
GBIF;Bryophyta;Leucobryaceae;Leucobryum albidum;(Lehm. & Lindenb.) Mont.;-11.38629;-40.52586;Ballejos, J;1774;Ballejos, J.;64188;ALCB;UFBA;43825;123
GBIF;Bryophyta;Leucobryaceae;Leucobryum albidum;(Lehm. & Lindenb.) Mont.;-11.38629;-40.52586;Ballejos, J;1231;Ballejos, J.;64167;ALCB;UFBA;43825;123
GBIF;Bryophyta;Leucobryaceae;Leucobryum albidum;(Lehm. & Lindenb.) Mont.;-11.38629;-40.52586;Ballejos, J;1237;Ballejos, J.;64133;ALCB;UFBA;43825;123
GBIF;Bryophyta;Leucobryaceae;Leucobryum crispum;(Lehm. & Lindenb.) Mont.;-11.38629;-40.52586;"Bastos, C; Vilas Boas-Bastos, SB";3384b;Vilas Boas-Bastos, SB;123766;ALCB;UFBA;43825;123
GBIF;Bryophyta;Leucobryaceae;Leucobryum giganteum;(Lehm. & Lindenb.) Mont.;-11.392375;-40.538983;Ballejos, J;1089;Ballejos, J.;70624;ALCB;UFBA;43825;123
GBIF;Bryophyta;Leucobryaceae;Leucobryum giganteum;(Lehm. & Lindenb.) Mont.;-11.39151934;-40.53614242;Ballejos, J;1405;Ballejos, J.;79679;ALCB;UFBA;43825;123
GBIF;Bryophyta;Leucobryaceae;Leucobryum giganteum;(Lehm. & Lindenb.) Mont.;-11.39151934;-40.53614242;Ballejos, J;1407;Ballejos, J.;79683;ALCB;UFBA;43825;123
GBIF;Bryophyta;Leucobryaceae;Leucobryum giganteum;(Lehm. & Lindenb.) Mont.;-11.387419;-40.533396;Bastos, C;3950;Bastos, C.;123750;ALCB;UFBA;43825;123
GBIF;Bryophyta;Leucobryaceae;Leucobryum giganteum;(Lehm. & Lindenb.) Mont.;-11.387419;-40.533396;Bastos, C;3951;Bastos, C.;123751;ALCB;UFBA;43825;123
GBIF;Bryophyta;Leucobryaceae;Leucobryum giganteum;(Lehm. & Lindenb.) Mont.;-11.387419;-40.533396;Vilas Boas-Bastos, SB;1756;Vilas Boas-Bastos, SB;123744;ALCB;UFBA;43825;123
GBIF;Bryophyta;Leucobryaceae;Leucobryum giganteum;(Lehm. & Lindenb.) Mont.;-11.387419;-40.533396;Vilas Boas-Bastos, SB;1759;Vilas Boas-Bastos, SB;123746;ALCB;UFBA;43825;123
GBIF;Bryophyta;Leucobryaceae;Leucobryum giganteum;(Lehm. & Lindenb.) Mont.;-11.387419;-40.533396;Santos, M;158;Santos, M.;123761;ALCB;UFBA;43825;123
GBIF;Bryophyta;Leucobryaceae;Leucobryum giganteum;(Lehm. & Lindenb.) Mont.;-11.38629;-40.52586;"Bastos, C; Vilas Boas-Bastos, SB";3686;Ballejos, J.;63466;ALCB;UFBA;43825;123
GBIF;Bryophyta;Leucobryaceae;Leucobryum giganteum;(Lehm. & Lindenb.) Mont.;-11.38629;-40.52586;Ballejos, J;1265;Ballejos, J.;63467;ALCB;UFBA;43825;123
GBIF;Bryophyta;Leucobryaceae;Leucobryum giganteum;(Lehm. & Lindenb.) Mont.;-11.38629;-40.52586;Santos, M;1644;Ballejos, J.;123745;ALCB;UFBA;43825;123
GBIF;Bryophyta;Leucobryaceae;Leucobryum giganteum;(Sw.) Nees ex Mont.;-11.38629;-40.52586;Ballejos, J;1697;Ballejos, J.;63483;ALCB;UFBA;43825;123
GBIF;Bryophyta;Leucobryaceae;Leucobryum giganteum;Lehm. & Lindenb.;-11.38629;-40.52586;Ballejos, J;2072;Ballejos, J.;RB01355959;ALCB;UFBA;43825;123
GBIF;Bryophyta;Leucobryaceae;Leucobryum giganteum;Lehm. & Lindenb.;-11.38629;-40.52586;Ballejos, J;2082;Ballejos, J.;RB01355889;ALCB;UFBA;43825;123
GBIF;Bryophyta;Leucobryaceae;Leucobryum giganteum;Herzog;-11.38629;-40.52586;Ballejos, J;2327;Ballejos, J.;123741;ALCB;UFBA;43825;123
GBIF;Bryophyta;Leucobryaceae;Leucobryum giganteum;Herzog;-11.38629;-40.52586;"Bastos, C; Vilas Boas-Bastos, SB";3602;Bastos, C.;70358;ALCB;UFBA;43825;123
GBIF;Bryophyta;Leucobryaceae;Leucobryum giganteum;Herzog;-11.38629;-40.52586;"Bastos, C; Vilas Boas-Bastos, SB";3740;Bastos, C.;119986;ALCB;UFBA;43825;123
GBIF;Bryophyta;Leucobryaceae;Leucobryum giganteum;Herzog;-11.38629;-40.52586;Ballejos, J;1262;Ballejos, J.;77989;ALCB;UFBA;43825;123
GBIF;Bryophyta;Leucobryaceae;Leucobryum giganteum;Herzog;-11.38629;-40.52586;Ballejos, J;1182;Ballejos, J.;77993;ALCB;UFBA;43825;123
GBIF;Bryophyta;Leucobryaceae;Leucobryum giganteum;Herzog;-11.38629;-40.52586;Ballejos, J;1190;Ballejos, J.;72134;ALCB;UFBA;43825;123
GBIF;Bryophyta;Leucobryaceae;Leucobryum giganteum;Herzog;-11.38629;-40.52586;Ballejos, J;1209;Ballejos, J.;77991;ALCB;UFBA;43825;123
GBIF;Bryophyta;Leucobryaceae;Leucobryum giganteum;Herzog;-11.38629;-40.52586;Ballejos, J;1241;Ballejos, J.;96240;ALCB;UFBA;43825;123
GBIF;Bryophyta;Leucobryaceae;Leucobryum giganteum;Herzog;-11.38629;-40.52586;Santos, M;1611;Ballejos, J.;1028755;ALCB;UFBA;43825;123
GBIF;Bryophyta;Leucobryaceae;Leucobryum giganteum;(Raddi) Ångstr.;-11.38629;-40.52586;Santos, M;2303;Ballejos, J.;72050;ALCB;UFBA;43825;123
GBIF;Bryophyta;Leucobryaceae;Leucobryum martianum;(Raddi) Ångstr.;-11.392375;-40.538983;Ballejos, J;1069;Ballejos, J.;77988;ALCB;UFBA;43825;123
GBIF;Bryophyta;Leucobryaceae;Leucobryum martianum;(Raddi) Ångstr.;-11.392375;-40.538983;Ballejos, J;1073;Ballejos, J.;96737;ALCB;UFBA;43825;123
GBIF;Bryophyta;Leucobryaceae;Leucobryum martianum;(Raddi) Ångstr.;-11.39151934;-40.53614242;Ballejos, J;1413;Ballejos, J.;79044;ALCB;UFBA;43825;123
GBIF;Bryophyta;Leucobryaceae;Leucobryum martianum;(Raddi) Ångstr.;-11.39151934;-40.53614242;Ballejos, J;1420;Ballejos, J.;79045;ALCB;UFBA;43825;123
GBIF;Bryophyta;Leucobryaceae;Leucobryum martianum;(Raddi) Ångstr.;-11.39151934;-40.53614242;Ballejos, J;1423;Ballejos, J.;79038;ALCB;UFBA;43825;123
GBIF;Bryophyta;Leucobryaceae;Leucobryum martianum;(Raddi) Ångstr.;-11.39151934;-40.53614242;Ballejos, J;1426;Ballejos, J.;79039;ALCB;UFBA;43825;123
GBIF;Bryophyta;Leucobryaceae;Leucobryum martianum;(Raddi) Ångstr.;-11.38629;-40.52586;Ballejos, J;1360;Ballejos, J.;79040;ALCB;UFBA;43825;123
GBIF;Bryophyta;Leucobryaceae;Leucobryum martianum;(Raddi) Ångstr.;-11.38629;-40.52586;Ballejos, J;1362;Ballejos, J.;79041;ALCB;UFBA;43825;123
GBIF;Bryophyta;Leucobryaceae;Leucobryum martianum;(Raddi) Ångstr.;-11.38629;-40.52586;Ballejos, J;2059;Ballejos, J.;79046;ALCB;UFBA;43825;123
GBIF;Bryophyta;Leucobryaceae;Leucobryum martianum;(Raddi) Ångstr.;-11.38629;-40.52586;Ballejos, J;2060;Ballejos, J.;79047;ALCB;UFBA;43825;123
GBIF;Bryophyta;Leucobryaceae;Leucobryum martianum;(Raddi) Ångstr.;-11.38629;-40.52586;"Bastos, C; Vilas Boas-Bastos, SB";3431;Bastos, C.;79048;ALCB;UFBA;43825;123
GBIF;Bryophyta;Leucobryaceae;Leucobryum martianum;(Raddi) Ångstr.;-11.38629;-40.52586;"Bastos, C; Vilas Boas-Bastos, SB";3322;Bastos, C.;79049;ALCB;UFBA;43825;123
GBIF;Bryophyta;Leucobryaceae;Leucobryum martianum;(Raddi) Ångstr.;-11.38629;-40.52586;"Bastos, C; Vilas Boas-Bastos, SB";3405;Bastos, C.;79050;ALCB;UFBA;43825;123
GBIF;Bryophyta;Leucobryaceae;Leucobryum martianum;(Raddi) Ångstr.;-11.38629;-40.52586;"Bastos, C; Vilas Boas-Bastos, SB";3421;Bastos, C.;79051;ALCB;UFBA;43825;123
GBIF;Bryophyta;Leucobryaceae;Leucobryum martianum;(Raddi) Ångstr.;-11.38629;-40.52586;"Bastos, C; Vilas Boas-Bastos, SB";3422;Bastos, C.;79053;ALCB;UFBA;43825;123
GBIF;Bryophyta;Leucobryaceae;Leucobryum martianum;Steph.;-11.38629;-40.52586;"Bastos, C; Vilas Boas-Bastos, SB";3423;Bastos, C.;79042;ALCB;UFBA;43825;123
GBIF;Bryophyta;Leucobryaceae;Leucobryum martianum;(Lehm. & Lindenb.) van Slageren;-11.38629;-40.52586;"Bastos, C; Vilas Boas-Bastos, SB";3637;Bastos, C.;79052;ALCB;UFBA;43825;123
GBIF;Bryophyta;Leucobryaceae;Leucobryum martianum;(Lehm. & Lindenb.) van Slageren;-11.38629;-40.52586;Ballejos, J;1176;Ballejos, J.;72161;ALCB;UFBA;43825;123
GBIF;Bryophyta;Leucobryaceae;Leucobryum martianum;(Lehm. & Lindenb.) van Slageren;-11.38629;-40.52586;Ballejos, J;1248;Ballejos, J.;72135;ALCB;UFBA;43825;123
GBIF;Bryophyta;Leucobryaceae;Leucobryum martianum;(Lehm. & Lindenb.) van Slageren;-11.38629;-40.52586;Ballejos, J;1249a;Ballejos, J.;72141;ALCB;UFBA;43825;123
GBIF;Bryophyta;Leucobryaceae;Leucobryum martianum;Raddi;-11.38629;-40.52586;Santos, M;1695;Ballejos, J.;72149;ALCB;UFBA;43825;123
GBIF;Bryophyta;Leucobryaceae;Leucobryum martianum;Raddi;-11.377495;-40.52975;Ballejos, J;2136;Ballejos, J.;72163;ALCB;UFBA;43825;123
GBIF;Bryophyta;Leucobryaceae;Leucobryum martianum;(Lindenb. & Gottsche) van Slageren;-11.377495;-40.52975;Ballejos, J;2137;Ballejos, J.;72164;ALCB;UFBA;43825;123
GBIF;Bryophyta;Leucobryaceae;Leucobryum martianum;(Prantl) van Slageren;-11.377495;-40.52975;Ballejos, J;2138;Ballejos, J.;72150;ALCB;UFBA;43825;123
GBIF;Bryophyta;Dicranaceae;Leucoloma cruegerianum;(Prantl) van Slageren;-11.38629;-40.52586;"Bastos, C; Vilas Boas-Bastos, SB";3380;Bastos, C.;96435;ALCB;UFBA;43825;123
GBIF;Bryophyta;Dicranaceae;Leucoloma cruegerianum;(Prantl) van Slageren;-11.38629;-40.52586;Ballejos, J;2096;Ballejos, J.;96210;ALCB;UFBA;43825;123
GBIF;Bryophyta;Dicranaceae;Leucoloma cruegerianum;(Prantl) van Slageren;-11.38629;-40.52586;Santos, M;735;Santos, M.;96438;ALCB;UFBA;43825;123
GBIF;Bryophyta;Dicranaceae;Leucoloma serrulatum;Hedw.;-11.38629;-40.52586;"Bastos, C; Vilas Boas-Bastos, SB";3703;Bastos, C.;96736;ALCB;UFBA;43825;123
GBIF;Bryophyta;Dicranaceae;Leucoloma serrulatum;Hedw.;-11.38629;-40.52586;"Bastos, C; Vilas Boas-Bastos, SB";3630;Vilas Boas-Bastos, SB;123693;ALCB;UFBA;43825;123
GBIF;Marchantiophyta;Lophocoleaceae;Lophocolea heterophylla;(Lindenb. & Gottsche) Vá?a & L. Söderstr.;-11.392685;-40.5399424;"Bastos, C; Vilas Boas-Bastos, SB";3476;Bastos, C.;123694;ALCB;UFBA;43825;123
GBIF;Bryophyta;Orthotrichaceae;Macrocoma brasiliensis;(Lindenb. & Gottsche) Vá?a & L. Söderstr.;-11.38629;-40.52586;Ballejos, J;2054;Ballejos, J.;123743;ALCB;UFBA;43825;123
GBIF;Bryophyta;Orthotrichaceae;Macrocoma brasiliensis;(Schwägr.) J.R. Spence & H.P. Ramsay;-11.38629;-40.52586;Ballejos, J;2083;Ballejos, J.;109040;ALCB;UFBA;43825;123
GBIF;Bryophyta;Orthotrichaceae;Macrocoma tenuis;(Schwägr.) J.R. Spence & H.P. Ramsay;-11.38629;-40.52586;Santos, M;2097;Ballejos, J.;RB01186867;ALCB;UFBA;43825;123
GBIF;Bryophyta;Orthotrichaceae;Macrocoma tenuis subsp. sullivantii;(Schwägr.) J.R. Spence & H.P. Ramsay;-11.38629;-40.52586;"Bastos, C; Vilas Boas-Bastos, SB";3749;Bastos, C.;96484;ALCB;UFBA;43825;123
GBIF;Bryophyta;Orthotrichaceae;Macrocoma tenuis subsp. sullivantii;(Schwägr.) J.R. Spence & H.P. Ramsay;-11.38629;-40.52586;Ballejos, J;1676;Ballejos, J.;96231;ALCB;UFBA;43825;123
GBIF;Bryophyta;Orthotrichaceae;Macrocoma tenuis subsp. sullivantii;(Schwägr.) J.R. Spence & H.P. Ramsay;-11.38629;-40.52586;"Bastos, C; Vilas Boas-Bastos, SB";3780;Bastos, C.;70142;ALCB;UFBA;43825;123
GBIF;Bryophyta;Orthotrichaceae;Pseudomacromitrium cirrosum;(Schwägr.) J.R. Spence & H.P. Ramsay;-11.38629;-40.52586;"Bastos, C; Vilas Boas-Bastos, SB";3301;Bastos, C.;70146;ALCB;UFBA;43825;123
GBIF;Bryophyta;Orthotrichaceae;Macromitrium microstomum;(Schwägr.) J.R. Spence & H.P. Ramsay;-11.392649;-40.5399424;Vilas Boas-Bastos, SB;1810;Mascarenhas, C;70143;ALCB;UFBA;43825;123
GBIF;Bryophyta;Orthotrichaceae;Macromitrium microstomum;(Schwägr.) J.R. Spence & H.P. Ramsay;-11.392375;-40.538983;Ballejos, J;1083;Ballejos, J.;70145;ALCB;UFBA;43825;123
GBIF;Bryophyta;Orthotrichaceae;Macromitrium microstomum;(Schwägr.) J.R. Spence & H.P. Ramsay;-11.392375;-40.538983;Santos, M;1562;Santos, M.;70191;ALCB;UFBA;43825;123
GBIF;Bryophyta;Orthotrichaceae;Macromitrium microstomum;(Schwägr.) J.R. Spence & H.P. Ramsay;-11.392375;-40.538983;Santos, M;1492;Santos, M.;70149;ALCB;UFBA;43825;123
GBIF;Bryophyta;Orthotrichaceae;Macromitrium microstomum;(Schwägr.) J.R. Spence & H.P. Ramsay;-11.387419;-40.533396;Santos, M;212;Santos, M.;70141;ALCB;UFBA;43825;123
GBIF;Bryophyta;Orthotrichaceae;Macromitrium microstomum;(Schwägr.) J.R. Spence & H.P. Ramsay;-11.38629;-40.52586;Ballejos, J;1646;Ballejos, J.;123748;ALCB;UFBA;43825;123
GBIF;Bryophyta;Orthotrichaceae;Macromitrium microstomum;(Schwägr.) J.R. Spence & H.P. Ramsay;-11.38629;-40.52586;Ballejos, J;1729;Ballejos, J.;123749;ALCB;UFBA;43825;123
GBIF;Bryophyta;Orthotrichaceae;Macromitrium microstomum;(Schwägr.) J.R. Spence & H.P. Ramsay;-11.38629;-40.52586;Ballejos, J;2299;Ballejos, J.;119968;ALCB;UFBA;43825;123
GBIF;Bryophyta;Orthotrichaceae;Macromitrium microstomum;(Schwägr.) J.R. Spence & H.P. Ramsay;-11.38629;-40.52586;Santos, M;2329;Ballejos, J.;123767;ALCB;UFBA;43825;123
GBIF;Bryophyta;Orthotrichaceae;Macromitrium microstomum;(Schwägr.) J.R. Spence & H.P. Ramsay;-11.38629;-40.52586;"Bastos, C; Vilas Boas-Bastos, SB";3642;Bastos, C.;123762;ALCB;UFBA;43825;123
GBIF;Bryophyta;Orthotrichaceae;Macromitrium microstomum;(Schwägr.) J.R. Spence & H.P. Ramsay;-11.377495;-40.52975;Santos, M;146;Santos, M.;96211;ALCB;UFBA;43825;123
GBIF;Bryophyta;Orthotrichaceae;Pseudomacromitrium punctatum;(Schwägr.) J.R. Spence & H.P. Ramsay;-11.387419;-40.533396;Vilas Boas-Bastos, SB;1732-A;Vilas Boas-Bastos, SB;123704;ALCB;UFBA;43825;123
GBIF;Bryophyta;Orthotrichaceae;Pseudomacromitrium punctatum;(Schwägr.) J.R. Spence & H.P. Ramsay;-11.38629;-40.52586;"Bastos, C; Vilas Boas-Bastos, SB";3291;Bastos, C.;123702;ALCB;UFBA;43825;123
GBIF;Bryophyta;Orthotrichaceae;Pseudomacromitrium punctatum;(Hook.) H.A. Crum & Steere;-11.38629;-40.52586;"Bastos, C; Vilas Boas-Bastos, SB";3505;Bastos, C.;123683;ALCB;UFBA;43825;123
GBIF;Bryophyta;Orthotrichaceae;Macromitrium viticulosum;(Hook.) H.A. Crum & Steere;-11.38629;-40.52586;"Bastos, C; Vilas Boas-Bastos, SB";3444;Bastos, C.;207436;ALCB;UFBA;43825;123
GBIF;Bryophyta;Orthotrichaceae;Macromitrium viticulosum;(Hook.) H.A. Crum & Steere;-11.38629;-40.52586;"Bastos, C; Vilas Boas-Bastos, SB";3481;Bastos, C.;14234;ALCB;UFBA;43825;123
GBIF;Bryophyta;Orthotrichaceae;Macromitrium viticulosum;(Hook.) H.A. Crum & Steere;-11.38629;-40.52586;"Bastos, C; Vilas Boas-Bastos, SB";3496;Bastos, C.;14230;ALCB;UFBA;43825;123
GBIF;Bryophyta;Orthotrichaceae;Macromitrium viticulosum;(Spruce ex Mitt.) Florsch.;-11.38629;-40.52586;"Bastos, C; Vilas Boas-Bastos, SB";3561;Bastos, C.;14232;ALCB;UFBA;43825;123
GBIF;Marchantiophyta;Lejeuneaceae;Marchesinia brachiata;(Spruce ex Mitt.) Florsch.;-11.393513;-40.537926;"Bastos, C; Vilas Boas-Bastos, SB";3383;Bastos, C.;135019;ALCB;UFBA;43825;123
GBIF;Marchantiophyta;Lejeuneaceae;Marchesinia brachiata;(Hornsch.) Wijk & Margad.;-11.393513;-40.537926;"Bastos, C; Vilas Boas-Bastos, SB";3441;Bastos, C.;135021;ALCB;UFBA;43825;123
GBIF;Marchantiophyta;Lejeuneaceae;Marchesinia brachiata;(Hornsch.) Wijk & Margad.;-11.393513;-40.537926;"Bastos, C; Vilas Boas-Bastos, SB";3346;Bastos, C.;131836;ALCB;UFBA;43825;123
GBIF;Marchantiophyta;Lejeuneaceae;Marchesinia brachiata;(Hornsch.) Wijk & Margad.;-11.393513;-40.537926;"Bastos, C; Vilas Boas-Bastos, SB";3293;Bastos, C.;135022;ALCB;UFBA;43825;123
GBIF;Marchantiophyta;Lejeuneaceae;Marchesinia brachiata;(Hornsch.) Wijk & Margad.;-11.393513;-40.537926;"Bastos, C; Vilas Boas-Bastos, SB";3320;Bastos, C.;131837;ALCB;UFBA;43825;123
GBIF;Marchantiophyta;Lejeuneaceae;Marchesinia brachiata;(Hornsch.) Wijk & Margad.;-11.392696;-40.5399424;Ballejos, J;1775;Ballejos, J.;135023;ALCB;UFBA;43825;123
GBIF;Marchantiophyta;Lejeuneaceae;Marchesinia brachiata;(Hornsch.) Wijk & Margad.;-11.392692;-40.5399424;"Bastos, C; Vilas Boas-Bastos, SB";3533;Bastos, C.;135020;ALCB;UFBA;43825;123
GBIF;Marchantiophyta;Lejeuneaceae;Marchesinia brachiata;(Hornsch.) Wijk & Margad.;-11.39269;-40.5399424;"Bastos, C; Vilas Boas-Bastos, SB";3456;Bastos, C.;089577;ALCB;UFBA;43825;123
GBIF;Marchantiophyta;Lejeuneaceae;Marchesinia brachiata;(Hornsch.) Wijk & Margad.;-11.392689;-40.5399424;"Bastos, C; Vilas Boas-Bastos, SB";3491;Bastos, C.;87072;ALCB;UFBA;43825;123
GBIF;Marchantiophyta;Lejeuneaceae;Marchesinia brachiata;(Hornsch.) Wijk & Margad.;-11.392686;-40.5399424;"Bastos, C; Vilas Boas-Bastos, SB";3489;Bastos, C.;133009;ALCB;UFBA;43825;123
GBIF;Marchantiophyta;Lejeuneaceae;Marchesinia brachiata;(Hornsch.) Wijk & Margad.;-11.392683;-40.5399424;"Bastos, C; Vilas Boas-Bastos, SB";3515;Bastos, C.;133010;ALCB;UFBA;43825;123
GBIF;Marchantiophyta;Lejeuneaceae;Marchesinia brachiata;(Hornsch.) Wijk & Margad.;-11.392682;-40.5399424;"Bastos, C; Vilas Boas-Bastos, SB";3477;Bastos, C.;87073;ALCB;UFBA;43825;123
GBIF;Marchantiophyta;Lejeuneaceae;Marchesinia brachiata;(Hornsch.) Wijk & Margad.;-11.392677;-40.5399424;"Bastos, C; Vilas Boas-Bastos, SB";3485;Bastos, C.;131876;ALCB;UFBA;43825;123
GBIF;Marchantiophyta;Lejeuneaceae;Marchesinia brachiata;(Mitt.) Vitt;-11.392672;-40.5399424;"Bastos, C; Vilas Boas-Bastos, SB";3454;Bastos, C.;133025;ALCB;UFBA;43825;123
GBIF;Marchantiophyta;Lejeuneaceae;Marchesinia brachiata;(Mitt.) Vitt;-11.392669;-40.5399424;"Bastos, C; Vilas Boas-Bastos, SB";3523;Bastos, C.;133025;ALCB;UFBA;43825;123
GBIF;Marchantiophyta;Lejeuneaceae;Marchesinia brachiata;(Mitt.) Vitt;-11.392668;-40.5399424;"Bastos, C; Vilas Boas-Bastos, SB";3475;Bastos, C.;RB01355875;ALCB;UFBA;43825;123
GBIF;Marchantiophyta;Lejeuneaceae;Marchesinia brachiata;(Mitt.) Vitt;-11.392667;-40.5399424;"Bastos, C; Vilas Boas-Bastos, SB";3540;Bastos, C.;133026;ALCB;UFBA;43825;123
GBIF;Marchantiophyta;Lejeuneaceae;Marchesinia brachiata;(Mitt.) Vitt;-11.392665;-40.5399424;"Bastos, C; Vilas Boas-Bastos, SB";3484;Bastos, C.;133026;ALCB;UFBA;43825;123
GBIF;Marchantiophyta;Lejeuneaceae;Marchesinia brachiata;(Mitt.) Vitt;-11.392659;-40.5399424;"Bastos, C; Vilas Boas-Bastos, SB";3542;Bastos, C.;146840;ALCB;UFBA;43825;123
GBIF;Marchantiophyta;Lejeuneaceae;Marchesinia brachiata;(Mitt.) Vitt;-11.392658;-40.5399424;"Bastos, C; Vilas Boas-Bastos, SB";3471;Bastos, C.;146843;ALCB;UFBA;43825;123
GBIF;Marchantiophyta;Lejeuneaceae;Marchesinia brachiata;Gradst. & Ilk.-Borg.;-11.392655;-40.5399424;"Bastos, C; Vilas Boas-Bastos, SB";3493;Bastos, C.;146842;ALCB;UFBA;43825;123
GBIF;Marchantiophyta;Lejeuneaceae;Marchesinia brachiata;Gradst. & Ilk.-Borg.;-11.392651;-40.5399424;"Bastos, C; Vilas Boas-Bastos, SB";3522;Bastos, C.;146838;ALCB;UFBA;43825;123
GBIF;Marchantiophyta;Lejeuneaceae;Marchesinia brachiata;Gradst. & Ilk.-Borg.;-11.392649;-40.5399424;"Bastos, C; Vilas Boas-Bastos, SB";3525;Bastos, C.;146841;ALCB;UFBA;43825;123
GBIF;Marchantiophyta;Lejeuneaceae;Marchesinia brachiata;(Nees & Mont.) Steph.;-11.39151934;-40.53614242;Ballejos, J;1863;Ballejos, J.;PC0735776;ALCB;UFBA;43825;123
GBIF;Marchantiophyta;Lejeuneaceae;Marchesinia brachiata;S.W. Arnell;-11.39151934;-40.53614242;Ballejos, J;1788;Ballejos, J.;70631;ALCB;UFBA;43825;123
GBIF;Marchantiophyta;Lejeuneaceae;Marchesinia brachiata;S.W. Arnell;-11.387419;-40.533396;Ballejos, J;1708;Ballejos, J.;146839;ALCB;UFBA;43825;123
GBIF;Marchantiophyta;Lejeuneaceae;Marchesinia brachiata;S.W. Arnell;-11.387419;-40.533396;Ballejos, J;127;Ballejos, J.;133027;ALCB;UFBA;43825;123
GBIF;Marchantiophyta;Lejeuneaceae;Marchesinia brachiata;S.W. Arnell;-11.387419;-40.533396;Ballejos, J;124;Ballejos, J.;222591;ALCB;UFBA;43825;123
GBIF;Marchantiophyta;Lejeuneaceae;Marchesinia brachiata;S.W. Arnell;-11.387419;-40.533396;Ballejos, J;664;Ballejos, J.;135084;ALCB;UFBA;43825;123
GBIF;Marchantiophyta;Lejeuneaceae;Marchesinia brachiata;(Lindenb. & Gottsche) Steph.;-11.387419;-40.533396;Bastos, C;3934;Bastos, C.;135085;ALCB;UFBA;43825;123
GBIF;Marchantiophyta;Lejeuneaceae;Marchesinia brachiata;(Lindenb. & Gottsche) Steph.;-11.387419;-40.533396;Bastos, C;3926;Bastos, C.;42134;ALCB;UFBA;43825;123
GBIF;Marchantiophyta;Lejeuneaceae;Marchesinia brachiata;A. Evans;-11.387419;-40.533396;Vilas Boas-Bastos, SB;1734;Boas-Bastos, S. B. V;42129;ALCB;UFBA;43825;123
GBIF;Marchantiophyta;Lejeuneaceae;Marchesinia brachiata;A. Evans;-11.38629;-40.52586;Ballejos, J;1892;Ballejos, J.;3009;ALCB;UFBA;43825;123
GBIF;Marchantiophyta;Lejeuneaceae;Marchesinia brachiata;A. Evans;-11.38629;-40.52586;Santos, M;1972;Santos, M.;42108;ALCB;UFBA;43825;123
GBIF;Marchantiophyta;Lejeuneaceae;Marchesinia brachiata;A. Evans;-11.38629;-40.52586;Santos, M;1965;Santos, M.;42131;ALCB;UFBA;43825;123
GBIF;Bryophyta;Brachytheciaceae;Meteoridium remotifolium;A. Evans;-11.38629;-40.52586;Santos, M;2167;Ballejos, J.;42133;ALCB;UFBA;43825;123
GBIF;Bryophyta;Brachytheciaceae;Meteoridium remotifolium;A. Evans;-11.38629;-40.52586;Santos, M;2173;Ballejos, J.;42100;ALCB;UFBA;43825;123
GBIF;Bryophyta;Brachytheciaceae;Meteoridium remotifolium;A. Evans;-11.38629;-40.52586;Santos, M;2309;Ballejos, J.;42138;ALCB;UFBA;43825;123
GBIF;Bryophyta;Meteoriaceae;Meteorium nigrescens;A. Evans;-11.392649;-40.5399424;"Bastos, C; Vilas Boas-Bastos, SB";3544;Bastos, C.;42105;ALCB;UFBA;43825;123
GBIF;Bryophyta;Meteoriaceae;Meteorium nigrescens;(Hedw.) A. Jaeger;-11.38629;-40.52586;Ballejos, J;2331;Ballejos, J.;42157;ALCB;UFBA;43825;123
GBIF;Marchantiophyta;Metzgeriaceae;Metzgeria brasiliensis;(Hook.) Brid.;-11.392696;-40.5399424;"Bastos, C; Vilas Boas-Bastos, SB";3559;Bastos, C.;42106;ALCB;UFBA;43825;123
GBIF;Marchantiophyta;Metzgeriaceae;Metzgeria brasiliensis;(Hook.) Brid.;-11.392654;-40.5399424;"Bastos, C; Vilas Boas-Bastos, SB";3541;Bastos, C.;2688;ALCB;UFBA;43825;123
GBIF;Marchantiophyta;Metzgeriaceae;Metzgeria ciliata;(Hook.) Brid.;-11.38629;-40.52586;Bastos, C;3747;Bastos, C.;42096;ALCB;UFBA;43825;123
GBIF;Marchantiophyta;Metzgeriaceae;Metzgeria furcata;(Hook.) Brid.;-11.38629;-40.52586;Bastos, C;3460;Bastos, C.;146835;ALCB;UFBA;43825;123
GBIF;Bryophyta;Sematophyllaceae;Microcalpe subsimplex;(Hook.) Brid.;-11.392649;-40.5399424;"Bastos, C; Vilas Boas-Bastos, SB";3465;Bastos, C.;17016;ALCB;UFBA;43825;123
GBIF;Bryophyta;Sematophyllaceae;Microcalpe subsimplex;(Hook.) Brid.;-11.392649;-40.5399424;"Bastos, C; Vilas Boas-Bastos, SB";3504;Bastos, C.;16983;ALCB;UFBA;43825;123
GBIF;Bryophyta;Sematophyllaceae;Microcalpe subsimplex;(Hook.) Brid.;-11.39151934;-40.53614242;Santos, M;1012;Mascarenhas, C;16982;ALCB;UFBA;43825;123
GBIF;Bryophyta;Sematophyllaceae;Microcalpe subsimplex;(Hook.) Brid.;-11.39151934;-40.53614242;Ballejos, J;1390;Ballejos, J.;16986;ALCB;UFBA;43825;123
GBIF;Bryophyta;Sematophyllaceae;Microcalpe subsimplex;(Hook.) Brid.;-11.38629;-40.52586;Ballejos, J;2069;Ballejos, J.;16984;ALCB;UFBA;43825;123
GBIF;Bryophyta;Sematophyllaceae;Microcalpe subsimplex;(Hook.) Brid.;-11.38629;-40.52586;Ballejos, J;1365;Ballejos, J.;17133;ALCB;UFBA;43825;123
GBIF;Bryophyta;Sematophyllaceae;Microcalpe subsimplex;(Hook.) Brid.;-11.38629;-40.52586;Ballejos, J;1381;Ballejos, J.;16932;ALCB;UFBA;43825;123
GBIF;Bryophyta;Sematophyllaceae;Microcalpe subsimplex;(Hook.) Brid.;-11.38629;-40.52586;Ballejos, J;1382;Ballejos, J.;16937;ALCB;UFBA;43825;123
GBIF;Bryophyta;Sematophyllaceae;Microcalpe subsimplex;(Hook.) Brid.;-11.38629;-40.52586;Ballejos, J;1387;Ballejos, J.;16900;ALCB;UFBA;43825;123
GBIF;Bryophyta;Sematophyllaceae;Microcalpe subsimplex;(Hook.) Brid.;-11.38629;-40.52586;Ballejos, J;1396;Ballejos, J.;16894;ALCB;UFBA;43825;123
GBIF;Bryophyta;Sematophyllaceae;Microcalpe subsimplex;(Hook.) Brid.;-11.38629;-40.52586;Ballejos, J;1683-A;Ballejos, J.;17013;ALCB;UFBA;43825;123
GBIF;Bryophyta;Sematophyllaceae;Microcalpe subsimplex;(Hook.) Brid.;-11.38629;-40.52586;Ballejos, J;1757;Ballejos, J.;17012;ALCB;UFBA;43825;123
GBIF;Bryophyta;Sematophyllaceae;Microcalpe subsimplex;(Hook.) Brid.;-11.38629;-40.52586;Ballejos, J;2068;Ballejos, J.;17011;ALCB;UFBA;43825;123
GBIF;Bryophyta;Sematophyllaceae;Microcalpe subsimplex;(Hook.) Brid.;-11.38629;-40.52586;Ballejos, J;2099;Ballejos, J.;17134;ALCB;UFBA;43825;123
GBIF;Bryophyta;Sematophyllaceae;Microcalpe subsimplex;(Hook.) Brid.;-11.38629;-40.52586;Ballejos, J;2100;Ballejos, J.;18525;ALCB;UFBA;43825;123
GBIF;Bryophyta;Sematophyllaceae;Microcalpe subsimplex;(Mitt.) W.R. Buck,;-11.38629;-40.52586;Ballejos, J;2101;Ballejos, J.;17132;ALCB;UFBA;43825;123
GBIF;Bryophyta;Sematophyllaceae;Microcalpe subsimplex;(Mitt.) W.R. Buck,;-11.38629;-40.52586;Ballejos, J;2124;Ballejos, J.;17019;ALCB;UFBA;43825;123
GBIF;Bryophyta;Sematophyllaceae;Microcalpe subsimplex;(Mitt.) W.R. Buck,;-11.38629;-40.52586;Ballejos, J;1197;Ballejos, J.;17020;ALCB;UFBA;43825;123
GBIF;Bryophyta;Sematophyllaceae;Microcalpe subsimplex;(Mitt.) W.R. Buck,;-11.38629;-40.52586;Ballejos, J;1260;Ballejos, J.;17022;ALCB;UFBA;43825;123
GBIF;Bryophyta;Sematophyllaceae;Microcalpe subsimplex;(Mitt.) W.R. Buck,;-11.38629;-40.52586;Santos, M;1701;Ballejos, J.;17023;ALCB;UFBA;43825;123
GBIF;Bryophyta;Sematophyllaceae;Microcalpe subsimplex;(Mitt.) W.R. Buck,;-11.38629;-40.52586;Santos, M;1702;Ballejos, J.;17024;ALCB;UFBA;43825;123
GBIF;Bryophyta;Sematophyllaceae;Microcalpe subsimplex;(Mitt.) W.R. Buck,;-11.38629;-40.52586;Vilas Boas-Bastos, SB;1769;Vilas Boas-Bastos, SB;16995;ALCB;UFBA;43825;123
GBIF;Bryophyta;Sematophyllaceae;Microcalpe subsimplex;Spruce;-11.38629;-40.52586;Vilas Boas-Bastos, SB;1770;Vilas Boas-Bastos, SB;16998;ALCB;UFBA;43825;123
GBIF;Bryophyta;Sematophyllaceae;Microcalpe subsimplex;Spruce;-11.38629;-40.52586;Ballejos, J;1235;Ballejos, J.;16999;ALCB;UFBA;43825;123
GBIF;Bryophyta;Sematophyllaceae;Microcalpe subsimplex;Spruce;-11.38629;-40.52586;Ballejos, J;1239;Ballejos, J.;17135;ALCB;UFBA;43825;123
GBIF;Bryophyta;Sematophyllaceae;Microcalpe subsimplex;Spruce;-11.38629;-40.52586;Ballejos, J;1243;Ballejos, J.;17001;ALCB;UFBA;43825;123
GBIF;Bryophyta;Sematophyllaceae;Microcalpe subsimplex;Spruce;-11.38629;-40.52586;Ballejos, J;1246;Ballejos, J.;17004;ALCB;UFBA;43825;123
GBIF;Bryophyta;Sematophyllaceae;Microcalpe subsimplex;Spruce;-11.38629;-40.52586;Ballejos, J;1264;Ballejos, J.;17017;ALCB;UFBA;43825;123
GBIF;Bryophyta;Sematophyllaceae;Microcalpe subsimplex;Spruce;-11.38629;-40.52586;Ballejos, J;1267;Ballejos, J.;17005;ALCB;UFBA;43825;123
GBIF;Bryophyta;Sematophyllaceae;Microcalpe subsimplex;Spruce;-11.38629;-40.52586;Santos, M;1687;Ballejos, J.;17006;ALCB;UFBA;43825;123
GBIF;Bryophyta;Sematophyllaceae;Microcalpe subsimplex;Spruce;-11.38629;-40.52586;Santos, M;1705;Ballejos, J.;17008;ALCB;UFBA;43825;123
GBIF;Bryophyta;Sematophyllaceae;Microcalpe subsimplex;Spruce;-11.38629;-40.52586;Santos, M;1714;Ballejos, J.;17027;ALCB;UFBA;43825;123
GBIF;Bryophyta;Sematophyllaceae;Microcalpe subsimplex;Spruce;-11.38629;-40.52586;Santos, M;1716;Ballejos, J.;17018;ALCB;UFBA;43825;123
GBIF;Bryophyta;Sematophyllaceae;Microcalpe subsimplex;Spruce;-11.377495;-40.52975;Ballejos, J;2098;Ballejos, J.;17030;ALCB;UFBA;43825;123
GBIF;Bryophyta;Sematophyllaceae;Microcalpe subsimplex;Spruce;-11.377495;-40.52975;Ballejos, J;2102;Ballejos, J.;17010;ALCB;UFBA;43825;123
GBIF;Bryophyta;Sematophyllaceae;Microcalpe subsimplex;Spruce;-11.377495;-40.52975;Ballejos, J;2133;Ballejos, J.;16992;ALCB;UFBA;43825;123
GBIF;Bryophyta;Sematophyllaceae;Microcalpe subsimplex;Spruce;-11.377495;-40.52975;Ballejos, J;2134;Ballejos, J.;17031;ALCB;UFBA;43825;123
GBIF;Bryophyta;Sematophyllaceae;Microcalpe subsimplex;Spruce;-11.377495;-40.52975;Ballejos, J;2135;Ballejos, J.;16994;ALCB;UFBA;43825;123
GBIF;Marchantiophyta;Lejeuneaceae;Microlejeunea epiphylla;Spruce;-11.392375;-40.538983;Ballejos, J;231-D;Ballejos, J.;090797;ALCB;UFBA;43825;123
GBIF;Marchantiophyta;Lepidoziaceae;Micropterygium campanense;(Sw.) Grolle;-11.392375;-40.538983;Santos, M;1533;Santos, M.;88385;ALCB;UFBA;43825;123
GBIF;Marchantiophyta;Lepidoziaceae;Micropterygium campanense;(Nees) A. Evans;-11.392375;-40.538983;Santos, M;1560;Santos, M.;88386;ALCB;UFBA;43825;123
GBIF;Marchantiophyta;Lepidoziaceae;Micropterygium campanense;Mitt.;-11.392375;-40.538983;Santos, M;1536;Santos, M.;88385;ALCB;UFBA;43825;123
GBIF;Marchantiophyta;Lepidoziaceae;Micropterygium campanense;Mitt.;-11.39151934;-40.53614242;Santos, M;800;Santos, I. A. M.;88385;ALCB;UFBA;43825;123
GBIF;Marchantiophyta;Lepidoziaceae;Micropterygium campanense;Mitt.;-11.39151934;-40.53614242;Santos, M;776;Santos, I. A. M.;191471;ALCB;UFBA;43825;123
GBIF;Marchantiophyta;Lepidoziaceae;Micropterygium campanense;Mitt.;-11.39151934;-40.53614242;Santos, M;809;Santos, I. A. M.;191436;ALCB;UFBA;43825;123
GBIF;Marchantiophyta;Lepidoziaceae;Micropterygium campanense;Mitt.;-11.39151934;-40.53614242;Santos, M;814;Santos, I. A. M.;191453;ALCB;UFBA;43825;123
GBIF;Marchantiophyta;Lepidoziaceae;Micropterygium reimersianum;Mart.;-11.393513;-40.537926;Ballejos, J;1402;Santos, I. A. M.;191439;ALCB;UFBA;43825;123
GBIF;Marchantiophyta;Lepidoziaceae;Micropterygium reimersianum;Mart.;-11.393513;-40.537926;Ballejos, J;668;Ballejos, J.;191429;ALCB;UFBA;43825;123
GBIF;Marchantiophyta;Lepidoziaceae;Micropterygium reimersianum;Mart.;-11.393513;-40.537926;"Bastos, C; Vilas Boas-Bastos, SB";3339;Bastos, C.;191448;ALCB;UFBA;43825;123
GBIF;Marchantiophyta;Lepidoziaceae;Micropterygium trachyphyllum;Mart.;-11.393513;-40.537926;"Bastos, C; Vilas Boas-Bastos, SB";3406;Bastos, C.;191461;ALCB;UFBA;43825;123
GBIF;Marchantiophyta;Lepidoziaceae;Micropterygium trachyphyllum;Mart.;-11.392375;-40.538983;Ballejos, J;193;Ballejos, J.;191442;ALCB;UFBA;43825;123
GBIF;Marchantiophyta;Lepidoziaceae;Micropterygium trachyphyllum;Mart.;-11.392375;-40.538983;Ballejos, J;169;Ballejos, J.;191474;ALCB;UFBA;43825;123
GBIF;Marchantiophyta;Lepidoziaceae;Micropterygium trachyphyllum;Mart.;-11.39151934;-40.53614242;Ballejos, J;1418;Ballejos, J.;191458;ALCB;UFBA;43825;123
GBIF;Bryophyta;Hypnaceae;Mittenothamnium reptans;Mart.;-11.38629;-40.52586;Ballejos, J;1765;Ballejos, J.;191456;ALCB;UFBA;43825;123
GBIF;Marchantiophyta;Lejeuneaceae;Neurolejeunea breutelii;Mart.;-11.387419;-40.533396;Ballejos, J;159;Ballejos, J.;150159;ALCB;UFBA;43825;123
GBIF;Bryophyta;Leucobryaceae;Ochrobryum gardneri;Mart.;-11.38629;-40.52586;Ballejos, J;1282;Ballejos, J.;150162;ALCB;UFBA;43825;123
GBIF;Bryophyta;Octoblepharaceae;Octoblepharum albidum;Mart.;-11.39151934;-40.53614242;Ballejos, J;1416;Ballejos, J.;84315;ALCB;UFBA;43825;123
GBIF;Bryophyta;Octoblepharaceae;Octoblepharum albidum;Mart.;-11.38629;-40.52586;Ballejos, J;1212;Ballejos, J.;84307;ALCB;UFBA;43825;123
GBIF;Bryophyta;Octoblepharaceae;Octoblepharum albidum;Mart.;-11.38629;-40.52586;Ballejos, J;1292;Ballejos, J.;84329;ALCB;UFBA;43825;123
GBIF;Bryophyta;Octoblepharaceae;Octoblepharum albidum;Mart.;-11.38629;-40.52586;Ballejos, J;1294;Ballejos, J.;84326;ALCB;UFBA;43825;123
GBIF;Bryophyta;Octoblepharaceae;Octoblepharum albidum;Mart.;-11.38629;-40.52586;Ballejos, J;1324;Ballejos, J.;84304;ALCB;UFBA;43825;123
GBIF;Bryophyta;Octoblepharaceae;Octoblepharum albidum;Mart.;-11.38629;-40.52586;Ballejos, J;1663;Ballejos, J.;84308;ALCB;UFBA;43825;123
GBIF;Bryophyta;Octoblepharaceae;Octoblepharum albidum;Hornsch.;-11.38629;-40.52586;Ballejos, J;1725;Ballejos, J.;84322;ALCB;UFBA;43825;123
GBIF;Bryophyta;Octoblepharaceae;Octoblepharum albidum;Hornsch.;-11.38629;-40.52586;Ballejos, J;1178;Ballejos, J.;84310;ALCB;UFBA;43825;123
GBIF;Bryophyta;Octoblepharaceae;Octoblepharum albidum;Hornsch.;-11.38629;-40.52586;Ballejos, J;1219;Ballejos, J.;84324;ALCB;UFBA;43825;123
GBIF;Bryophyta;Octoblepharaceae;Octoblepharum albidum;Hornsch.;-11.38629;-40.52586;Santos, M;1604;Ballejos, J.;84309;ALCB;UFBA;43825;123
GBIF;Bryophyta;Octoblepharaceae;Octoblepharum albidum;(F. Weber) Jan Ku?era;-11.38629;-40.52586;Santos, M;1639;Ballejos, J.;84328;ALCB;UFBA;43825;123
GBIF;Bryophyta;Octoblepharaceae;Octoblepharum albidum;(F. Weber) Jan Ku?era;-11.38629;-40.52586;Santos, M;1717;Ballejos, J.;79902;ALCB;UFBA;43825;123
GBIF;Bryophyta;Octoblepharaceae;Octoblepharum albidum;(F. Weber) Jan Ku?era;-11.38629;-40.52586;Ballejos, J;1377;Ballejos, J.;79898;ALCB;UFBA;43825;123
GBIF;Bryophyta;Octoblepharaceae;Octoblepharum erectifolium;(F. Weber) Jan Ku?era;-11.392375;-40.538983;Ballejos, J;1078;Ballejos, J.;191292;ALCB;UFBA;43825;123
GBIF;Bryophyta;Octoblepharaceae;Octoblepharum erectifolium;(F. Weber) Jan Ku?era;-11.392375;-40.538983;Santos, M;1556;Santos, M.;191290;ALCB;UFBA;43825;123
GBIF;Bryophyta;Octoblepharaceae;Octoblepharum erectifolium;(F. Weber) Jan Ku?era;-11.39151934;-40.53614242;Ballejos, J;1403;Ballejos, J.;134298;ALCB;UFBA;43825;123
GBIF;Bryophyta;Octoblepharaceae;Octoblepharum erectifolium;(F. Weber) Jan Ku?era;-11.39151934;-40.53614242;Ballejos, J;1427;Ballejos, J.;47045;ALCB;UFBA;43825;123
GBIF;Bryophyta;Octoblepharaceae;Octoblepharum erectifolium;(F. Weber) Jan Ku?era;-11.38629;-40.52586;Ballejos, J;1281;Ballejos, J.;134300;ALCB;UFBA;43825;123
GBIF;Bryophyta;Octoblepharaceae;Octoblepharum erectifolium;(F. Weber) Jan Ku?era;-11.38629;-40.52586;Ballejos, J;2071;Ballejos, J.;47044;ALCB;UFBA;43825;123
GBIF;Bryophyta;Octoblepharaceae;Octoblepharum erectifolium;(F. Weber) Jan Ku?era;-11.38629;-40.52586;Ballejos, J;1234;Ballejos, J.;134297;ALCB;UFBA;43825;123
GBIF;Bryophyta;Octoblepharaceae;Octoblepharum erectifolium;(F. Weber) Jan Ku?era;-11.38629;-40.52586;"Bastos, C; Vilas Boas-Bastos, SB";3331;Bastos, C.;134301;ALCB;UFBA;43825;123
GBIF;Bryophyta;Octoblepharaceae;Octoblepharum erectifolium;(F. Weber) Jan Ku?era;-11.38629;-40.52586;"Bastos, C; Vilas Boas-Bastos, SB";3591;Bastos, C.;47083;ALCB;UFBA;43825;123
GBIF;Bryophyta;Octoblepharaceae;Octoblepharum erectifolium;(F. Weber) Jan Ku?era;-11.38629;-40.52586;Ballejos, J;1229;Ballejos, J.;191313;ALCB;UFBA;43825;123
GBIF;Bryophyta;Octoblepharaceae;Octoblepharum erectifolium;(F. Weber) Jan Ku?era;-11.38629;-40.52586;Ballejos, J;1238;Ballejos, J.;191296;ALCB;UFBA;43825;123
GBIF;Bryophyta;Octoblepharaceae;Octoblepharum erectifolium;(F. Weber) Jan Ku?era;-11.38629;-40.52586;Ballejos, J;1259;Ballejos, J.;191302;ALCB;UFBA;43825;123
GBIF;Bryophyta;Octoblepharaceae;Octoblepharum erectifolium;(Hook.) A. Jaeger;-11.38629;-40.52586;Santos, M;1699;Ballejos, J.;191291;ALCB;UFBA;43825;123
GBIF;Bryophyta;Octoblepharaceae;Octoblepharum erectifolium;(Hook.) A. Jaeger;-11.377495;-40.52975;Ballejos, J;2139;Ballejos, J.;191293;ALCB;UFBA;43825;123
GBIF;Marchantiophyta;Lejeuneaceae;Odontolejeunea lunulata;(Hook.) A. Jaeger;-11.392696;-40.5399424;"Bastos, C; Vilas Boas-Bastos, SB";3557;Bastos, C.;191310;ALCB;UFBA;43825;123
GBIF;Marchantiophyta;Lejeuneaceae;Odontolejeunea lunulata;(Hook.) A. Jaeger;-11.392696;-40.5399424;"Bastos, C; Vilas Boas-Bastos, SB";3560;Bastos, C.;191307;ALCB;UFBA;43825;123
GBIF;Marchantiophyta;Lejeuneaceae;Odontolejeunea lunulata;(Hook.) A. Jaeger;-11.392696;-40.5399424;"Bastos, C; Vilas Boas-Bastos, SB";3555;Bastos, C.;191289;ALCB;UFBA;43825;123
GBIF;Marchantiophyta;Lejeuneaceae;Odontolejeunea lunulata;(Hook.) A. Jaeger;-11.392696;-40.5399424;"Bastos, C; Vilas Boas-Bastos, SB";3554;Bastos, C.;191308;ALCB;UFBA;43825;123
GBIF;Marchantiophyta;Lejeuneaceae;Odontolejeunea lunulata;(Hook.) A. Jaeger;-11.392696;-40.5399424;"Bastos, C; Vilas Boas-Bastos, SB";3553;Bastos, C.;191295;ALCB;UFBA;43825;123
GBIF;Marchantiophyta;Lejeuneaceae;Odontolejeunea lunulata;(Hook.) A. Jaeger;-11.392696;-40.5399424;"Bastos, C; Vilas Boas-Bastos, SB";3549;Bastos, C.;191301;ALCB;UFBA;43825;123
GBIF;Marchantiophyta;Lejeuneaceae;Odontolejeunea lunulata;(Hook.) A. Jaeger;-11.392696;-40.5399424;"Bastos, C; Vilas Boas-Bastos, SB";3551;Bastos, C.;RB00589080;ALCB;UFBA;43825;123
GBIF;Marchantiophyta;Lejeuneaceae;Odontolejeunea lunulata;(Hook.) A. Jaeger;-11.392662;-40.5399424;"Bastos, C; Vilas Boas-Bastos, SB";3494;Bastos, C.;RB00589083;ALCB;UFBA;43825;123
GBIF;Marchantiophyta;Lejeuneaceae;Odontolejeunea lunulata;(Hook.) A. Jaeger;-11.39151934;-40.53614242;Ballejos, J;1822;Ballejos, J.;RB00589079;ALCB;UFBA;43825;123
GBIF;Marchantiophyta;Cephaloziaceae;Odontoschisma brasiliense;(Hook.) A. Jaeger;-11.392375;-40.538983;Vilas Boas-Bastos, SB;1820;Boas-Bastos, S. B. V;RB00589084;ALCB;UFBA;43825;123
GBIF;Marchantiophyta;Cephaloziaceae;Odontoschisma brasiliense;(Hook.) A. Jaeger;-11.387419;-40.533396;Vilas Boas-Bastos, SB;1762;Boas-Bastos, S. B. V;RB00589082;ALCB;UFBA;43825;123
GBIF;Marchantiophyta;Cephaloziaceae;Odontoschisma denudatum;(Hook.) A. Jaeger;-11.393513;-40.537926;"Bastos, C; Vilas Boas-Bastos, SB";3428;Bastos, C.;191304;ALCB;UFBA;43825;123
GBIF;Marchantiophyta;Cephaloziaceae;Odontoschisma denudatum;(Hook.) A. Jaeger;-11.393513;-40.537926;"Bastos, C; Vilas Boas-Bastos, SB";3378;Bastos, C.;191288;ALCB;UFBA;43825;123
GBIF;Marchantiophyta;Cephaloziaceae;Odontoschisma denudatum;(Hook.) A. Jaeger;-11.392375;-40.538983;Ballejos, J;1147;Ballejos, J.;191278;ALCB;UFBA;43825;123
GBIF;Marchantiophyta;Cephaloziaceae;Odontoschisma denudatum;(Hook.) A. Jaeger;-11.392375;-40.538983;Santos, M;1561;Santos, M.;191309;ALCB;UFBA;43825;123
GBIF;Marchantiophyta;Cephaloziaceae;Odontoschisma denudatum;(Hook.) A. Jaeger;-11.392375;-40.538983;Santos, M;395;Santos, M.;235561;ALCB;UFBA;43825;123
GBIF;Marchantiophyta;Cephaloziaceae;Odontoschisma denudatum;(Hook.) A. Jaeger;-11.38629;-40.52586;Ballejos, J;1930;Ballejos, J.;171162;ALCB;UFBA;43825;123
GBIF;Marchantiophyta;Cephaloziaceae;Odontoschisma longiflorum;(Hook.) A. Jaeger;-11.38629;-40.52586;Santos, M;1911;Santos, M.;171161;ALCB;UFBA;43825;123
GBIF;Bryophyta;Pterobryaceae;Orthostichopsis praetermissa;(Hedw.) R.H. Zander;-11.387419;-40.533396;Ballejos, J;126;Ballejos, J.;76285;ALCB;UFBA;43825;123
GBIF;Bryophyta;Pterobryaceae;Orthostichopsis praetermissa;(Hedw.) R.H. Zander;-11.387419;-40.533396;Ballejos, J;128;Ballejos, J.;76249;ALCB;UFBA;43825;123
GBIF;Bryophyta;Pterobryaceae;Orthostichopsis praetermissa;(Hedw.) R.H. Zander;-11.387419;-40.533396;Bastos, C;3933-A;Bastos, C.;76303;ALCB;UFBA;43825;123
GBIF;Bryophyta;Pterobryaceae;Orthostichopsis praetermissa;(Hedw.) R.H. Zander;-11.387419;-40.533396;Vilas Boas-Bastos, SB;1727;Vilas Boas-Bastos, SB;76281C;ALCB;UFBA;43825;123
GBIF;Bryophyta;Pterobryaceae;Orthostichopsis praetermissa;(Hedw.) R.H. Zander;-11.387419;-40.533396;Vilas Boas-Bastos, SB;1737;Vilas Boas-Bastos, SB;76246;ALCB;UFBA;43825;123
GBIF;Bryophyta;Pterobryaceae;Orthostichopsis praetermissa;(Hedw.) R.H. Zander;-11.38629;-40.52586;Ballejos, J;1720;Ballejos, J.;76217;ALCB;UFBA;43825;123
GBIF;Marchantiophyta;Plagiochilaceae;Plagiochila corrugata;(Hedw.) R.H. Zander;-11.393513;-40.537926;"Bastos, C; Vilas Boas-Bastos, SB";3415;Bastos, C.;PC0728240;ALCB;UFBA;43825;123
GBIF;Marchantiophyta;Plagiochilaceae;Plagiochila corrugata;(Hedw.) R.H. Zander;-11.393513;-40.537926;"Bastos, C; Vilas Boas-Bastos, SB";3359;Bastos, C.;5047;ALCB;UFBA;43825;123
GBIF;Marchantiophyta;Plagiochilaceae;Plagiochila corrugata;(Hampe) D. Bell & Holyoak;-11.393513;-40.537926;"Bastos, C; Vilas Boas-Bastos, SB";3267;Bastos, C.;7687;ALCB;UFBA;43825;123
GBIF;Marchantiophyta;Plagiochilaceae;Plagiochila corrugata;(Hampe) D. Bell & Holyoak;-11.393513;-40.537926;"Bastos, C; Vilas Boas-Bastos, SB";3365;Bastos, C.;RB00589087;ALCB;UFBA;43825;123
GBIF;Marchantiophyta;Plagiochilaceae;Plagiochila corrugata;Mitt.;-11.392696;-40.5399424;Ballejos, J;1762;Ballejos, J.;RB00589085;ALCB;UFBA;43825;123
GBIF;Marchantiophyta;Plagiochilaceae;Plagiochila corrugata;Mitt.;-11.392695;-40.5399424;Ballejos, J;1745;Ballejos, J.;73343;ALCB;UFBA;43825;123
GBIF;Marchantiophyta;Plagiochilaceae;Plagiochila corrugata;Mitt.;-11.39268;-40.5399424;"Bastos, C; Vilas Boas-Bastos, SB";3517;Bastos, C.;73342;ALCB;UFBA;43825;123
GBIF;Marchantiophyta;Plagiochilaceae;Plagiochila corrugata;Mitt.;-11.392375;-40.538983;Bastos, C;4009;Bastos, C.;73344;ALCB;UFBA;43825;123
GBIF;Marchantiophyta;Plagiochilaceae;Plagiochila corrugata;Mitt.;-11.392375;-40.538983;Ballejos, J;229;Ballejos, J.;73345;ALCB;UFBA;43825;123
GBIF;Marchantiophyta;Plagiochilaceae;Plagiochila corrugata;Mitt.;-11.392375;-40.538983;Vilas Boas-Bastos, SB;1786;Boas-Bastos, S. B. V;146900;ALCB;UFBA;43825;123
GBIF;Marchantiophyta;Plagiochilaceae;Plagiochila corrugata;Mitt.;-11.392375;-40.538983;Vilas Boas-Bastos, SB;1791;Boas-Bastos, S. B. V;146911;ALCB;UFBA;43825;123
GBIF;Marchantiophyta;Plagiochilaceae;Plagiochila corrugata;Mitt.;-11.392375;-40.538983;Santos, M;1587;Santos, M.;02079398;ALCB;UFBA;43825;123
GBIF;Marchantiophyta;Plagiochilaceae;Plagiochila corrugata;Mitt.;-11.392375;-40.538983;Santos, M;301;Santos, M.;146914;ALCB;UFBA;43825;123
GBIF;Marchantiophyta;Plagiochilaceae;Plagiochila corrugata;Mitt.;-11.392375;-40.538983;Ballejos, J;220;Ballejos, J.;90145221;ALCB;UFBA;43825;123
GBIF;Marchantiophyta;Plagiochilaceae;Plagiochila corrugata;Mitt.;-11.392375;-40.538983;Bastos, C;3988;Bastos, C.;146917;ALCB;UFBA;43825;123
GBIF;Marchantiophyta;Plagiochilaceae;Plagiochila corrugata;Mitt.;-11.392375;-40.538983;Bastos, C;3967;Bastos, C.;146919;ALCB;UFBA;43825;123
GBIF;Marchantiophyta;Plagiochilaceae;Plagiochila corrugata;Mitt.;-11.392375;-40.538983;Bastos, C;4000;Bastos, C.;146920;ALCB;UFBA;43825;123
GBIF;Marchantiophyta;Plagiochilaceae;Plagiochila corrugata;Mitt.;-11.392375;-40.538983;Bastos, C;3995;Bastos, C.;133077;ALCB;UFBA;43825;123
GBIF;Marchantiophyta;Plagiochilaceae;Plagiochila corrugata;Mitt.;-11.392375;-40.538983;Bastos, C;3981;Bastos, C.;133078;ALCB;UFBA;43825;123
GBIF;Marchantiophyta;Plagiochilaceae;Plagiochila corrugata;Mitt.;-11.392375;-40.538983;Vilas Boas-Bastos, SB;1771;Boas-Bastos, S. B. V;133074;ALCB;UFBA;43825;123
GBIF;Marchantiophyta;Plagiochilaceae;Plagiochila corrugata;Mitt.;-11.392375;-40.538983;Santos, M;293;Santos, M.;133073;ALCB;UFBA;43825;123
GBIF;Marchantiophyta;Plagiochilaceae;Plagiochila corrugata;Mitt.;-11.392375;-40.538983;Bastos, C;4018;Bastos, C.;146902;ALCB;UFBA;43825;123
GBIF;Marchantiophyta;Plagiochilaceae;Plagiochila corrugata;Mitt.;-11.387419;-40.533396;Ballejos, J;1700;Ballejos, J.;133072;ALCB;UFBA;43825;123
GBIF;Marchantiophyta;Plagiochilaceae;Plagiochila corrugata;Mitt.;-11.387419;-40.533396;Ballejos, J;146;Ballejos, J.;146899;ALCB;UFBA;43825;123
GBIF;Marchantiophyta;Plagiochilaceae;Plagiochila corrugata;Mitt.;-11.387419;-40.533396;Ballejos, J;119;Ballejos, J.;87726;ALCB;UFBA;43825;123
GBIF;Marchantiophyta;Plagiochilaceae;Plagiochila corrugata;Mitt.;-11.387419;-40.533396;Ballejos, J;114-B;Ballejos, J.;133070;ALCB;UFBA;43825;123
GBIF;Marchantiophyta;Plagiochilaceae;Plagiochila corrugata;Mitt.;-11.387419;-40.533396;Ballejos, J;105;Ballejos, J.;133072;ALCB;UFBA;43825;123
GBIF;Marchantiophyta;Plagiochilaceae;Plagiochila corrugata;Mitt.;-11.387419;-40.533396;Ballejos, J;199-A;Ballejos, J.;133071;ALCB;UFBA;43825;123
GBIF;Marchantiophyta;Plagiochilaceae;Plagiochila corrugata;Mitt.;-11.387419;-40.533396;Bastos, C;s/n;Bastos, C.;133071;ALCB;UFBA;43825;123
GBIF;Marchantiophyta;Plagiochilaceae;Plagiochila corrugata;Mitt.;-11.387419;-40.533396;Vilas Boas-Bastos, SB;3922;Boas-Bastos, S. B. V;76262;ALCB;UFBA;43825;123
GBIF;Marchantiophyta;Plagiochilaceae;Plagiochila corrugata;Mitt.;-11.387419;-40.533396;Santos, M;178;Santos, M.;76261;ALCB;UFBA;43825;123
GBIF;Marchantiophyta;Plagiochilaceae;Plagiochila corrugata;Mitt.;-11.38629;-40.52586;Ballejos, J;1891;Ballejos, J.;75862;ALCB;UFBA;43825;123
GBIF;Marchantiophyta;Plagiochilaceae;Plagiochila corrugata;Mitt.;-11.38629;-40.52586;Ballejos, J;1367;Ballejos, J.;75857;ALCB;UFBA;43825;123
GBIF;Marchantiophyta;Plagiochilaceae;Plagiochila corrugata;Mitt.;-11.38629;-40.52586;Ballejos, J;2287;Ballejos, J.;75860;ALCB;UFBA;43825;123
GBIF;Marchantiophyta;Plagiochilaceae;Plagiochila corrugata;Mitt.;-11.38629;-40.52586;Ballejos, J;2041;Bastos, C.;75865;ALCB;UFBA;43825;123
GBIF;Marchantiophyta;Plagiochilaceae;Plagiochila corrugata;Mitt.;-11.38629;-40.52586;Santos, M;1978;Santos, M.;191171;ALCB;UFBA;43825;123
GBIF;Marchantiophyta;Plagiochilaceae;Plagiochila corrugata;Mitt.;-11.3744872;-40.5304413;Ballejos, J;1534;Ballejos, J.;134294;ALCB;UFBA;43825;123
GBIF;Marchantiophyta;Plagiochilaceae;Plagiochila disticha;Mitt.;-11.392674;-40.5399424;"Bastos, C; Vilas Boas-Bastos, SB";3532;Bastos, C.;191164;ALCB;UFBA;43825;123
GBIF;Marchantiophyta;Plagiochilaceae;Plagiochila disticha;Mitt.;-11.392375;-40.538983;Santos, M;211;Santos, M.;2817298;ALCB;UFBA;43825;123
GBIF;Marchantiophyta;Plagiochilaceae;Plagiochila disticha;Mitt.;-11.387419;-40.533396;Bastos, C;3954;Bastos, C.;191187;ALCB;UFBA;43825;123
GBIF;Marchantiophyta;Plagiochilaceae;Plagiochila diversifolia;Mitt.;-11.3744872;-40.5304413;Ballejos, J;1280;Ballejos, J.;191196;ALCB;UFBA;43825;123
GBIF;Marchantiophyta;Plagiochilaceae;Plagiochila exigua;Mitt.;-11.387419;-40.533396;Bastos, C;3954;Bastos, C.;191174;ALCB;UFBA;43825;123
GBIF;Marchantiophyta;Plagiochilaceae;Plagiochila martiana;Mitt.;-11.393513;-40.537926;Bastos, C;3332;Bastos, C.;191189;ALCB;UFBA;43825;123
GBIF;Marchantiophyta;Plagiochilaceae;Plagiochila montagnei;(Sw.) Mitt.;-11.39151934;-40.53614242;Ballejos, J;1833;Ballejos, J.;191175;ALCB;UFBA;43825;123
GBIF;Marchantiophyta;Plagiochilaceae;Plagiochila raddiana;(Sw.) Mitt.;-11.393513;-40.537926;"Bastos, C; Vilas Boas-Bastos, SB";3356;Bastos, C.;191163;ALCB;UFBA;43825;123
GBIF;Marchantiophyta;Plagiochilaceae;Plagiochila raddiana;(Sw.) Mitt.;-11.393513;-40.537926;"Bastos, C; Vilas Boas-Bastos, SB";3375;Bastos, C.;191193;ALCB;UFBA;43825;123
GBIF;Marchantiophyta;Plagiochilaceae;Plagiochila raddiana;(Sw.) Mitt.;-11.393513;-40.537926;"Bastos, C; Vilas Boas-Bastos, SB";3382;Bastos, C.;191191;ALCB;UFBA;43825;123
GBIF;Marchantiophyta;Plagiochilaceae;Plagiochila raddiana;(Sw.) Mitt.;-11.393513;-40.537926;"Bastos, C; Vilas Boas-Bastos, SB";3313;Bastos, C.;191198;ALCB;UFBA;43825;123
GBIF;Marchantiophyta;Plagiochilaceae;Plagiochila raddiana;(Sw.) Mitt.;-11.393513;-40.537926;"Bastos, C; Vilas Boas-Bastos, SB";3294;Bastos, C.;191190;ALCB;UFBA;43825;123
GBIF;Marchantiophyta;Plagiochilaceae;Plagiochila simplex;(Sw.) Mitt.;-11.387419;-40.533396;Ballejos, J;149;Ballejos, J.;191493;ALCB;UFBA;43825;123
GBIF;Marchantiophyta;Plagiochilaceae;Plagiochila simplex;(Sw.) Mitt.;-11.387419;-40.533396;Santos, M;223;Santos, M.;02749449;ALCB;UFBA;43825;123
GBIF;Marchantiophyta;Plagiochilaceae;Plagiochila subplana;(Sw.) Mitt.;-11.387419;-40.533396;Vilas Boas-Bastos, SB;1765-A;Boas-Bastos, S. B. V;191498;ALCB;UFBA;43825;123
GBIF;Marchantiophyta;Plagiochilaceae;Plagiochila subplana;(Sw.) Mitt.;-11.387419;-40.533396;Santos, M;211;Santos, M.;191499;ALCB;UFBA;43825;123
GBIF;Marchantiophyta;Plagiochilaceae;Plagiochila subplana;(Sw.) Mitt.;-11.38629;-40.52586;Ballejos, J;1929;Ballejos, J.;191497;ALCB;UFBA;43825;123
GBIF;Marchantiophyta;Porellaceae;Porella swartziana;(Sw.) Mitt.;-11.393513;-40.537926;"Bastos, C; Vilas Boas-Bastos, SB";3414;Bastos, C.;191492;ALCB;UFBA;43825;123
GBIF;Marchantiophyta;Porellaceae;Porella swartziana;(Sw.) Mitt.;-11.393513;-40.537926;"Bastos, C; Vilas Boas-Bastos, SB";3347;Bastos, C.;191491;ALCB;UFBA;43825;123
GBIF;Marchantiophyta;Porellaceae;Porella swartziana;(Sw.) Mitt.;-11.38629;-40.52586;Ballejos, J;2042;Bastos, C.;134305;ALCB;UFBA;43825;123
GBIF;Bryophyta;Calomniaceae;Pyrrhobryum spiniforme;(Sw.) Mitt.;-11.38629;-40.52586;Ballejos, J;1696;Ballejos, J.;76308A;ALCB;UFBA;43825;123
GBIF;Bryophyta;Calomniaceae;Pyrrhobryum spiniforme;(Sw.) Mitt.;-11.38629;-40.52586;Ballejos, J;1711;Ballejos, J.;71766;ALCB;UFBA;43825;123
GBIF;Bryophyta;Calomniaceae;Pyrrhobryum spiniforme;(Sw.) Mitt.;-11.38629;-40.52586;Ballejos, J;1715;Ballejos, J.;71823;ALCB;UFBA;43825;123
GBIF;Bryophyta;Calomniaceae;Pyrrhobryum spiniforme;(Sw.) Mitt.;-11.38629;-40.52586;Ballejos, J;1722;Ballejos, J.;75855;ALCB;UFBA;43825;123
GBIF;Bryophyta;Calomniaceae;Pyrrhobryum spiniforme;(Sw.) Mitt.;-11.38629;-40.52586;Ballejos, J;1730;Ballejos, J.;76296;ALCB;UFBA;43825;123
GBIF;Bryophyta;Calomniaceae;Pyrrhobryum spiniforme;(Sw.) Mitt.;-11.38629;-40.52586;Ballejos, J;1736;Ballejos, J.;76014;ALCB;UFBA;43825;123
GBIF;Bryophyta;Calomniaceae;Pyrrhobryum spiniforme;(Sw.) Mitt.;-11.38629;-40.52586;Ballejos, J;1760;Ballejos, J.;75930;ALCB;UFBA;43825;123
GBIF;Bryophyta;Calomniaceae;Pyrrhobryum spiniforme;(Sw.) Mitt.;-11.38629;-40.52586;Santos, M;2168;Ballejos, J.;75846;ALCB;UFBA;43825;123
GBIF;Bryophyta;Calomniaceae;Pyrrhobryum spiniforme;(Sw.) Mitt.;-11.38629;-40.52586;Santos, M;2172;Ballejos, J.;71834;ALCB;UFBA;43825;123
GBIF;Bryophyta;Calomniaceae;Pyrrhobryum spiniforme;(Sw.) Mitt.;-11.38629;-40.52586;"Bastos, C; Vilas Boas-Bastos, SB";3989;Bastos, C.;75854;ALCB;UFBA;43825;123
GBIF;Bryophyta;Calomniaceae;Pyrrhobryum spiniforme;(Sw.) Mitt.;-11.38629;-40.52586;"Bastos, C; Vilas Boas-Bastos, SB";3283;Bastos, C.;71837;ALCB;UFBA;43825;123
GBIF;Bryophyta;Calomniaceae;Pyrrhobryum spiniforme;(Sw.) Mitt.;-11.38629;-40.52586;"Bastos, C; Vilas Boas-Bastos, SB";3448;Bastos, C.;75856;ALCB;UFBA;43825;123
GBIF;Bryophyta;Calomniaceae;Pyrrhobryum spiniforme;(Sw.) Mitt.;-11.38629;-40.52586;"Bastos, C; Vilas Boas-Bastos, SB";3482;Santos, M.;76265B;ALCB;UFBA;43825;123
GBIF;Bryophyta;Racopilaceae;Racopilum tomentosum;(Sw.) Mitt.;-11.387419;-40.533396;Bastos, C;3945;Bastos, C.;75844;ALCB;UFBA;43825;123
GBIF;Marchantiophyta;Radulaceae;Radula cubensis;(Sw.) Mitt.;-11.38629;-40.52586;Ballejos, J;1896;Ballejos, J.;75875;ALCB;UFBA;43825;123
GBIF;Marchantiophyta;Radulaceae;Radula tenera;(Sw.) Mitt.;-11.392375;-40.538983;Ballejos, J;231-C;Ballejos, J.;76236;ALCB;UFBA;43825;123
GBIF;Marchantiophyta;Radulaceae;Radula tenera;(Sw.) Mitt.;-11.392375;-40.538983;Ballejos, J;231-A;Ballejos, J.;75874;ALCB;UFBA;43825;123
GBIF;Marchantiophyta;Radulaceae;Radula tenera;(Sw.) Mitt.;-11.387419;-40.533396;Ballejos, J;157;Ballejos, J.;75847;ALCB;UFBA;43825;123
GBIF;Marchantiophyta;Radulaceae;Radula tenera;(Sw.) Mitt.;-11.387419;-40.533396;Ballejos, J;150;Ballejos, J.;76273A;ALCB;UFBA;43825;123
GBIF;Marchantiophyta;Radulaceae;Radula tenera;(Sw.) Mitt.;-11.387419;-40.533396;Vilas Boas-Bastos, SB;1758;Boas-Bastos, S. B. V;76237;ALCB;UFBA;43825;123
GBIF;Marchantiophyta;Radulaceae;Radula tenera;(Sw.) Mitt.;-11.387419;-40.533396;Bastos, C;3942;Bastos, C.;76015;ALCB;UFBA;43825;123
GBIF;Marchantiophyta;Radulaceae;Radula tenera;(Sw.) Mitt.;-11.38629;-40.52586;Ballejos, J;2007;Bastos, C.;75852;ALCB;UFBA;43825;123
GBIF;Marchantiophyta;Acrobolbaceae;Saccogynidium caldense;(Sw.) Mitt.;-11.387419;-40.533396;Vilas Boas-Bastos, SB;1754;Boas-Bastos, S. B. V;090804;ALCB;UFBA;43825;123
GBIF;Marchantiophyta;Acrobolbaceae;Saccogynidium caldense;(Sw.) Mitt.;-11.387419;-40.533396;Ballejos, J;134-A;Ballejos, J.;71047;ALCB;UFBA;43825;123
GBIF;Marchantiophyta;Lejeuneaceae;Schiffneriolejeunea polycarpa;(Sw.) Mitt.;-11.393513;-40.537926;"Bastos, C; Vilas Boas-Bastos, SB";3319;Bastos, C.;84939;ALCB;UFBA;43825;123
GBIF;Marchantiophyta;Lejeuneaceae;Schiffneriolejeunea polycarpa;(Sw.) Mitt.;-11.393513;-40.537926;"Bastos, C; Vilas Boas-Bastos, SB";3284;Bastos, C.;84934;ALCB;UFBA;43825;123
GBIF;Marchantiophyta;Lejeuneaceae;Schiffneriolejeunea polycarpa;(Sw.) Mitt.;-11.393513;-40.537926;"Bastos, C; Vilas Boas-Bastos, SB";3419;Bastos, C.;84941B;ALCB;UFBA;43825;123
GBIF;Marchantiophyta;Lejeuneaceae;Schiffneriolejeunea polycarpa;(Sw.) Mitt.;-11.393513;-40.537926;"Bastos, C; Vilas Boas-Bastos, SB";3330;Bastos, C.;84942B;ALCB;UFBA;43825;123
GBIF;Marchantiophyta;Lejeuneaceae;Schiffneriolejeunea polycarpa;(Sw.) Mitt.;-11.393513;-40.537926;"Bastos, C; Vilas Boas-Bastos, SB";3268;Bastos, C.;84940;ALCB;UFBA;43825;123
GBIF;Marchantiophyta;Lejeuneaceae;Schiffneriolejeunea polycarpa;(Lorentz) Arzeni;-11.393513;-40.537926;"Bastos, C; Vilas Boas-Bastos, SB";3276;Bastos, C.;84945;ALCB;UFBA;43825;123
GBIF;Marchantiophyta;Lejeuneaceae;Schiffneriolejeunea polycarpa;(Lorentz) Arzeni;-11.393513;-40.537926;"Bastos, C; Vilas Boas-Bastos, SB";3285;Bastos, C.;84932;ALCB;UFBA;43825;123
GBIF;Marchantiophyta;Lejeuneaceae;Schiffneriolejeunea polycarpa;(Lorentz) Arzeni;-11.393513;-40.537926;"Bastos, C; Vilas Boas-Bastos, SB";3374;Bastos, C.;84943;ALCB;UFBA;43825;123
GBIF;Marchantiophyta;Lejeuneaceae;Schiffneriolejeunea polycarpa;(Lorentz) Arzeni;-11.393513;-40.537926;"Bastos, C; Vilas Boas-Bastos, SB";3377;Bastos, C.;84946;ALCB;UFBA;43825;123
GBIF;Marchantiophyta;Lejeuneaceae;Schiffneriolejeunea polycarpa;(Lorentz) Arzeni;-11.393513;-40.537926;"Bastos, C; Vilas Boas-Bastos, SB";3352;Bastos, C.;84944;ALCB;UFBA;43825;123
GBIF;Marchantiophyta;Lejeuneaceae;Schiffneriolejeunea polycarpa;(Lorentz) Arzeni;-11.393513;-40.537926;"Bastos, C; Vilas Boas-Bastos, SB";3287;Bastos, C.;84936B;ALCB;UFBA;43825;123
GBIF;Marchantiophyta;Lejeuneaceae;Schiffneriolejeunea polycarpa;(Lorentz) Arzeni;-11.393513;-40.537926;"Bastos, C; Vilas Boas-Bastos, SB";3296;Bastos, C.;84937B;ALCB;UFBA;43825;123
GBIF;Marchantiophyta;Lejeuneaceae;Schiffneriolejeunea polycarpa;(Lorentz) Arzeni;-11.393513;-40.537926;"Bastos, C; Vilas Boas-Bastos, SB";3392;Bastos, C.;84936A;ALCB;UFBA;43825;123
GBIF;Marchantiophyta;Lejeuneaceae;Schiffneriolejeunea polycarpa;(Lorentz) Arzeni;-11.393513;-40.537926;"Bastos, C; Vilas Boas-Bastos, SB";3278;Bastos, C.;84933;ALCB;UFBA;43825;123
GBIF;Marchantiophyta;Lejeuneaceae;Schiffneriolejeunea polycarpa;(Lorentz) Arzeni;-11.393513;-40.537926;"Bastos, C; Vilas Boas-Bastos, SB";3279;Bastos, C.;84938;ALCB;UFBA;43825;123
GBIF;Marchantiophyta;Lejeuneaceae;Schiffneriolejeunea polycarpa;(Lorentz) Arzeni;-11.393513;-40.537926;"Bastos, C; Vilas Boas-Bastos, SB";3272;Bastos, C.;85025D;ALCB;UFBA;43825;123
GBIF;Marchantiophyta;Lejeuneaceae;Schiffneriolejeunea polycarpa;(Lorentz) Arzeni;-11.387419;-40.533396;Ballejos, J;152;Ballejos, J.;85024D;ALCB;UFBA;43825;123
GBIF;Marchantiophyta;Lejeuneaceae;Schiffneriolejeunea polycarpa;(Lorentz) Arzeni;-11.387419;-40.533396;Ballejos, J;1692;Ballejos, J.;85012A;ALCB;UFBA;43825;123
GBIF;Marchantiophyta;Lejeuneaceae;Schiffneriolejeunea polycarpa;(Lorentz) Arzeni;-11.387419;-40.533396;Ballejos, J;114-B;Ballejos, J.;85013A;ALCB;UFBA;43825;123
GBIF;Marchantiophyta;Lejeuneaceae;Schiffneriolejeunea polycarpa;(Lorentz) Arzeni;-11.387419;-40.533396;Bastos, C;3934-B;Bastos, C.;85014A;ALCB;UFBA;43825;123
GBIF;Marchantiophyta;Lejeuneaceae;Schiffneriolejeunea polycarpa;(Lorentz) Arzeni;-11.387419;-40.533396;Santos, M;181;Santos, M.;85016C;ALCB;UFBA;43825;123
GBIF;Marchantiophyta;Lejeuneaceae;Schiffneriolejeunea polycarpa;(Mitt.) U.B. Deshmukh & Rathor;-11.38629;-40.52586;Santos, M;1979;Santos, M.;85017A;ALCB;UFBA;43825;123
GBIF;Bryophyta;Orthotrichaceae;Schlotheimia jamesonii;(Müll. Hal.) U.B. Deshmukh & Rathor;-11.392649;-40.5399424;"Bastos, C; Vilas Boas-Bastos, SB";3466;Bastos, C.;85078A;ALCB;UFBA;43825;123
GBIF;Bryophyta;Orthotrichaceae;Schlotheimia jamesonii;(Müll. Hal.) U.B. Deshmukh & Rathor;-11.392649;-40.5399424;"Bastos, C; Vilas Boas-Bastos, SB";3520;Bastos, C.;85063E;ALCB;UFBA;43825;123
GBIF;Bryophyta;Orthotrichaceae;Schlotheimia jamesonii;(Müll. Hal.) U.B. Deshmukh & Rathor;-11.392375;-40.538983;Ballejos, J;1068;Ballejos, J.;85078D;ALCB;UFBA;43825;123
GBIF;Bryophyta;Orthotrichaceae;Schlotheimia jamesonii;(Müll. Hal.) U.B. Deshmukh & Rathor;-11.392375;-40.538983;Santos, M;1532;Santos, M.;85066;ALCB;UFBA;43825;123
GBIF;Bryophyta;Orthotrichaceae;Schlotheimia jamesonii;(Müll. Hal.) U.B. Deshmukh & Rathor;-11.392375;-40.538983;Bastos, C;3928;Bastos, C.;85068A;ALCB;UFBA;43825;123
GBIF;Bryophyta;Orthotrichaceae;Schlotheimia jamesonii;(Müll. Hal.) U.B. Deshmukh & Rathor;-11.392375;-40.538983;Santos, M;1512;Santos, M.;85059A;ALCB;UFBA;43825;123
GBIF;Bryophyta;Orthotrichaceae;Schlotheimia jamesonii;(Müll. Hal.) U.B. Deshmukh & Rathor;-11.39151934;-40.53614242;Santos, M;1019;Mascarenhas, C;85072A;ALCB;UFBA;43825;123
GBIF;Bryophyta;Orthotrichaceae;Schlotheimia jamesonii;(Müll. Hal.) U.B. Deshmukh & Rathor;-11.387419;-40.533396;Vilas Boas-Bastos, SB;1753;Vilas Boas-Bastos, SB;85064A;ALCB;UFBA;43825;123
GBIF;Bryophyta;Orthotrichaceae;Schlotheimia jamesonii;(Müll. Hal.) U.B. Deshmukh & Rathor;-11.387419;-40.533396;Vilas Boas-Bastos, SB;1758;Vilas Boas-Bastos, SB;85078C;ALCB;UFBA;43825;123
GBIF;Bryophyta;Orthotrichaceae;Schlotheimia jamesonii;(Müll. Hal.) U.B. Deshmukh & Rathor;-11.387419;-40.533396;Vilas Boas-Bastos, SB;1746;Vilas Boas-Bastos, SB;85076A;ALCB;UFBA;43825;123
GBIF;Bryophyta;Orthotrichaceae;Schlotheimia jamesonii;(Müll. Hal.) U.B. Deshmukh & Rathor;-11.38629;-40.52586;"Bastos, C; Vilas Boas-Bastos, SB";3786;Bastos, C.;85063A;ALCB;UFBA;43825;123
GBIF;Bryophyta;Orthotrichaceae;Schlotheimia jamesonii;(Müll. Hal.) U.B. Deshmukh & Rathor;-11.38629;-40.52586;Ballejos, J;1946;Ballejos, J.;85061B;ALCB;UFBA;43825;123
GBIF;Bryophyta;Orthotrichaceae;Schlotheimia jamesonii;(Müll. Hal.) U.B. Deshmukh & Rathor;-11.38629;-40.52586;Ballejos, J;1948;Ballejos, J.;85075;ALCB;UFBA;43825;123
GBIF;Bryophyta;Orthotrichaceae;Schlotheimia jamesonii;(Müll. Hal.) U.B. Deshmukh & Rathor;-11.38629;-40.52586;Ballejos, J;2296;Ballejos, J.;85069B;ALCB;UFBA;43825;123
GBIF;Bryophyta;Orthotrichaceae;Schlotheimia jamesonii;(Müll. Hal.) U.B. Deshmukh & Rathor;-11.38629;-40.52586;Santos, M;1646;Ballejos, J.;85059B;ALCB;UFBA;43825;123
GBIF;Bryophyta;Orthotrichaceae;Schlotheimia jamesonii;(Müll. Hal.) U.B. Deshmukh & Rathor;-11.38629;-40.52586;Santos, M;1650;Ballejos, J.;85060A;ALCB;UFBA;43825;123
GBIF;Bryophyta;Orthotrichaceae;Schlotheimia jamesonii;(Müll. Hal.) U.B. Deshmukh & Rathor;-11.38629;-40.52586;"Bastos, C; Vilas Boas-Bastos, SB";3393;Bastos, C.;85062;ALCB;UFBA;43825;123
GBIF;Bryophyta;Orthotrichaceae;Schlotheimia jamesonii;(Müll. Hal.) U.B. Deshmukh & Rathor;-11.38629;-40.52586;"Bastos, C; Vilas Boas-Bastos, SB";3411;Bastos, C.;85063B;ALCB;UFBA;43825;123
GBIF;Bryophyta;Orthotrichaceae;Schlotheimia jamesonii;(Müll. Hal.) U.B. Deshmukh & Rathor;-11.38629;-40.52586;"Bastos, C; Vilas Boas-Bastos, SB";3437;Bastos, C.;85066C;ALCB;UFBA;43825;123
GBIF;Bryophyta;Orthotrichaceae;Schlotheimia jamesonii;(Müll. Hal.) U.B. Deshmukh & Rathor;-11.38629;-40.52586;"Bastos, C; Vilas Boas-Bastos, SB";3627;Bastos, C.;85061D;ALCB;UFBA;43825;123
GBIF;Bryophyta;Orthotrichaceae;Schlotheimia rugifolia;(Müll. Hal.) U.B. Deshmukh & Rathor;-11.392649;-40.5399424;Vilas Boas-Bastos, SB;1814;Mascarenhas, C;84914B;ALCB;UFBA;43825;123
GBIF;Bryophyta;Orthotrichaceae;Schlotheimia rugifolia;(Müll. Hal.) U.B. Deshmukh & Rathor;-11.392649;-40.5399424;"Bastos, C; Vilas Boas-Bastos, SB";3474;Bastos, C.;84927B;ALCB;UFBA;43825;123
GBIF;Bryophyta;Orthotrichaceae;Schlotheimia rugifolia;(Müll. Hal.) U.B. Deshmukh & Rathor;-11.392375;-40.538983;Santos, M;277;Mascarenhas, C;84928C;ALCB;UFBA;43825;123
GBIF;Bryophyta;Orthotrichaceae;Schlotheimia rugifolia;(Müll. Hal.) U.B. Deshmukh & Rathor;-11.392375;-40.538983;Ballejos, J;1067;Ballejos, J.;84913B;ALCB;UFBA;43825;123
GBIF;Bryophyta;Orthotrichaceae;Schlotheimia rugifolia;(Müll. Hal.) U.B. Deshmukh & Rathor;-11.392375;-40.538983;Ballejos, J;1080;Ballejos, J.;84916E;ALCB;UFBA;43825;123
GBIF;Bryophyta;Orthotrichaceae;Schlotheimia rugifolia;(Müll. Hal.) U.B. Deshmukh & Rathor;-11.392375;-40.538983;Ballejos, J;1081;Ballejos, J.;84931E;ALCB;UFBA;43825;123
GBIF;Bryophyta;Orthotrichaceae;Schlotheimia rugifolia;(Müll. Hal.) U.B. Deshmukh & Rathor;-11.392375;-40.538983;Ballejos, J;1090;Ballejos, J.;84919A;ALCB;UFBA;43825;123
GBIF;Bryophyta;Orthotrichaceae;Schlotheimia rugifolia;(Müll. Hal.) U.B. Deshmukh & Rathor;-11.392375;-40.538983;Ballejos, J;1037;Ballejos, J.;84914D;ALCB;UFBA;43825;123
GBIF;Bryophyta;Orthotrichaceae;Schlotheimia rugifolia;(Müll. Hal.) U.B. Deshmukh & Rathor;-11.392375;-40.538983;Ballejos, J;1045;Ballejos, J.;84915A;ALCB;UFBA;43825;123
GBIF;Bryophyta;Orthotrichaceae;Schlotheimia rugifolia;(Müll. Hal.) U.B. Deshmukh & Rathor;-11.392375;-40.538983;Ballejos, J;1049;Ballejos, J.;84930B;ALCB;UFBA;43825;123
GBIF;Bryophyta;Orthotrichaceae;Schlotheimia rugifolia;(Müll. Hal.) U.B. Deshmukh & Rathor;-11.392375;-40.538983;Ballejos, J;1054;Ballejos, J.;84923A;ALCB;UFBA;43825;123
GBIF;Bryophyta;Orthotrichaceae;Schlotheimia rugifolia;(Müll. Hal.) U.B. Deshmukh & Rathor;-11.392375;-40.538983;Ballejos, J;1058;Ballejos, J.;84928B;ALCB;UFBA;43825;123
GBIF;Bryophyta;Orthotrichaceae;Schlotheimia rugifolia;(Müll. Hal.) U.B. Deshmukh & Rathor;-11.392375;-40.538983;Santos, M;1511;Santos, M.;84913C;ALCB;UFBA;43825;123
GBIF;Bryophyta;Orthotrichaceae;Schlotheimia rugifolia;(Müll. Hal.) U.B. Deshmukh & Rathor;-11.392375;-40.538983;Santos, M;1513;Santos, M.;84926A;ALCB;UFBA;43825;123
GBIF;Bryophyta;Orthotrichaceae;Schlotheimia rugifolia;(Müll. Hal.) U.B. Deshmukh & Rathor;-11.392375;-40.538983;Santos, M;1517;Santos, M.;84912B;ALCB;UFBA;43825;123
GBIF;Bryophyta;Orthotrichaceae;Schlotheimia rugifolia;(Müll. Hal.) U.B. Deshmukh & Rathor;-11.392375;-40.538983;Santos, M;1530;Santos, M.;84925A;ALCB;UFBA;43825;123
GBIF;Bryophyta;Orthotrichaceae;Schlotheimia rugifolia;(Müll. Hal.) U.B. Deshmukh & Rathor;-11.392375;-40.538983;Santos, M;250-B;Mascarenhas, C;84919C;ALCB;UFBA;43825;123
GBIF;Bryophyta;Orthotrichaceae;Schlotheimia rugifolia;(Müll. Hal.) U.B. Deshmukh & Rathor;-11.392375;-40.538983;Santos, M;251;Mascarenhas, C;84924A;ALCB;UFBA;43825;123
GBIF;Bryophyta;Orthotrichaceae;Schlotheimia rugifolia;(Müll. Hal.) U.B. Deshmukh & Rathor;-11.387419;-40.533396;Ballejos, J;117;Ballejos, J.;84920;ALCB;UFBA;43825;123
GBIF;Bryophyta;Orthotrichaceae;Schlotheimia rugifolia;(Müll. Hal.) U.B. Deshmukh & Rathor;-11.38629;-40.52586;"Bastos, C; Vilas Boas-Bastos, SB";3791;Bastos, C.;84929;ALCB;UFBA;43825;123
GBIF;Bryophyta;Orthotrichaceae;Schlotheimia rugifolia;(Müll. Hal.) U.B. Deshmukh & Rathor;-11.38629;-40.52586;Ballejos, J;1287;Ballejos, J.;84916A;ALCB;UFBA;43825;123
GBIF;Bryophyta;Orthotrichaceae;Schlotheimia rugifolia;(Müll. Hal.) U.B. Deshmukh & Rathor;-11.38629;-40.52586;Ballejos, J;1290;Ballejos, J.;84931C;ALCB;UFBA;43825;123
GBIF;Bryophyta;Orthotrichaceae;Schlotheimia rugifolia;Vital;-11.38629;-40.52586;Ballejos, J;1296;Ballejos, J.;84931D;ALCB;UFBA;43825;123
GBIF;Bryophyta;Orthotrichaceae;Schlotheimia rugifolia;(Steph.) Grolle;-11.38629;-40.52586;Ballejos, J;1310;Ballejos, J.;84914A;ALCB;UFBA;43825;123
GBIF;Bryophyta;Orthotrichaceae;Schlotheimia rugifolia;(Sw.) Grolle;-11.38629;-40.52586;Ballejos, J;1313;Ballejos, J.;84917A;ALCB;UFBA;43825;123
GBIF;Bryophyta;Orthotrichaceae;Schlotheimia rugifolia;(Sw.) Grolle;-11.38629;-40.52586;Ballejos, J;1331;Ballejos, J.;84921B;ALCB;UFBA;43825;123
GBIF;Bryophyta;Orthotrichaceae;Schlotheimia rugifolia;(Sw.) Grolle;-11.38629;-40.52586;Ballejos, J;1339;Ballejos, J.;84927A;ALCB;UFBA;43825;123
GBIF;Bryophyta;Orthotrichaceae;Schlotheimia rugifolia;(Sw.) Grolle;-11.38629;-40.52586;Ballejos, J;1350;Ballejos, J.;84930A;ALCB;UFBA;43825;123
GBIF;Bryophyta;Orthotrichaceae;Schlotheimia rugifolia;(Sw.) Grolle;-11.38629;-40.52586;Ballejos, J;1352;Ballejos, J.;84914C;ALCB;UFBA;43825;123
GBIF;Bryophyta;Orthotrichaceae;Schlotheimia rugifolia;(Sw.) Grolle;-11.38629;-40.52586;Ballejos, J;1359;Ballejos, J.;84919D;ALCB;UFBA;43825;123
GBIF;Bryophyta;Orthotrichaceae;Schlotheimia rugifolia;(Sw.) Grolle;-11.38629;-40.52586;Ballejos, J;1364;Ballejos, J.;84912A;ALCB;UFBA;43825;123
GBIF;Bryophyta;Orthotrichaceae;Schlotheimia rugifolia;(Sw.) Grolle;-11.38629;-40.52586;Ballejos, J;1376;Ballejos, J.;84916D;ALCB;UFBA;43825;123
GBIF;Bryophyta;Orthotrichaceae;Schlotheimia rugifolia;(Sw.) Grolle;-11.38629;-40.52586;Ballejos, J;1384;Ballejos, J.;84931B;ALCB;UFBA;43825;123
GBIF;Bryophyta;Orthotrichaceae;Schlotheimia rugifolia;(Sw.) Grolle;-11.38629;-40.52586;Ballejos, J;1698;Ballejos, J.;84924B;ALCB;UFBA;43825;123
GBIF;Bryophyta;Orthotrichaceae;Schlotheimia rugifolia;(Sw.) Grolle;-11.38629;-40.52586;Ballejos, J;1718;Ballejos, J.;84915B;ALCB;UFBA;43825;123
GBIF;Bryophyta;Orthotrichaceae;Schlotheimia rugifolia;(Sw.) Grolle;-11.38629;-40.52586;Ballejos, J;1741;Ballejos, J.;84916B;ALCB;UFBA;43825;123
GBIF;Bryophyta;Orthotrichaceae;Schlotheimia rugifolia;(Sw.) Grolle;-11.38629;-40.52586;Ballejos, J;1754;Ballejos, J.;84917B;ALCB;UFBA;43825;123
GBIF;Bryophyta;Orthotrichaceae;Schlotheimia rugifolia;(Sw.) Grolle;-11.38629;-40.52586;Ballejos, J;1756;Ballejos, J.;84918A;ALCB;UFBA;43825;123
GBIF;Bryophyta;Orthotrichaceae;Schlotheimia rugifolia;(Sw.) Grolle;-11.38629;-40.52586;Ballejos, J;1758;Ballejos, J.;84919B;ALCB;UFBA;43825;123
GBIF;Bryophyta;Orthotrichaceae;Schlotheimia rugifolia;(Sw.) Grolle;-11.38629;-40.52586;Ballejos, J;1772;Ballejos, J.;84921A;ALCB;UFBA;43825;123
GBIF;Bryophyta;Orthotrichaceae;Schlotheimia rugifolia;(Sw.) Grolle;-11.38629;-40.52586;Ballejos, J;2053;Ballejos, J.;84922;ALCB;UFBA;43825;123
GBIF;Bryophyta;Orthotrichaceae;Schlotheimia rugifolia;(Sw.) Grolle;-11.38629;-40.52586;Ballejos, J;2086;Ballejos, J.;84923B;ALCB;UFBA;43825;123
GBIF;Bryophyta;Orthotrichaceae;Schlotheimia rugifolia;(Sw.) Grolle;-11.38629;-40.52586;Ballejos, J;2088;Ballejos, J.;84931A;ALCB;UFBA;43825;123
GBIF;Bryophyta;Orthotrichaceae;Schlotheimia rugifolia;(Sw.) Grolle;-11.38629;-40.52586;Ballejos, J;2089;Ballejos, J.;84970C;ALCB;UFBA;43825;123
GBIF;Bryophyta;Orthotrichaceae;Schlotheimia rugifolia;(Sw.) Grolle;-11.38629;-40.52586;Ballejos, J;2090;Ballejos, J.;84955C;ALCB;UFBA;43825;123
GBIF;Bryophyta;Orthotrichaceae;Schlotheimia rugifolia;(Sw.) Grolle;-11.38629;-40.52586;Santos, M;2105;Ballejos, J.;84956B;ALCB;UFBA;43825;123
GBIF;Bryophyta;Orthotrichaceae;Schlotheimia rugifolia;(Sw.) Grolle;-11.38629;-40.52586;Ballejos, J;2106;Ballejos, J.;84959B;ALCB;UFBA;43825;123
GBIF;Bryophyta;Orthotrichaceae;Schlotheimia rugifolia;(Sw.) Grolle;-11.38629;-40.52586;Ballejos, J;2107;Ballejos, J.;84963A;ALCB;UFBA;43825;123
GBIF;Bryophyta;Orthotrichaceae;Schlotheimia rugifolia;(Sw.) Grolle;-11.38629;-40.52586;Ballejos, J;2330;Ballejos, J.;84964;ALCB;UFBA;43825;123
GBIF;Bryophyta;Orthotrichaceae;Schlotheimia rugifolia;(Sw.) Grolle;-11.38629;-40.52586;Santos, M;1643;Ballejos, J.;84966A;ALCB;UFBA;43825;123
GBIF;Bryophyta;Orthotrichaceae;Schlotheimia rugifolia;(Sw.) Grolle;-11.38629;-40.52586;Santos, M;1682;Ballejos, J.;84967A;ALCB;UFBA;43825;123
GBIF;Bryophyta;Orthotrichaceae;Schlotheimia rugifolia;(Sw.) Grolle;-11.38629;-40.52586;"Bastos, C; Vilas Boas-Bastos, SB";3288;Bastos, C.;84968;ALCB;UFBA;43825;123
GBIF;Bryophyta;Orthotrichaceae;Schlotheimia rugifolia;(Sw.) Grolle;-11.38629;-40.52586;"Bastos, C; Vilas Boas-Bastos, SB";3307;Bastos, C.;84970A;ALCB;UFBA;43825;123
GBIF;Bryophyta;Orthotrichaceae;Schlotheimia rugifolia;(Sw.) Grolle;-11.38629;-40.52586;"Bastos, C; Vilas Boas-Bastos, SB";3396;Bastos, C.;84955A;ALCB;UFBA;43825;123
GBIF;Bryophyta;Orthotrichaceae;Schlotheimia rugifolia;(Sw.) Grolle;-11.38629;-40.52586;Ballejos, J;1189;Ballejos, J.;84960C;ALCB;UFBA;43825;123
GBIF;Bryophyta;Orthotrichaceae;Schlotheimia rugifolia;(Sw.) Grolle;-11.38629;-40.52586;Bastos, C;3407;Ballejos, J.;84966C;ALCB;UFBA;43825;123
GBIF;Bryophyta;Orthotrichaceae;Schlotheimia rugifolia;(Steph.) T. Katag.;-11.377495;-40.52975;Ballejos, J;2132;Ballejos, J.;84956C;ALCB;UFBA;43825;123
GBIF;Bryophyta;Orthotrichaceae;Schlotheimia rugifolia;(Steph.) T. Katag.;-11.377495;-40.52975;Bastos, C;3914;Bastos, C.;84967C;ALCB;UFBA;43825;123
GBIF;Bryophyta;Orthotrichaceae;Schlotheimia rugifolia;(Steph.) T. Katag.;-11.377495;-40.52975;Vilas Boas-Bastos, SB;1722;Vilas Boas-Bastos, SB;84961A;ALCB;UFBA;43825;123
GBIF;Bryophyta;Orthotrichaceae;Schlotheimia tecta;(Steph.) T. Katag.;-11.38629;-40.52586;Ballejos, J;1664a;Ballejos, J.;84962;ALCB;UFBA;43825;123
GBIF;Bryophyta;Orthotrichaceae;Schlotheimia tecta;(Steph.) Gradst. & C.J. Bastos;-11.38629;-40.52586;Ballejos, J;1679;Ballejos, J.;84969;ALCB;UFBA;43825;123
GBIF;Bryophyta;Orthotrichaceae;Schlotheimia tecta;Nees;-11.38629;-40.52586;Ballejos, J;1680;Ballejos, J.;84953;ALCB;UFBA;43825;123
GBIF;Bryophyta;Orthotrichaceae;Schlotheimia tecta;Nees;-11.38629;-40.52586;Ballejos, J;1685;Ballejos, J.;84957;ALCB;UFBA;43825;123
GBIF;Bryophyta;Orthotrichaceae;Schlotheimia tecta;Nees;-11.38629;-40.52586;Ballejos, J;2300;Ballejos, J.;84958;ALCB;UFBA;43825;123
GBIF;Bryophyta;Orthotrichaceae;Schlotheimia tecta;Nees;-11.38629;-40.52586;"Bastos, C; Vilas Boas-Bastos, SB";3649;Bastos, C.;84952;ALCB;UFBA;43825;123
GBIF;Bryophyta;Orthotrichaceae;Schlotheimia tecta;Nees;-11.377495;-40.52975;Santos, M;s/n;Ballejos, J.;84954A;ALCB;UFBA;43825;123
GBIF;Bryophyta;Orthotrichaceae;Schlotheimia torquata;Spruce;-11.392375;-40.538983;Santos, M;1551;Santos, M.;84971;ALCB;UFBA;43825;123
GBIF;Bryophyta;Orthotrichaceae;Schlotheimia torquata;Gottsche;-11.38629;-40.52586;Santos, M;630;Ballejos, J.;84954C;ALCB;UFBA;43825;123
GBIF;Bryophyta;Orthotrichaceae;Schlotheimia torquata;Gottsche;-11.38629;-40.52586;Ballejos, J;1346;Ballejos, J.;84954B;ALCB;UFBA;43825;123
GBIF;Bryophyta;Orthotrichaceae;Schlotheimia torquata;Gottsche;-11.38629;-40.52586;Ballejos, J;1400;Ballejos, J.;84955E;ALCB;UFBA;43825;123
GBIF;Bryophyta;Orthotrichaceae;Schlotheimia torquata;Nees;-11.38629;-40.52586;Ballejos, J;1408;Ballejos, J.;191277;ALCB;UFBA;43825;123
GBIF;Bryophyta;Orthotrichaceae;Schlotheimia torquata;Nees;-11.38629;-40.52586;Ballejos, J;1457;Ballejos, J.;84880C;ALCB;UFBA;43825;123
GBIF;Bryophyta;Orthotrichaceae;Schlotheimia torquata;Nees;-11.38629;-40.52586;Santos, M;2078;Ballejos, J.;84851B;ALCB;UFBA;43825;123
GBIF;Bryophyta;Orthotrichaceae;Schlotheimia torquata;Nees;-11.38629;-40.52586;Ballejos, J;2085;Ballejos, J.;84855B;ALCB;UFBA;43825;123
GBIF;Bryophyta;Orthotrichaceae;Schlotheimia torquata;Nees;-11.38629;-40.52586;Santos, M;2098;Ballejos, J.;84854C;ALCB;UFBA;43825;123
GBIF;Bryophyta;Orthotrichaceae;Schlotheimia torquata;Nees;-11.38629;-40.52586;Ballejos, J;2104;Ballejos, J.;84856B;ALCB;UFBA;43825;123
GBIF;Bryophyta;Orthotrichaceae;Schlotheimia torquata;Nees;-11.38629;-40.52586;Ballejos, J;2105;Ballejos, J.;84853B;ALCB;UFBA;43825;123
GBIF;Bryophyta;Orthotrichaceae;Schlotheimia torquata;C.J. Bastos, Reiner-Drehwald & Schäf.-Verw.;-11.38629;-40.52586;Santos, M;2108;Ballejos, J.;84851A;ALCB;UFBA;43825;123
GBIF;Bryophyta;Orthotrichaceae;Schlotheimia torquata;(Sw.) Nees;-11.38629;-40.52586;Ballejos, J;2332;Ballejos, J.;84867B;ALCB;UFBA;43825;123
GBIF;Bryophyta;Orthotrichaceae;Schlotheimia torquata;(Sw.) Nees;-11.38629;-40.52586;Ballejos, J;2297;Ballejos, J.;84870C;ALCB;UFBA;43825;123
GBIF;Bryophyta;Orthotrichaceae;Schlotheimia torquata;(Sw.) Nees;-11.38629;-40.52586;"Bastos, C; Vilas Boas-Bastos, SB";3669;Bastos, C.;84877;ALCB;UFBA;43825;123
GBIF;Bryophyta;Orthotrichaceae;Schlotheimia torquata;(Sw.) Nees;-11.38629;-40.52586;"Bastos, C; Vilas Boas-Bastos, SB";3725;Bastos, C.;84873B;ALCB;UFBA;43825;123
GBIF;Bryophyta;Orthotrichaceae;Schlotheimia torquata;(Sw.) Nees;-11.377495;-40.52975;Santos, M;139;Santos, M.;84855C;ALCB;UFBA;43825;123
GBIF;Bryophyta;Sphagnaceae;Sphagnum alegrense;(Sw.) Nees;-11.387419;-40.533396;C. Bastos;3961;Costa, D.P.;84879C;RB;JBRJ;43825;123
GBIF;Bryophyta;Sphagnaceae;Sphagnum billbuckii;(Sw.) Nees;-11.3744872;-40.5304413;Santos, M;2179;Costa, D.P.;84884;ALCB;UFBA;43825;123
GBIF;Bryophyta;Sphagnaceae;Sphagnum billbuckii;(Sw.) Nees;-11.3744872;-40.5304413;Ballejos, J;2356;Costa, D.P.;84894A;ALCB;UFBA;43825;123
GBIF;Bryophyta;Sphagnaceae;Sphagnum capillifolium;(Sw.) Nees;-11.392375;-40.538983;Ballejos, J;1088;Ballejos, J.;84889;ALCB;UFBA;43825;123
GBIF;Bryophyta;Sphagnaceae;Sphagnum capillifolium;(Sw.) Nees;-11.387419;-40.533396;Santos, M;203;Santos, M.;84890;ALCB;UFBA;43825;123
GBIF;Bryophyta;Sphagnaceae;Sphagnum capillifolium;(Sw.) Nees;-11.387419;-40.533396;Santos, M;204;Santos, M.;84859B;ALCB;UFBA;43825;123
GBIF;Bryophyta;Sphagnaceae;Sphagnum capillifolium;(Sw.) Nees;-11.387419;-40.533396;Vilas Boas-Bastos, SB;1755;Vilas Boas-Bastos, SB;84858B;ALCB;UFBA;43825;123
GBIF;Bryophyta;Sphagnaceae;Sphagnum capillifolium;(Sw.) Nees;-11.387419;-40.533396;Ballejos, J;107;Ballejos, J.;84857A;ALCB;UFBA;43825;123
GBIF;Bryophyta;Sphagnaceae;Sphagnum capillifolium;(Sw.) Nees;-11.387419;-40.533396;J. Ballejos;107;Costa, D.P.;84861B;RB;JBRJ;43825;123
GBIF;Bryophyta;Sphagnaceae;Sphagnum capillifolium;(Sw.) Nees;-11.38629;-40.52586;Santos, M;1603;Ballejos, J.;84860B;ALCB;UFBA;43825;123
GBIF;Bryophyta;Sphagnaceae;Sphagnum frahmii;(Sw.) Nees;-11.393513;-40.537926;Ballejos, J;1435;Costa, D.P.;84886B;ALCB;UFBA;43825;123
GBIF;Bryophyta;Sphagnaceae;Sphagnum magellanicum;(Sw.) Nees;-11.38629;-40.52586;Ballejos, J;1394;Ballejos, J.;85048C;ALCB;UFBA;43825;123
GBIF;Bryophyta;Sphagnaceae;Sphagnum ornatum;(Sw.) Nees;-11.393513;-40.537926;Cerqueira, A;s/n;Costa, D.P.;85034B;ALCB;UFBA;43825;123
GBIF;Bryophyta;Sphagnaceae;Sphagnum ornatum;(Sw.) Nees;-11.392375;-40.538983;Ballejos, J;1082;Costa, D.P.;85037B;ALCB;UFBA;43825;123
GBIF;Bryophyta;Sphagnaceae;Sphagnum ornatum;(Sw.) Nees;-11.377495;-40.52975;J. Ballejas;2065;Costa, D.P.;85039A;RB;JBRJ;43825;123
GBIF;Bryophyta;Sphagnaceae;Sphagnum ornatum;(Sw.) Nees;-11.3744872;-40.5304413;Ballejos, J;1274-B;Costa, D.P.;85044B;ALCB;UFBA;43825;123
GBIF;Bryophyta;Sphagnaceae;Sphagnum palustre;(Sw.) Nees;-11.387419;-40.533396;Bastos, C;3938;Bastos, C.;85041;ALCB;UFBA;43825;123
GBIF;Bryophyta;Sphagnaceae;Sphagnum palustre;(Sw.) Nees;-11.38629;-40.52586;Ballejos, J;1217;Ballejos, J.;85080;ALCB;UFBA;43825;123
GBIF;Bryophyta;Sphagnaceae;Sphagnum palustre;(Sw.) Nees;-11.38629;-40.52586;Ballejos, J;1198;Ballejos, J.;85034A;ALCB;UFBA;43825;123
GBIF;Bryophyta;Sphagnaceae;Sphagnum palustre;(Sw.) Nees;-11.3744872;-40.5304413;J. Ballejas;1582;Costa, D.P.;85037A;RB;JBRJ;43825;123
GBIF;Bryophyta;Sphagnaceae;Sphagnum perichaetiale;(Sw.) Nees;-11.38629;-40.52586;Ballejos, J;2108;Ballejos, J.;219785;ALCB;UFBA;43825;123
GBIF;Bryophyta;Sphagnaceae;Sphagnum perichaetiale;(Sw.) Nees;-11.377495;-40.52975;J. Ballejas;2108;Costa, D.P.;84903C;RB;JBRJ;43825;123
GBIF;Bryophyta;Sphagnaceae;Sphagnum tabuleirense;(Sw.) Nees;-11.3744872;-40.5304413;J. Ballejas;2355;Costa, D.P.;84897;RB;JBRJ;43825;123
GBIF;Bryophyta;Sphagnaceae;Sphagnum tabuleirense;(Sw.) Nees;-11.3744872;-40.5304413;Ballejos, J;2355;Costa, D.P.;84903A;ALCB;UFBA;43825;123
GBIF;Bryophyta;Sphagnaceae;Sphagnum vitalii;(Sw.) Nees;-11.38629;-40.52586;Ballejos, J;1441;Ballejos, J.;84908A;ALCB;UFBA;43825;123
GBIF;Bryophyta;Sphagnaceae;Sphagnum vitalii;(Sw.) Nees;-11.38629;-40.52586;Ballejos, J;1448;Ballejos, J.;84910A;ALCB;UFBA;43825;123
GBIF;Bryophyta;Sphagnaceae;Sphagnum vitalii;(Sw.) Nees;-11.38629;-40.52586;Ballejos, J;1449;Ballejos, J.;84904A;ALCB;UFBA;43825;123
GBIF;Bryophyta;Brachytheciaceae;Squamidium brasiliense;(Sw.) Nees;-11.392649;-40.5399424;"Bastos, C; Vilas Boas-Bastos, SB";3455;Bastos, C.;84906;ALCB;UFBA;43825;123
GBIF;Bryophyta;Brachytheciaceae;Squamidium brasiliense;(Sw.) Nees;-11.392649;-40.5399424;"Bastos, C; Vilas Boas-Bastos, SB";3483;Bastos, C.;84900B;ALCB;UFBA;43825;123
GBIF;Bryophyta;Brachytheciaceae;Squamidium brasiliense;(Sw.) Nees;-11.392649;-40.5399424;"Bastos, C; Vilas Boas-Bastos, SB";3512;Bastos, C.;84898C;ALCB;UFBA;43825;123
GBIF;Bryophyta;Brachytheciaceae;Squamidium brasiliense;(Sw.) Nees;-11.392649;-40.5399424;"Bastos, C; Vilas Boas-Bastos, SB";3521;Bastos, C.;84901D;ALCB;UFBA;43825;123
GBIF;Bryophyta;Brachytheciaceae;Squamidium brasiliense;Gottsche;-11.392649;-40.5399424;"Bastos, C; Vilas Boas-Bastos, SB";3536;Bastos, C.;84904B;ALCB;UFBA;43825;123
GBIF;Bryophyta;Brachytheciaceae;Squamidium brasiliense;Gottsche;-11.392649;-40.5399424;"Bastos, C; Vilas Boas-Bastos, SB";3543;Bastos, C.;84903B;ALCB;UFBA;43825;123
GBIF;Bryophyta;Brachytheciaceae;Squamidium brasiliense;Gottsche;-11.38629;-40.52586;Ballejos, J;1301;Ballejos, J.;84908C;ALCB;UFBA;43825;123
GBIF;Bryophyta;Brachytheciaceae;Squamidium brasiliense;Gottsche;-11.38629;-40.52586;Ballejos, J;1749;Ballejos, J.;84901H;ALCB;UFBA;43825;123
GBIF;Bryophyta;Brachytheciaceae;Squamidium brasiliense;Gottsche;-11.38629;-40.52586;Ballejos, J;1751;Ballejos, J.;84901B;ALCB;UFBA;43825;123
GBIF;Bryophyta;Brachytheciaceae;Squamidium leucotrichum;(Steph.) M.E. Reiner & Goda;-11.392649;-40.5399424;"Bastos, C; Vilas Boas-Bastos, SB";3461;Bastos, C.;84909B;ALCB;UFBA;43825;123
GBIF;Bryophyta;Brachytheciaceae;Squamidium leucotrichum;(Steph.) R.L. Zhu;-11.392649;-40.5399424;"Bastos, C; Vilas Boas-Bastos, SB";3506;Bastos, C.;84863C;ALCB;UFBA;43825;123
GBIF;Bryophyta;Brachytheciaceae;Squamidium leucotrichum;Spruce;-11.387419;-40.533396;Bastos, C;3956;Bastos, C.;84865A;ALCB;UFBA;43825;123
GBIF;Bryophyta;Brachytheciaceae;Squamidium leucotrichum;Nees & Mont.;-11.387419;-40.533396;Bastos, C;3959;Bastos, C.;84864C;ALCB;UFBA;43825;123
GBIF;Bryophyta;Brachytheciaceae;Squamidium leucotrichum;Nees & Mont.;-11.387419;-40.533396;Vilas Boas-Bastos, SB;1761;Vilas Boas-Bastos, SB;84862B;ALCB;UFBA;43825;123
GBIF;Bryophyta;Brachytheciaceae;Squamidium leucotrichum;Nees & Mont.;-11.387419;-40.533396;Vilas Boas-Bastos, SB;1763;Vilas Boas-Bastos, SB;84865B;ALCB;UFBA;43825;123
GBIF;Bryophyta;Calymperaceae;Syrrhopodon elongatus;Nees & Mont.;-11.38629;-40.52586;"Bastos, C; Vilas Boas-Bastos, SB";3759;Bastos, C.;134697;ALCB;UFBA;43825;123
GBIF;Bryophyta;Calymperaceae;Syrrhopodon elongatus;Nees & Mont.;-11.38629;-40.52586;Ballejos, J;1206;Ballejos, J.;126989;ALCB;UFBA;43825;123
GBIF;Bryophyta;Calymperaceae;Syrrhopodon elongatus var. glaziovii;Spruce;-11.392375;-40.538983;Santos, M;1532;Santos, M.;126988;ALCB;UFBA;43825;123
GBIF;Bryophyta;Calymperaceae;Syrrhopodon elongatus var. glaziovii;Spruce;-11.392375;-40.538983;Ballejos, J;1053;Ballejos, J.;126987;ALCB;UFBA;43825;123
GBIF;Bryophyta;Calymperaceae;Syrrhopodon elongatus var. glaziovii;Ångstr.;-11.387419;-40.533396;Bastos, C;3936;Bastos, C.;134698;ALCB;UFBA;43825;123
GBIF;Bryophyta;Calymperaceae;Syrrhopodon elongatus var. glaziovii;Nees & Mont.;-11.387419;-40.533396;Santos, M;186-b;Santos, M.;134700;ALCB;UFBA;43825;123
GBIF;Bryophyta;Calymperaceae;Syrrhopodon elongatus var. glaziovii;Nees & Mont.;-11.38629;-40.52586;Ballejos, J;1318;Ballejos, J.;134699;ALCB;UFBA;43825;123
GBIF;Bryophyta;Calymperaceae;Syrrhopodon elongatus var. glaziovii;Nees & Mont.;-11.38629;-40.52586;Ballejos, J;1255;Ballejos, J.;126990;ALCB;UFBA;43825;123
GBIF;Bryophyta;Calymperaceae;Syrrhopodon elongatus var. glaziovii;Nees & Mont.;-11.38629;-40.52586;Ballejos, J;1332;Ballejos, J.;126991;ALCB;UFBA;43825;123
GBIF;Bryophyta;Calymperaceae;Syrrhopodon elongatus var. glaziovii;Nees & Mont.;-11.38629;-40.52586;Ballejos, J;1368;Ballejos, J.;88393;ALCB;UFBA;43825;123
GBIF;Bryophyta;Calymperaceae;Syrrhopodon elongatus var. glaziovii;Nees & Mont.;-11.38629;-40.52586;Ballejos, J;1374;Ballejos, J.;88393;ALCB;UFBA;43825;123
GBIF;Bryophyta;Calymperaceae;Syrrhopodon elongatus var. glaziovii;Nees & Mont.;-11.38629;-40.52586;Ballejos, J;1386;Ballejos, J.;88392;ALCB;UFBA;43825;123
GBIF;Bryophyta;Calymperaceae;Syrrhopodon elongatus var. glaziovii;Nees & Mont.;-11.38629;-40.52586;"Bastos, C; Vilas Boas-Bastos, SB";3341;Bastos, C.;88393;ALCB;UFBA;43825;123
GBIF;Bryophyta;Calymperaceae;Syrrhopodon elongatus var. glaziovii;Nees & Mont.;-11.38629;-40.52586;"Bastos, C; Vilas Boas-Bastos, SB";3458;Bastos, C.;191248;ALCB;UFBA;43825;123
GBIF;Bryophyta;Calymperaceae;Syrrhopodon elongatus var. glaziovii;Nees & Mont.;-11.38629;-40.52586;"Bastos, C; Vilas Boas-Bastos, SB";3663;Bastos, C.;191251;ALCB;UFBA;43825;123
GBIF;Bryophyta;Calymperaceae;Syrrhopodon elongatus var. glaziovii;Nees & Mont.;-11.38629;-40.52586;"Bastos, C; Vilas Boas-Bastos, SB";3745;Bastos, C.;150135;ALCB;UFBA;43825;123
GBIF;Bryophyta;Calymperaceae;Syrrhopodon elongatus var. glaziovii;Nees & Mont.;-11.38629;-40.52586;Ballejos, J;1223;Ballejos, J.;150136;ALCB;UFBA;43825;123
GBIF;Bryophyta;Calymperaceae;Syrrhopodon elongatus var. glaziovii;Nees & Mont.;-11.38629;-40.52586;Santos, M;1648;Ballejos, J.;191249;ALCB;UFBA;43825;123
GBIF;Bryophyta;Calymperaceae;Syrrhopodon elongatus var. glaziovii;Nees & Mont.;-11.38629;-40.52586;Santos, M;1673;Ballejos, J.;191250;ALCB;UFBA;43825;123
GBIF;Bryophyta;Calymperaceae;Syrrhopodon gaudichaudii;Nees & Mont.;-11.392375;-40.538983;Ballejos, J.;1036;Ballejos, J.;133075;ALCB;UFBA;43825;123
GBIF;Bryophyta;Calymperaceae;Syrrhopodon gaudichaudii;Nees & Mont.;-11.392375;-40.538983;Ballejos, J;1038;Ballejos, J.;146905;ALCB;UFBA;43825;123
GBIF;Bryophyta;Calymperaceae;Syrrhopodon gaudichaudii;Nees & Mont.;-11.392375;-40.538983;Ballejos, J;1040;Ballejos, J.;90145226;ALCB;UFBA;43825;123
GBIF;Bryophyta;Calymperaceae;Syrrhopodon gaudichaudii;Nees & Mont.;-11.392375;-40.538983;Ballejos, J;1042;Ballejos, J.;13743;ALCB;UFBA;43825;123
GBIF;Bryophyta;Calymperaceae;Syrrhopodon gaudichaudii;Nees & Mont.;-11.392375;-40.538983;Ballejos, J;1044;Ballejos, J.;90145705;ALCB;UFBA;43825;123
GBIF;Bryophyta;Calymperaceae;Syrrhopodon gaudichaudii;Nees & Mont.;-11.392375;-40.538983;Ballejos, J;1047;Ballejos, J.;090801;ALCB;UFBA;43825;123
GBIF;Bryophyta;Calymperaceae;Syrrhopodon gaudichaudii;Nees & Mont.;-11.392375;-40.538983;Santos, M;1501;Santos, M.;090802;ALCB;UFBA;43825;123
GBIF;Bryophyta;Calymperaceae;Syrrhopodon gaudichaudii;Nees & Mont.;-11.392375;-40.538983;Santos, M;1529;Santos, M.;88394;ALCB;UFBA;43825;123
GBIF;Bryophyta;Calymperaceae;Syrrhopodon gaudichaudii;Nees & Mont.;-11.387419;-40.533396;Bastos, C;3924;Bastos, C.;73033;ALCB;UFBA;43825;123
GBIF;Bryophyta;Calymperaceae;Syrrhopodon gaudichaudii;Nees & Mont.;-11.387419;-40.533396;Santos, M;153;Santos, M.;73206A;ALCB;UFBA;43825;123
GBIF;Bryophyta;Calymperaceae;Syrrhopodon gaudichaudii;Nees & Mont.;-11.387419;-40.533396;Santos, M;166;Santos, M.;73070;ALCB;UFBA;43825;123
GBIF;Bryophyta;Calymperaceae;Syrrhopodon gaudichaudii;Nees & Mont.;-11.387419;-40.533396;Vilas Boas-Bastos, SB;1740;Vilas Boas-Bastos, SB;72107;ALCB;UFBA;43825;123
GBIF;Bryophyta;Calymperaceae;Syrrhopodon gaudichaudii;Nees & Mont.;-11.387419;-40.533396;Vilas Boas-Bastos, SB;1751;Vilas Boas-Bastos, SB;73178;ALCB;UFBA;43825;123
GBIF;Bryophyta;Calymperaceae;Syrrhopodon gaudichaudii;Nees & Mont.;-11.38629;-40.52586;Ballejos, J;1312;Ballejos, J.;72129;ALCB;UFBA;43825;123
GBIF;Bryophyta;Calymperaceae;Syrrhopodon gaudichaudii;Nees & Mont.;-11.38629;-40.52586;Ballejos, J;1315;Ballejos, J.;72152;ALCB;UFBA;43825;123
GBIF;Bryophyta;Calymperaceae;Syrrhopodon gaudichaudii;Nees & Mont.;-11.38629;-40.52586;Ballejos, J;1345;Ballejos, J.;73204;ALCB;UFBA;43825;123
GBIF;Bryophyta;Calymperaceae;Syrrhopodon gaudichaudii;Nees & Mont.;-11.38629;-40.52586;Ballejos, J;1348;Ballejos, J.;73067;ALCB;UFBA;43825;123
GBIF;Bryophyta;Calymperaceae;Syrrhopodon gaudichaudii;Nees & Mont.;-11.38629;-40.52586;Ballejos, J;1665a;Ballejos, J.;73074;ALCB;UFBA;43825;123
GBIF;Bryophyta;Calymperaceae;Syrrhopodon gaudichaudii;Nees & Mont.;-11.38629;-40.52586;Ballejos, J;1678;Ballejos, J.;73058;ALCB;UFBA;43825;123
GBIF;Bryophyta;Calymperaceae;Syrrhopodon gaudichaudii;Nees & Mont.;-11.38629;-40.52586;Ballejos, J;1710;Ballejos, J.;72123;ALCB;UFBA;43825;123
GBIF;Bryophyta;Calymperaceae;Syrrhopodon gaudichaudii;Nees & Mont.;-11.38629;-40.52586;Ballejos, J;1717;Ballejos, J.;73062;ALCB;UFBA;43825;123
GBIF;Bryophyta;Calymperaceae;Syrrhopodon gaudichaudii;Nees & Mont.;-11.38629;-40.52586;Ballejos, J;1773;Ballejos, J.;73039;ALCB;UFBA;43825;123
GBIF;Bryophyta;Calymperaceae;Syrrhopodon gaudichaudii;Nees & Mont.;-11.38629;-40.52586;Ballejos, J;2086;Ballejos, J.;73038;ALCB;UFBA;43825;123
GBIF;Bryophyta;Calymperaceae;Syrrhopodon gaudichaudii;Nees & Mont.;-11.38629;-40.52586;Santos, M;2109;Ballejos, J.;73181;ALCB;UFBA;43825;123
GBIF;Bryophyta;Calymperaceae;Syrrhopodon gaudichaudii;Nees & Mont.;-11.38629;-40.52586;Ballejos, J;2294;Ballejos, J.;73063;ALCB;UFBA;43825;123
GBIF;Bryophyta;Calymperaceae;Syrrhopodon gaudichaudii;Nees & Mont.;-11.38629;-40.52586;Ballejos, J;2316;Ballejos, J.;73017;ALCB;UFBA;43825;123
GBIF;Bryophyta;Calymperaceae;Syrrhopodon gaudichaudii;Nees & Mont.;-11.38629;-40.52586;Ballejos, J;2317;Ballejos, J.;73032;ALCB;UFBA;43825;123
GBIF;Bryophyta;Calymperaceae;Syrrhopodon gaudichaudii;Nees & Mont.;-11.38629;-40.52586;Ballejos, J;2318;Ballejos, J.;73205;ALCB;UFBA;43825;123
GBIF;Bryophyta;Calymperaceae;Syrrhopodon gaudichaudii;Nees & Mont.;-11.38629;-40.52586;Ballejos, J;2319;Ballejos, J.;72130;ALCB;UFBA;43825;123
GBIF;Bryophyta;Calymperaceae;Syrrhopodon gaudichaudii;Nees & Mont.;-11.38629;-40.52586;Ballejos, J;1269;Ballejos, J.;72116;ALCB;UFBA;43825;123
GBIF;Bryophyta;Calymperaceae;Syrrhopodon gaudichaudii;Nees & Mont.;-11.38629;-40.52586;Santos, M;1615;Ballejos, J.;72120;ALCB;UFBA;43825;123
GBIF;Bryophyta;Calymperaceae;Syrrhopodon gaudichaudii;Nees & Mont.;-11.38629;-40.52586;"Bastos, C; Vilas Boas-Bastos, SB";3315;Bastos, C.;73180;ALCB;UFBA;43825;123
GBIF;Bryophyta;Calymperaceae;Syrrhopodon gaudichaudii;Nees & Mont.;-11.38629;-40.52586;"Bastos, C; Vilas Boas-Bastos, SB";3336;Bastos, C.;73207;ALCB;UFBA;43825;123
GBIF;Bryophyta;Calymperaceae;Syrrhopodon gaudichaudii;Nees & Mont.;-11.38629;-40.52586;"Bastos, C; Vilas Boas-Bastos, SB";3426;Bastos, C.;73060;ALCB;UFBA;43825;123
GBIF;Bryophyta;Calymperaceae;Syrrhopodon gaudichaudii;Nees & Mont.;-11.38629;-40.52586;"Bastos, C; Vilas Boas-Bastos, SB";3583;Bastos, C.;72108;ALCB;UFBA;43825;123
GBIF;Bryophyta;Calymperaceae;Syrrhopodon gaudichaudii;Nees & Mont.;-11.38629;-40.52586;"Bastos, C; Vilas Boas-Bastos, SB";3597;Bastos, C.;73019;ALCB;UFBA;43825;123
GBIF;Bryophyta;Calymperaceae;Syrrhopodon gaudichaudii;Nees & Mont.;-11.38629;-40.52586;"Bastos, C; Vilas Boas-Bastos, SB";3619;Bastos, C.;72124;ALCB;UFBA;43825;123
GBIF;Bryophyta;Calymperaceae;Syrrhopodon gaudichaudii;Nees & Mont.;-11.38629;-40.52586;"Bastos, C; Vilas Boas-Bastos, SB";3620;Bastos, C.;72125;ALCB;UFBA;43825;123
GBIF;Bryophyta;Calymperaceae;Syrrhopodon gaudichaudii;Nees & Mont.;-11.38629;-40.52586;"Bastos, C; Vilas Boas-Bastos, SB";3658;Bastos, C.;73179;ALCB;UFBA;43825;123
GBIF;Bryophyta;Calymperaceae;Syrrhopodon gaudichaudii;Nees & Mont.;-11.38629;-40.52586;"Bastos, C; Vilas Boas-Bastos, SB";3661;Bastos, C.;73016B;ALCB;UFBA;43825;123
GBIF;Bryophyta;Calymperaceae;Syrrhopodon gaudichaudii;Nees & Mont.;-11.38629;-40.52586;"Bastos, C; Vilas Boas-Bastos, SB";3666;Bastos, C.;73016A;ALCB;UFBA;43825;123
GBIF;Bryophyta;Calymperaceae;Syrrhopodon gaudichaudii;Nees & Mont.;-11.38629;-40.52586;"Bastos, C; Vilas Boas-Bastos, SB";3775;Bastos, C.;73206;ALCB;UFBA;43825;123
GBIF;Bryophyta;Calymperaceae;Syrrhopodon gaudichaudii;Nees & Mont.;-11.38629;-40.52586;Ballejos, J;1193;Ballejos, J.;73031;ALCB;UFBA;43825;123
GBIF;Bryophyta;Calymperaceae;Syrrhopodon gaudichaudii;Nees & Mont.;-11.38629;-40.52586;Ballejos, J;1218;Ballejos, J.;73052;ALCB;UFBA;43825;123
GBIF;Bryophyta;Calymperaceae;Syrrhopodon gaudichaudii;Nees & Mont.;-11.377495;-40.52975;Ballejos, J;2129;Ballejos, J.;72183;ALCB;UFBA;43825;123
GBIF;Bryophyta;Calymperaceae;Syrrhopodon leprieurii;Nees & Mont.;-11.392375;-40.538983;Santos, M;297;Mascarenhas, C;191262;ALCB;UFBA;43825;123
GBIF;Bryophyta;Calymperaceae;Syrrhopodon ligulatus;Nees & Mont.;-11.387419;-40.533396;Bastos, C;3930;Bastos, C.;74211;ALCB;UFBA;43825;123
GBIF;Bryophyta;Calymperaceae;Syrrhopodon ligulatus;Nees & Mont.;-11.38629;-40.52586;Ballejos, J;1344-A;Ballejos, J.;74212;ALCB;UFBA;43825;123
GBIF;Bryophyta;Calymperaceae;Syrrhopodon ligulatus;Nees & Mont.;-11.38629;-40.52586;Ballejos, J;1370;Ballejos, J.;74213;ALCB;UFBA;43825;123
GBIF;Bryophyta;Calymperaceae;Syrrhopodon ligulatus;Nees & Mont.;-11.38629;-40.52586;Ballejos, J;1380;Ballejos, J.;74214;ALCB;UFBA;43825;123
GBIF;Bryophyta;Calymperaceae;Syrrhopodon ligulatus;Nees & Mont.;-11.38629;-40.52586;"Bastos, C; Vilas Boas-Bastos, SB";3306a;Bastos, C.;74215;ALCB;UFBA;43825;123
GBIF;Bryophyta;Calymperaceae;Syrrhopodon ligulatus;Nees & Mont.;-11.38629;-40.52586;"Bastos, C; Vilas Boas-Bastos, SB";3784;Bastos, C.;74216;ALCB;UFBA;43825;123
GBIF;Bryophyta;Calymperaceae;Syrrhopodon ligulatus;Steph.;-11.38629;-40.52586;Ballejos, J;1258;Ballejos, J.;74217;ALCB;UFBA;43825;123
GBIF;Bryophyta;Calymperaceae;Syrrhopodon ligulatus;Spruce;-11.38629;-40.52586;Ballejos, J;1261;Ballejos, J.;74219;ALCB;UFBA;43825;123
GBIF;Bryophyta;Calymperaceae;Syrrhopodon ligulatus;(Raddi) Gradst.;-11.38629;-40.52586;Santos, M;1692;Ballejos, J.;74221;ALCB;UFBA;43825;123
GBIF;Bryophyta;Calymperaceae;Syrrhopodon parasiticus;(Raddi) Gradst.;-11.38629;-40.52586;Ballejos, J;1300;Ballejos, J.;74222;ALCB;UFBA;43825;123
GBIF;Bryophyta;Calymperaceae;Syrrhopodon prolifer;Spruce;-11.38629;-40.52586;Ballejos, J;1744;Ballejos, J.;134696;ALCB;UFBA;43825;123
GBIF;Bryophyta;Calymperaceae;Syrrhopodon prolifer;Spruce;-11.38629;-40.52586;Ballejos, J;1753;Ballejos, J.;134695;ALCB;UFBA;43825;123
GBIF;Bryophyta;Calymperaceae;Syrrhopodon prolifer;Spruce;-11.38629;-40.52586;"Bastos, C; Vilas Boas-Bastos, SB";3395;Bastos, C.;191276;ALCB;UFBA;43825;123
GBIF;Bryophyta;Calymperaceae;Syrrhopodon prolifer;Lindenb.;-11.38629;-40.52586;"Bastos, C; Vilas Boas-Bastos, SB";3508;Bastos, C.;191275;ALCB;UFBA;43825;123
GBIF;Bryophyta;Calymperaceae;Syrrhopodon prolifer;Lindenb.;-11.38629;-40.52586;"Bastos, C; Vilas Boas-Bastos, SB";3711;Bastos, C.;191274;ALCB;UFBA;43825;123
GBIF;Bryophyta;Calymperaceae;Syrrhopodon prolifer;Lindenb.;-11.38629;-40.52586;Ballejos, J;1201;Ballejos, J.;191266;ALCB;UFBA;43825;123
GBIF;Bryophyta;Calymperaceae;Syrrhopodon prolifer;Lindenb.;-11.39151934;-40.53614242;Ballejos, J;1398;Ballejos, J.;88404;ALCB;UFBA;43825;123
GBIF;Bryophyta;Calymperaceae;Syrrhopodon prolifer;Lindenb.;-11.387419;-40.533396;Bastos, C;3939-b;Bastos, C.;88401;ALCB;UFBA;43825;123
GBIF;Bryophyta;Calymperaceae;Syrrhopodon prolifer;Lindenb.;-11.387419;-40.533396;Santos, M;208;Santos, M.;88403;ALCB;UFBA;43825;123
GBIF;Bryophyta;Calymperaceae;Syrrhopodon prolifer;Lindenb.;-11.38629;-40.52586;Ballejos, J;1181;Ballejos, J.;88400;ALCB;UFBA;43825;123
GBIF;Bryophyta;Calymperaceae;Syrrhopodon prolifer;(Gottsche) Grolle;-11.38629;-40.52586;Ballejos, J;1183;Ballejos, J.;13712;ALCB;UFBA;43825;123
GBIF;Bryophyta;Calymperaceae;Syrrhopodon prolifer;(Gottsche) Grolle;-11.38629;-40.52586;Santos, M;1654;Ballejos, J.;87725;ALCB;UFBA;43825;123
GBIF;Bryophyta;Calymperaceae;Syrrhopodon prolifer;(Gottsche) Grolle;-11.377495;-40.52975;Santos, M;606;Santos, M.;13736;ALCB;UFBA;43825;123
GBIF;Bryophyta;Calymperaceae;Syrrhopodon prolifer var. scaber;(Gottsche) Grolle;-11.392375;-40.538983;Ballejos, J;1121;Ballejos, J.;13739;ALCB;UFBA;43825;123
GBIF;Bryophyta;Calymperaceae;Syrrhopodon prolifer var. scaber;(Hornsch.) Broth.;-11.387419;-40.533396;Santos, M;175;Santos, M.;87723;ALCB;UFBA;43825;123
GBIF;Bryophyta;Calymperaceae;Syrrhopodon prolifer var. scaber;(Hornsch.) Broth.;-11.38629;-40.52586;Ballejos, J;1288;Ballejos, J.;PC0728294;ALCB;UFBA;43825;123
GBIF;Bryophyta;Calymperaceae;Syrrhopodon prolifer var. scaber;(Hornsch.) Broth.;-11.38629;-40.52586;"Bastos, C; Vilas Boas-Bastos, SB";3416;Bastos, C.;119924;ALCB;UFBA;43825;123
GBIF;Bryophyta;Calymperaceae;Syrrhopodon prolifer var. scaber;(Hornsch.) Broth.;-11.38629;-40.52586;"Bastos, C; Vilas Boas-Bastos, SB";3488;Bastos, C.;119923;ALCB;UFBA;43825;123
GBIF;Bryophyta;Calymperaceae;Syrrhopodon prolifer var. scaber;(Hampe) Hampe;-11.38629;-40.52586;"Bastos, C; Vilas Boas-Bastos, SB";3514;Bastos, C.;190364;ALCB;UFBA;43825;123
GBIF;Bryophyta;Calymperaceae;Syrrhopodon prolifer var. scaber;(Hampe) Hampe;-11.38629;-40.52586;Santos, M;1694;Ballejos, J.;190366;ALCB;UFBA;43825;123
GBIF;Bryophyta;Calymperaceae;Syrrhopodon prolifer var. scaber;(Schwägr.) Steere;-11.38629;-40.52586;"Bastos, C; Vilas Boas-Bastos, SB";3354;Bastos, C.;190367;ALCB;UFBA;43825;123
GBIF;Bryophyta;Calymperaceae;Syrrhopodon prolifer var. scaber;Taylor;-11.38629;-40.52586;"Bastos, C; Vilas Boas-Bastos, SB";3379;Bastos, C.;190360;ALCB;UFBA;43825;123
GBIF;Bryophyta;Calymperaceae;Syrrhopodon prolifer var. scaber;Taylor;-11.38629;-40.52586;"Bastos, C; Vilas Boas-Bastos, SB";3385;Bastos, C.;190358;ALCB;UFBA;43825;123
GBIF;Bryophyta;Calymperaceae;Syrrhopodon prolifer var. scaber;Taylor;-11.38629;-40.52586;"Bastos, C; Vilas Boas-Bastos, SB";3387;Bastos, C.;190359;ALCB;UFBA;43825;123
GBIF;Bryophyta;Calymperaceae;Syrrhopodon prolifer var. scaber;Taylor;-11.38629;-40.52586;"Bastos, C; Vilas Boas-Bastos, SB";3400;Bastos, C.;190361;ALCB;UFBA;43825;123
GBIF;Bryophyta;Calymperaceae;Syrrhopodon prolifer var. scaber;Taylor;-11.38629;-40.52586;"Bastos, C; Vilas Boas-Bastos, SB";3535;Bastos, C.;190356;ALCB;UFBA;43825;123
GBIF;Bryophyta;Calymperaceae;Syrrhopodon prolifer var. scaber;Taylor;-11.38629;-40.52586;Ballejos, J;1179;Ballejos, J.;190362;ALCB;UFBA;43825;123
GBIF;Bryophyta;Calymperaceae;Syrrhopodon prolifer var. scaber;Taylor;-11.38629;-40.52586;Ballejos, J;1200;Ballejos, J.;87721;ALCB;UFBA;43825;123
GBIF;Bryophyta;Calymperaceae;Syrrhopodon prolifer var. scaber;Taylor;-11.38629;-40.52586;Ballejos, J;1232;Ballejos, J.;87722;ALCB;UFBA;43825;123
GBIF;Bryophyta;Calymperaceae;Syrrhopodon prolifer var. scaber;Taylor;-11.38629;-40.52586;Ballejos, J;1242;Ballejos, J.;190345;ALCB;UFBA;43825;123
GBIF;Bryophyta;Calymperaceae;Syrrhopodon prolifer var. scaber;Taylor;-11.38629;-40.52586;Ballejos, J;1268;Ballejos, J.;190346;ALCB;UFBA;43825;123
GBIF;Bryophyta;Calymperaceae;Syrrhopodon prolifer var. scaber;(Sw.) Lindenb.;-11.38629;-40.52586;Santos, M;1632;Ballejos, J.;190342;ALCB;UFBA;43825;123
GBIF;Bryophyta;Calymperaceae;Syrrhopodon prolifer var. scaber;(Sw.) Lindenb.;-11.38629;-40.52586;Santos, M;1649;Ballejos, J.;190353;ALCB;UFBA;43825;123
GBIF;Bryophyta;Calymperaceae;Syrrhopodon prolifer var. scaber;(Sw.) Lindenb.;-11.38629;-40.52586;Santos, M;1703;Ballejos, J.;190349;ALCB;UFBA;43825;123
GBIF;Marchantiophyta;Adelanthaceae;Syzygiella perfoliata;(Sw.) Lindenb.;-11.38629;-40.52586;Ballejos, J;1932;Ballejos, J.;190352;ALCB;UFBA;43825;123
GBIF;Marchantiophyta;Lepidoziaceae;Telaranea nematodes;(Sw.) Lindenb.;-11.38629;-40.52586;Santos, M;1945;Santos, M.;188032;ALCB;UFBA;43825;123
GBIF;Bryophyta;Thuidiaceae;Thuidium delicatulum;(Lehm. & Lindenb.) Lehm. & Lindenb.;-11.38629;-40.52586;Santos, M;1934;Santos, M.;190337;ALCB;UFBA;43825;123
GBIF;Marchantiophyta;Trichocoleaceae;Leiomitra brevifissa;(Lehm. & Lindenb.) Lehm. & Lindenb.;-11.39151934;-40.53614242;Ballejos, J;1844;Ballejos, J.;87279;ALCB;UFBA;43825;123
GBIF;Bryophyta;Brachytheciaceae;Zelometeorium patulum;(Sull.) E. Britton;-11.38629;-40.52586;Ballejos, J;1303;Ballejos, J.;111523;ALCB;UFBA;43825;123
GBIF;Bryophyta;Brachytheciaceae;Zelometeorium patulum;(P. Beauv.) Wijk & Margad.;-11.38629;-40.52586;Ballejos, J;1330;Ballejos, J.;111530;ALCB;UFBA;43825;123
GBIF;Bryophyta;Brachytheciaceae;Zelometeorium patulum;(Lehm. & Lindenb.) Besch.;-11.38629;-40.52586;Ballejos, J;1340;Ballejos, J.;111532;ALCB;UFBA;43825;123
GBIF;Bryophyta;Brachytheciaceae;Zelometeorium patulum;(Spruce) A. Evans;-11.38629;-40.52586;Ballejos, J;1347;Ballejos, J.;111525;ALCB;UFBA;43825;123
GBIF;Marchantiophyta;Lejeuneaceae;Acrolejeunea torulosa;(Spruce) A. Evans;-11.3448359;-40.5304899;Santos, M;1998;Santos, M.;137618;ALCB;UFBA;43826;124
GBIF;Marchantiophyta;Lejeuneaceae;Bryopteris diffusa;(Spruce) A. Evans;-11.3448359;-40.5304899;Ballejos, J;1748;Ballejos, J.;64257;ALCB;UFBA;43826;124
GBIF;Marchantiophyta;Lejeuneaceae;Bryopteris diffusa;(Spruce) A. Evans;-11.3448359;-40.5304899;Ballejos, J;100;Ballejos, J.;87507;ALCB;UFBA;43826;124
GBIF;Marchantiophyta;Lejeuneaceae;Cheilolejeunea unciloba;(Spruce) A. Evans;-11.3448359;-40.5304899;Bastos, C;3911;Bastos, C.;135060;ALCB;UFBA;43826;124
GBIF;Marchantiophyta;Lejeuneaceae;Cheilolejeunea xanthocarpa;(Nees) Grolle;-11.3448359;-40.5304899;Ballejos, J;95;Ballejos, J.;90252501;ALCB;UFBA;43826;124
GBIF;Marchantiophyta;Lejeuneaceae;Cheilolejeunea xanthocarpa;(Besch.) Ochyra & Bedn.-Ochyra;-11.3448359;-40.5304899;Ballejos, J;102;Ballejos, J.;90252500;ALCB;UFBA;43826;124
GBIF;Marchantiophyta;Lejeuneaceae;Cheilolejeunea xanthocarpa;(Schwägr.) Lindb.;-11.3448359;-40.5304899;Ballejos, J;93;Ballejos, J.;64128;ALCB;UFBA;43826;124
GBIF;Marchantiophyta;Lejeuneaceae;Cheilolejeunea xanthocarpa;(Schwägr.) Lindb.;-11.3448359;-40.5304899;Bastos, C;3910;Bastos, C.;64224;ALCB;UFBA;43826;124
GBIF;Marchantiophyta;Lejeuneaceae;Cheilolejeunea xanthocarpa;(Schwägr.) Lindb.;-11.3448359;-40.5304899;Bastos, C;3915;Bastos, C.;64143;ALCB;UFBA;43826;124
GBIF;Marchantiophyta;Lejeuneaceae;Cheilolejeunea xanthocarpa;(Schwägr.) Lindb.;-11.3448359;-40.5304899;Vilas Boas-Bastos, SB;1726;Boas-Bastos, S. B. V;64104;ALCB;UFBA;43826;124
GBIF;Marchantiophyta;Lejeuneaceae;Drepanolejeunea mosenii;(Schwägr.) Lindb.;-11.3448359;-40.5304899;Santos, M;s/n;Bastos, C.;61611;ALCB;UFBA;43826;124
GBIF;Marchantiophyta;Frullaniaceae;Frullania atrata;(Schwägr.) Lindb.;-11.3448359;-40.5304899;Ballejos, J;103;Ballejos, J.;71952;ALCB;UFBA;43826;124
GBIF;Marchantiophyta;Frullaniaceae;Frullania atrata;(Schwägr.) Lindb.;-11.3448359;-40.5304899;Ballejos, J;101;Ballejos, J.;71950;ALCB;UFBA;43826;124
GBIF;Marchantiophyta;Frullaniaceae;Frullania caulisequa;(Schwägr.) Lindb.;-11.3448359;-40.5304899;Ballejos, J;92;Ballejos, J.;70488;ALCB;UFBA;43826;124
GBIF;Marchantiophyta;Frullaniaceae;Frullania caulisequa;(Schwägr.) Lindb.;-11.3448359;-40.5304899;Vilas Boas-Bastos, SB;1725;Boas-Bastos, S. B. V;70455;ALCB;UFBA;43826;124
GBIF;Marchantiophyta;Frullaniaceae;Frullania kunzei;(Schwägr.) Lindb.;-11.3448359;-40.5304899;Ballejos, J;99;Ballejos, J.;72506;ALCB;UFBA;43826;124
GBIF;Marchantiophyta;Frullaniaceae;Frullania kunzei;(Schwägr.) Lindb.;-11.3448359;-40.5304899;Ballejos, J;97;Ballejos, J.;72496;ALCB;UFBA;43826;124
GBIF;Marchantiophyta;Lepidoziaceae;Kurzia capillaris;(Schwägr.) Lindb.;-11.356001;-40.533387;Santos, M;2066;Santos, I. A. M.;77793;ALCB;UFBA;43826;124
GBIF;Marchantiophyta;Lepidoziaceae;Kurzia capillaris;(Schwägr.) Lindb.;-11.356001;-40.533387;Santos, M;2095;Santos, I. A. M.;77794;ALCB;UFBA;43826;124
GBIF;Bryophyta;Leucobryaceae;Leucobryum giganteum;(Schwägr.) Lindb.;-11.356001;-40.533387;Ballejos, J;2185;Ballejos, J.;72049;ALCB;UFBA;43826;124
GBIF;Bryophyta;Leucobryaceae;Leucobryum martianum;(Schwägr.) Lindb.;-11.356001;-40.533387;Ballejos, J;2183;Ballejos, J.;72157;ALCB;UFBA;43826;124
GBIF;Bryophyta;Leucobryaceae;Leucobryum martianum;(Schwägr.) Lindb.;-11.356001;-40.533387;Ballejos, J;2184;Ballejos, J.;72158;ALCB;UFBA;43826;124
GBIF;Bryophyta;Leucobryaceae;Leucobryum martianum;(Schwägr.) Lindb.;-11.356001;-40.533387;Ballejos, J;2186;Ballejos, J.;72160;ALCB;UFBA;43826;124
GBIF;Bryophyta;Leucobryaceae;Leucobryum martianum;(Schwägr.) Lindb.;-11.356001;-40.533387;Ballejos, J;2187;Ballejos, J.;72142;ALCB;UFBA;43826;124
GBIF;Bryophyta;Leucobryaceae;Leucobryum martianum;(Schwägr.) Lindb.;-11.356001;-40.533387;Ballejos, J;2188;Ballejos, J.;72143;ALCB;UFBA;43826;124
GBIF;Bryophyta;Leucobryaceae;Leucobryum martianum;(Schwägr.) Lindb.;-11.356001;-40.533387;Ballejos, J;2189;Ballejos, J.;72144;ALCB;UFBA;43826;124
GBIF;Bryophyta;Leucobryaceae;Leucobryum martianum;(Schwägr.) Lindb.;-11.3448359;-40.5304899;Santos, M;2053;Ballejos, J.;72146;ALCB;UFBA;43826;124
GBIF;Bryophyta;Leucobryaceae;Leucobryum martianum;(Schwägr.) Lindb.;-11.3448359;-40.5304899;Santos, M;2062;Ballejos, J.;72147;ALCB;UFBA;43826;124
GBIF;Marchantiophyta;Lepidoziaceae;Micropterygium reimersianum;(Schwägr.) Lindb.;-11.3448359;-40.5304899;Santos, M;2042;Santos, I. A. M.;191473;ALCB;UFBA;43826;124
GBIF;Bryophyta;Octoblepharaceae;Octoblepharum albidum;(Schwägr.) Lindb.;-11.3448359;-40.5304899;Santos, M;2044;Ballejos, J.;79901;ALCB;UFBA;43826;124
GBIF;Bryophyta;Octoblepharaceae;Octoblepharum albidum;(Schwägr.) Lindb.;-11.3448359;-40.5304899;Ballejos, J;2167;Ballejos, J.;79903;ALCB;UFBA;43826;124
GBIF;Marchantiophyta;Cephaloziaceae;Odontoschisma longiflorum;(Schwägr.) Lindb.;-11.3448359;-40.5304899;Ballejos, J;1783;Ballejos, J.;87741;ALCB;UFBA;43826;124
GBIF;Bryophyta;Calomniaceae;Pyrrhobryum spiniforme;(Schwägr.) Lindb.;-11.356001;-40.533387;Ballejos, J;2176;Ballejos, J.;71836;ALCB;UFBA;43826;124
GBIF;Marchantiophyta;Lejeuneaceae;Schiffneriolejeunea polycarpa;(Schwägr.) Lindb.;-11.3448359;-40.5304899;Santos, M;2001;Santos, M.;85019;ALCB;UFBA;43826;124
GBIF;Bryophyta;Orthotrichaceae;Schlotheimia rugifolia;(Schwägr.) Lindb.;-11.356001;-40.533387;Santos, M;2088;Ballejos, J.;84959A;ALCB;UFBA;43826;124
GBIF;Bryophyta;Orthotrichaceae;Schlotheimia torquata;(Schwägr.) Lindb.;-11.356001;-40.533387;Ballejos, J;2171;Ballejos, J.;84853A;ALCB;UFBA;43826;124
GBIF;Bryophyta;Sphagnaceae;Sphagnum aciphyllum;(Schwägr.) Lindb.;-11.356001;-40.533387;J. Ballejas;2326;Costa, D.P.;84869A;RB;JBRJ;43826;124
GBIF;Bryophyta;Sphagnaceae;Sphagnum aciphyllum;(Schwägr.) Lindb.;-11.356001;-40.533387;J. Ballejos;2326;Costa, D.P.;84867A;RB;JBRJ;43826;124
GBIF;Bryophyta;Sphagnaceae;Sphagnum aciphyllum;(Brid. ex P. Beauv.) Lindb.;-11.3448359;-40.5304899;Santos, M;2058;Costa, D.P.;84870A;ALCB;UFBA;43826;124
GBIF;Bryophyta;Sphagnaceae;Sphagnum brachybolax;(Brid. ex P. Beauv.) Lindb.;-11.356001;-40.533387;J. Ballejos;2323;Costa, D.P.;84895;RB;JBRJ;43826;124
GBIF;Bryophyta;Sphagnaceae;Sphagnum brachybolax;(Brid. ex P. Beauv.) Lindb.;-11.356001;-40.533387;Ballejos, J;2177;Costa, D.P.;84891A;ALCB;UFBA;43826;124
GBIF;Bryophyta;Sphagnaceae;Sphagnum capillifolium;(Brid. ex P. Beauv.) Lindb.;-11.356001;-40.533387;Santos, M;2083;Costa, D.P.;84891B;ALCB;UFBA;43826;124
GBIF;Bryophyta;Sphagnaceae;Sphagnum laxulum;(Brid. ex P. Beauv.) Lindb.;-11.3448359;-40.5304899;Ballejos, J;2140;Costa, D.P.;84861A;ALCB;UFBA;43826;124
GBIF;Bryophyta;Sphagnaceae;Sphagnum laxulum;Müll. Hal.;-11.3448359;-40.5304899;Ballejos, J;2141;Costa, D.P.;84893B;ALCB;UFBA;43826;124
GBIF;Bryophyta;Sphagnaceae;Sphagnum laxulum;Müll. Hal.;-11.3448359;-40.5304899;Ballejos, J;2142;Costa, D.P.;84858C;ALCB;UFBA;43826;124
GBIF;Bryophyta;Sphagnaceae;Sphagnum laxulum;Müll. Hal.;-11.3448359;-40.5304899;Ballejos, J;2144;Costa, D.P.;84886A;ALCB;UFBA;43826;124
GBIF;Bryophyta;Sphagnaceae;Sphagnum laxulum;Müll. Hal.;-11.3448359;-40.5304899;Ballejos, J;2145;Costa, D.P.;84891C;ALCB;UFBA;43826;124
GBIF;Bryophyta;Sphagnaceae;Sphagnum laxulum;Müll. Hal.;-11.3448359;-40.5304899;Ballejos, J;2147;Costa, D.P.;85040F;ALCB;UFBA;43826;124
GBIF;Bryophyta;Sphagnaceae;Sphagnum laxulum;Müll. Hal.;-11.3448359;-40.5304899;Ballejos, J;2149;Costa, D.P.;85044A;ALCB;UFBA;43826;124
GBIF;Bryophyta;Sphagnaceae;Sphagnum multiporosum;Müll. Hal.;-11.356001;-40.533387;Santos, M;2084;Costa, D.P.;85040D;ALCB;UFBA;43826;124
GBIF;Bryophyta;Sphagnaceae;Sphagnum multiporosum;Müll. Hal.;-11.356001;-40.533387;M. Santos;2084;Costa, D.P.;85043B;RB;JBRJ;43826;124
GBIF;Bryophyta;Sphagnaceae;Sphagnum obliquefibrosum;Müll. Hal.;-11.3448359;-40.5304899;J. Ballejas;2146;Costa, D.P.;85046A;RB;JBRJ;43826;124
GBIF;Bryophyta;Sphagnaceae;Sphagnum obliquefibrosum;Müll. Hal.;-11.3448359;-40.5304899;Ballejos, J;2146;Costa, D.P.;85045A;ALCB;UFBA;43826;124
GBIF;Bryophyta;Sphagnaceae;Sphagnum ornatum;Müll. Hal.;-11.3448359;-40.5304899;Santos, M;2052;Costa, D.P.;85047B;ALCB;UFBA;43826;124
GBIF;Bryophyta;Sphagnaceae;Sphagnum ornatum;Müll. Hal.;-11.3448359;-40.5304899;Santos, M;2061;Costa, D.P.;85038B;ALCB;UFBA;43826;124
GBIF;Bryophyta;Sphagnaceae;Sphagnum palustre;Müll. Hal.;-11.3448359;-40.5304899;Santos, M;2045;Costa, D.P.;85079;ALCB;UFBA;43826;124
GBIF;Bryophyta;Sphagnaceae;Sphagnum submedium;Müll. Hal.;-11.3448359;-40.5304899;J. Ballejas;2152;Costa, D.P.;84910B;RB;JBRJ;43826;124
GBIF;Bryophyta;Sphagnaceae;Sphagnum submedium;Müll. Hal.;-11.3448359;-40.5304899;Santos, M;2055;Costa, D.P.;84899C;ALCB;UFBA;43826;124
GBIF;Bryophyta;Sphagnaceae;Sphagnum submedium;Müll. Hal.;-11.3448359;-40.5304899;Ballejos, J;2150;Costa, D.P.;84909D;ALCB;UFBA;43826;124
GBIF;Bryophyta;Sphagnaceae;Sphagnum submedium;Müll. Hal.;-11.3448359;-40.5304899;Ballejos, J;2151;Costa, D.P.;84901C;ALCB;UFBA;43826;124
GBIF;Bryophyta;Sphagnaceae;Sphagnum submedium;Müll. Hal.;-11.3448359;-40.5304899;Ballejos, J;2152;Costa, D.P.;84900A;ALCB;UFBA;43826;124
GBIF;Bryophyta;Calymperaceae;Syrrhopodon prolifer var. scaber;Müll. Hal.;-11.356001;-40.533387;Ballejos, J;2175;Ballejos, J.;190347;ALCB;UFBA;43826;124
GBIF;Marchantiophyta;Lepidoziaceae;Bazzania falcata;Müll. Hal.;-11.376199;-40.518585;Santos, M;698;Santos, I. A. M.;84250;ALCB;UFBA;44237;125
GBIF;Marchantiophyta;Lepidoziaceae;Bazzania nitida;Müll. Hal.;-11.376199;-40.518585;Santos, M;693;Santos, M.;64249;ALCB;UFBA;44237;125
GBIF;Bryophyta;Bryaceae;Rosulabryum huillense;Müll. Hal.;-11.383333;-40.516667;Valente, EB;D7992;Valente, E. B.;29424;UFP;UFPE;44237;125
GBIF;Bryophyta;Leucobryaceae;Campylopus arctocarpus;Müll. Hal.;-11.376199;-40.518585;Santos, M;619;Santos, M.;90145225;ALCB;UFBA;44237;125
GBIF;Bryophyta;Leucobryaceae;Campylopus arctocarpus;Müll. Hal.;-11.375355;-40.524299;Santos, M;653;Santos, M.;87710;ALCB;UFBA;44237;125
GBIF;Bryophyta;Leucobryaceae;Campylopus arctocarpus;Müll. Hal.;-11.375355;-40.524299;Santos, M;665;Santos, M.;133006;ALCB;UFBA;44237;125
GBIF;Bryophyta;Leucobryaceae;Campylopus arctocarpus;Müll. Hal.;-11.375355;-40.524299;Santos, M;677;Santos, M.;133008;ALCB;UFBA;44237;125
GBIF;Bryophyta;Leucobryaceae;Campylopus filifolius;Müll. Hal.;-11.383333;-40.516667;Valente, EB;D7989;Valente, E. B.;119462;UFP;UFPE;44237;125
GBIF;Bryophyta;Leucobryaceae;Campylopus pilifer;Müll. Hal.;-11.376199;-40.518585;Santos, M;699;Santos, M.;119251;ALCB;UFBA;44237;125
GBIF;Bryophyta;Leucobryaceae;Campylopus pilifer;Müll. Hal.;-11.376199;-40.518585;Santos, M;s/n;Santos, M.;119289;ALCB;UFBA;44237;125
GBIF;Marchantiophyta;Lejeuneaceae;Diplasiolejeunea pellucida;Müll. Hal.;-11.383333;-40.516667;Valente, EB;D7980;Valente, E. B.;77828;UFP;UFPE;44237;125
GBIF;Marchantiophyta;Lejeuneaceae;Drepanolejeunea orthophylla;Müll. Hal.;-11.376199;-40.518585;Ballejos, J;1780;Ballejos, J.;51669;ALCB;UFBA;44237;125
GBIF;Bryophyta;Calomniaceae;Pyrrhobryum spiniforme;Müll. Hal.;-11.383333;-40.516667;Valente, EB;D7986;Valente, E. B.;71831;UFP;UFPE;44237;125
GBIF;Bryophyta;Sematophyllaceae;Sematophyllum swartzii;Müll. Hal.;-11.376199;-40.518585;M. L. O. Santos;2149;Buck, W. R.;84874B;NY;NYBG;44237;125
GBIF;Marchantiophyta;Trichocoleaceae;Leiomitra brevifissa;Müll. Hal.;-11.376199;-40.518585;Santos, M;654;Santos, M.;87281;ALCB;UFBA;44237;125
GBIF;Marchantiophyta;Trichocoleaceae;Leiomitra brevifissa;Müll. Hal.;-11.376199;-40.518585;Santos, M;669;Santos, M.;87278;ALCB;UFBA;44237;125
GBIF;Marchantiophyta;Trichocoleaceae;Leiomitra brevifissa;Müll. Hal.;-11.376199;-40.518585;Santos, M;658;Santos, M.;188027;ALCB;UFBA;44237;125
GBIF;Marchantiophyta;Frullaniaceae;Frullania beyrichiana;Müll. Hal.;-11.33292423;-40.50333935;"Nonato, FR; Correia, C; Smidt, E; Silva, VP";940;Yano, O.;71919;ICN;UFRGS;44239;126
GBIF;Marchantiophyta;Fossombroniaceae;Fossombronia porphyrorhiza;Müll. Hal.;-11.18163298;-40.5122299;Vital, D. M.;8072;Vital, D. M.;71957;SP-BRYOPHYTA;IBt;44244;127
GBIF;Bryophyta;Sphagnaceae;Sphagnum frahmii;Müll. Hal.;-11.166389;-40.506389;"F.R. Nonato; C. Correia, F. Schmidt & V.P. Silva";868;Costa, D.P.;84881A;RB;JBRJ;44244;127
GBIF;Marchantiophyta;Ricciaceae;Riccia vitalii;Müll. Hal.;-9.405798574;-40.5048204;Vital, D. M.;1640;Vital, D. M.;85010B;SP-BRYOPHYTA;IBt;44306;128
GBIF;Marchantiophyta;Lejeuneaceae;Anoplolejeunea conferta;Müll. Hal.;-12.313333;-40.480833;Ramos, G;s/n;Boas-Bastos, S. B. V;137630;ALCB;UFBA;44614;129
GBIF;Marchantiophyta;Lejeuneaceae;Brachiolejeunea leiboldiana;Müll. Hal.;-12.313333;-40.480833;Sara, A;52;Boas-Bastos, S. B. V;64156;ALCB;UFBA;44614;129
GBIF;Bryophyta;Bryaceae;Rosulabryum capillare;Müll. Hal.;-12.313333;-40.484167;Santos, IAM;26;Vilas Boas-Bastos, SB;135000;ALCB;UFBA;44614;129
GBIF;Bryophyta;Leucobryaceae;Campylopus cuspidatus;Müll. Hal.;-12.313333;-40.480833;Sara, A;45;Vilas Boas-Bastos, SB;119667;ALCB;UFBA;44614;129
GBIF;Bryophyta;Leucobryaceae;Campylopus cuspidatus;Müll. Hal.;-12.313333;-40.480833;Cardoso, D;s/n;Vilas Boas-Bastos, SB;119663;ALCB;UFBA;44614;129
GBIF;Bryophyta;Leucobryaceae;Campylopus filifolius var. humilis;(Hornsch.) Hampe ex Müll. Hal.;-12.313333;-40.480833;Cardoso, D;s/n;Vilas Boas-Bastos, SB;119266;ALCB;UFBA;44614;129
GBIF;Bryophyta;Leucobryaceae;Campylopus pilifer;(Hornsch.) Hampe ex Müll. Hal.;-12.313333;-40.480833;Santos, IAM;39;Vilas Boas-Bastos, SB;119472;ALCB;UFBA;44614;129
GBIF;Bryophyta;Leucobryaceae;Campylopus pilifer;(Hornsch.) Hampe ex Müll. Hal.;-12.313333;-40.480833;Freitas, R de;43;Freitas, R de;119264;ALCB;UFBA;44614;129
GBIF;Bryophyta;Leucobryaceae;Campylopus savannarum;(Hornsch.) Hampe ex Müll. Hal.;-12.313333;-40.480833;Rodrigues, K;27;Vilas Boas-Bastos, SB;119254;ALCB;UFBA;44614;129
GBIF;Bryophyta;Leucobryaceae;Campylopus trachyblepharon;(Hornsch.) Hampe ex Müll. Hal.;-12.313333;-40.484167;Santos, I;28;Vilas Boas-Bastos, SB;119425;ALCB;UFBA;44614;129
GBIF;Bryophyta;Leucobryaceae;Campylopus trachyblepharon;(Hornsch.) Hampe ex Müll. Hal.;-12.313332;-40.480832;Cardoso, D;3583;Vilas Boas-Bastos, SB;119278;ALCB;UFBA;44614;129
GBIF;Marchantiophyta;Lejeuneaceae;Cheilolejeunea conchifolia;(Hornsch.) Hampe ex Müll. Hal.;-12.313333;-40.480833;Rodrigues, K;32;Boas-Bastos, S. B. V;119770;ALCB;UFBA;44614;129
GBIF;Marchantiophyta;Lejeuneaceae;Cheilolejeunea unciloba;(Hornsch.) Hampe ex Müll. Hal.;-12.313333;-40.480833;Santos, IAM;35;Bastos, C.;28188;ALCB;UFBA;44614;129
GBIF;Marchantiophyta;Lejeuneaceae;Cheilolejeunea xanthocarpa;(Hornsch.) Hampe ex Müll. Hal.;-12.313333;-40.480833;Rodrigues, K;39;Boas-Bastos, S. B. V;135047;ALCB;UFBA;44614;129
GBIF;Marchantiophyta;Lejeuneaceae;Cheilolejeunea xanthocarpa;(Hornsch.) Hampe ex Müll. Hal.;-12.313333;-40.480833;Rodrigues, K;37;Boas-Bastos, S. B. V;131850;ALCB;UFBA;44614;129
GBIF;Marchantiophyta;Lejeuneaceae;Cheilolejeunea xanthocarpa;(Hornsch.) Hampe ex Müll. Hal.;-12.313333;-40.480833;Rodrigues, K;35;Boas-Bastos, S. B. V;131850;ALCB;UFBA;44614;129
GBIF;Marchantiophyta;Lejeuneaceae;Cheilolejeunea xanthocarpa;(Hornsch.) Hampe ex Müll. Hal.;-12.313333;-40.480833;Santos, IAM;43;Boas-Bastos, S. B. V;135048;ALCB;UFBA;44614;129
GBIF;Marchantiophyta;Lejeuneaceae;Cheilolejeunea xanthocarpa;(Hornsch.) Hampe ex Müll. Hal.;-12.313333;-40.480833;Freitas, R de;49-A;Freitas, R de;135057;ALCB;UFBA;44614;129
GBIF;Marchantiophyta;Lejeuneaceae;Cheilolejeunea xanthocarpa;(Hornsch.) Hampe ex Müll. Hal.;-12.313333;-40.480833;Freitas, R de;52-C;Freitas, R de;135058;ALCB;UFBA;44614;129
GBIF;Marchantiophyta;Lejeuneaceae;Cheilolejeunea xanthocarpa;(Hornsch.) Hampe ex Müll. Hal.;-12.313333;-40.480833;Freitas, R de;52-B;Freitas, R de;135062;ALCB;UFBA;44614;129
GBIF;Marchantiophyta;Lejeuneaceae;Cheilolejeunea xanthocarpa;(Hornsch.) Hampe ex Müll. Hal.;-12.313333;-40.480833;Santos, IAM;30;Santos, I. A. M.;135049;ALCB;UFBA;44614;129
GBIF;Marchantiophyta;Lejeuneaceae;Cheilolejeunea xanthocarpa;(Hornsch.) Hampe ex Müll. Hal.;-12.313333;-40.480833;Sara, A;39;Boas-Bastos, S. B. V;131864;ALCB;UFBA;44614;129
GBIF;Marchantiophyta;Lejeuneaceae;Cheilolejeunea xanthocarpa;(Hornsch.) Hampe ex Müll. Hal.;-12.313333;-40.480833;Sara, A;49;Boas-Bastos, S. B. V;131863;ALCB;UFBA;44614;129
GBIF;Marchantiophyta;Lejeuneaceae;Cheilolejeunea xanthocarpa;(Hornsch.) Hampe ex Müll. Hal.;-12.313333;-40.480833;Sara, A;55;Boas-Bastos, S. B. V;131862;ALCB;UFBA;44614;129
GBIF;Marchantiophyta;Lejeuneaceae;Cheilolejeunea xanthocarpa;(Hornsch.) Hampe ex Müll. Hal.;-12.313333;-40.480833;Sara, A;40;Boas-Bastos, S. B. V;131861;ALCB;UFBA;44614;129
GBIF;Marchantiophyta;Lejeuneaceae;Cheilolejeunea xanthocarpa;(Hornsch.) Hampe ex Müll. Hal.;-12.313333;-40.480833;Santos, IAM;23;Santos, I. A. M.;135087;ALCB;UFBA;44614;129
GBIF;Marchantiophyta;Lejeuneaceae;Colura tenuicornis;(Hornsch.) Hampe ex Müll. Hal.;-12.313333;-40.480833;Santos, I;20;Santos, I. A. M.;133015;ALCB;UFBA;44614;129
GBIF;Marchantiophyta;Lejeuneaceae;Diplasiolejeunea unidentata;(Hornsch.) Hampe ex Müll. Hal.;-12.313333;-40.480833;Rodrigues, K;40;Boas-Bastos, S. B. V;77310;ALCB;UFBA;44614;129
GBIF;Bryophyta;Sematophyllaceae;Donnellia commutata;(Hornsch.) Hampe ex Müll. Hal.;-12.313333;-40.480833;Freitas, R de;44;Freitas, R de;51744;ALCB;UFBA;44614;129
GBIF;Bryophyta;Sematophyllaceae;Donnellia commutata;(Hornsch.) Hampe ex Müll. Hal.;-12.313333;-40.480833;Freitas, R de;52-A;Freitas, R de;51723;ALCB;UFBA;44614;129
GBIF;Bryophyta;Sematophyllaceae;Donnellia commutata;(Hornsch.) Hampe ex Müll. Hal.;-12.313333;-40.480833;Rodrigues, K;33;Vilas Boas-Bastos, SB;51796;ALCB;UFBA;44614;129
GBIF;Bryophyta;Sematophyllaceae;Donnellia commutata;(Hornsch.) Hampe ex Müll. Hal.;-12.313333;-40.480833;Santos, IAM;37;Vilas Boas-Bastos, SB;61620;ALCB;UFBA;44614;129
GBIF;Bryophyta;Sematophyllaceae;Donnellia commutata;(Hornsch.) Hampe ex Müll. Hal.;-12.313333;-40.480833;Ramos, G;s/n;Vilas Boas-Bastos, SB;61621;ALCB;UFBA;44614;129
GBIF;Marchantiophyta;Lejeuneaceae;Drepanolejeunea araucariae;(Hornsch.) Hampe ex Müll. Hal.;-12.313333;-40.480833;Rodrigues, K;38;Boas-Bastos, S. B. V;71632;ALCB;UFBA;44614;129
GBIF;Marchantiophyta;Lejeuneaceae;Drepanolejeunea araucariae;(Hornsch.) Hampe ex Müll. Hal.;-12.313333;-40.480833;Freitas, R de;54;Freitas, R de;61600;ALCB;UFBA;44614;129
GBIF;Marchantiophyta;Lejeuneaceae;Drepanolejeunea araucariae;(Hornsch.) Hampe ex Müll. Hal.;-12.313333;-40.480833;Freitas, R de;36;Bastos, C.;61627;ALCB;UFBA;44614;129
GBIF;Marchantiophyta;Lejeuneaceae;Drepanolejeunea araucariae;(Hornsch.) Hampe ex Müll. Hal.;-12.313333;-40.480833;Freitas, R de;42;Bastos, C.;51657;ALCB;UFBA;44614;129
GBIF;Marchantiophyta;Lejeuneaceae;Drepanolejeunea araucariae;(Hornsch.) Hampe ex Müll. Hal.;-12.313333;-40.480833;Sara, A;58;Boas-Bastos, S. B. V;51706;ALCB;UFBA;44614;129
GBIF;Marchantiophyta;Lejeuneaceae;Drepanolejeunea araucariae;(Hornsch.) Hampe ex Müll. Hal.;-12.313333;-40.480833;Freitas, R de;53;Freitas, R de;51772;ALCB;UFBA;44614;129
GBIF;Marchantiophyta;Lejeuneaceae;Drepanolejeunea fragilis;(Hornsch.) Hampe ex Müll. Hal.;-12.313333;-40.480833;Freitas, R de;41;Freitas, R de;51671;ALCB;UFBA;44614;129
GBIF;Marchantiophyta;Lejeuneaceae;Drepanolejeunea fragilis;(Hornsch.) Hampe ex Müll. Hal.;-12.313333;-40.480833;Freitas, R de;49-B;Freitas, R de;51724;ALCB;UFBA;44614;129
GBIF;Marchantiophyta;Lejeuneaceae;Drepanolejeunea fragilis;(Hornsch.) Hampe ex Müll. Hal.;-12.313333;-40.480833;Santos, IAM;31;Santos, I. A. M.;51739;ALCB;UFBA;44614;129
GBIF;Marchantiophyta;Frullaniaceae;Frullania ericoides;(Müll. Hal.) A. Jaeger;-12.313333;-40.480833;Santos, IAM;24;Santos, I. A. M.;77157;ALCB;UFBA;44614;129
GBIF;Marchantiophyta;Frullaniaceae;Frullania ericoides;(Müll. Hal.) A. Jaeger;-12.313333;-40.480833;Santos, IAM;21;Santos, I. A. M.;77159;ALCB;UFBA;44614;129
GBIF;Marchantiophyta;Frullaniaceae;Frullania kunzei;(Müll. Hal.) A. Jaeger;-12.313333;-40.480833;Freitas, R de;37;Bastos, C.;71884;ALCB;UFBA;44614;129
GBIF;Marchantiophyta;Frullaniaceae;Frullania kunzei;(Müll. Hal.) A. Jaeger;-12.313333;-40.480833;Santos, IAM;34;Bastos, C.;71908;ALCB;UFBA;44614;129
GBIF;Marchantiophyta;Frullaniaceae;Frullania riojaneirensis;(Müll. Hal.) A. Jaeger;-12.313333;-40.480833;Rodrigues, K;24;Boas-Bastos, S. B. V;70384;ALCB;UFBA;44614;129
GBIF;Marchantiophyta;Lejeuneaceae;Harpalejeunea subacuta;(Müll. Hal.) A. Jaeger;-12.313333;-40.480833;Santos, IAM;43;Boas-Bastos, S. B. V;77303;ALCB;UFBA;44614;129
GBIF;Marchantiophyta;Lejeuneaceae;Harpalejeunea subacuta;(Müll. Hal.) A. Jaeger;-12.313333;-40.480833;Sara, A;41;Boas-Bastos, S. B. V;77996;ALCB;UFBA;44614;129
GBIF;Marchantiophyta;Lejeuneaceae;Lejeunea flava;Brid.;-12.313333;-40.480833;Freitas, R de;46;Bastos, C.;96460;ALCB;UFBA;44614;129
GBIF;Marchantiophyta;Lejeuneaceae;Lejeunea flava;Brid.;-12.313333;-40.480833;Santos, IAM;47;Boas-Bastos, S. B. V;79144;ALCB;UFBA;44614;129
GBIF;Marchantiophyta;Lejeuneaceae;Lejeunea flava;Brid.;-12.313333;-40.480833;Santos, IAM;33;Boas-Bastos, S. B. V;84578;ALCB;UFBA;44614;129
GBIF;Marchantiophyta;Lejeuneaceae;Lejeunea flava;Brid.;-12.313333;-40.480833;Rodrigues, K;44;Bastos, C.;84577;ALCB;UFBA;44614;129
GBIF;Marchantiophyta;Lejeuneaceae;Lejeunea flava;Brid.;-12.313333;-40.480833;Rodrigues, K;29;Boas-Bastos, S. B. V;96481;ALCB;UFBA;44614;129
GBIF;Bryophyta;Orthotrichaceae;Macrocoma brasiliensis;Brid.;-12.313333;-40.480833;Santos, IAM;29;Vilas Boas-Bastos, SB;123760;ALCB;UFBA;44614;129
GBIF;Bryophyta;Orthotrichaceae;Macrocoma brasiliensis;Brid.;-12.313333;-40.480833;Sara, A;43;Vilas Boas-Bastos, SB;123755;ALCB;UFBA;44614;129
GBIF;Bryophyta;Orthotrichaceae;Macrocoma brasiliensis;Brid.;-12.313333;-40.480833;Sara, A;46;Vilas Boas-Bastos, SB;123759;ALCB;UFBA;44614;129
GBIF;Bryophyta;Orthotrichaceae;Macrocoma tenuis subsp. sullivantii;(Schrad.) Dumort.;-12.313333;-40.480833;Rodrigues, K;34;Vilas Boas-Bastos, SB;123696;ALCB;UFBA;44614;129
GBIF;Bryophyta;Orthotrichaceae;Macrocoma tenuis subsp. sullivantii;C. Massal.;-12.313333;-40.480833;Santos, I;22;Vilas Boas-Bastos, SB;RB01355944;ALCB;UFBA;44614;129
GBIF;Bryophyta;Orthotrichaceae;Macrocoma tenuis subsp. sullivantii;C. Massal.;-12.313333;-40.480833;Sara, A;42;Vilas Boas-Bastos, SB;123757;ALCB;UFBA;44614;129
GBIF;Bryophyta;Orthotrichaceae;Macromitrium viticulosum;(Nees) Schiffn.;-12.313333;-40.480833;Rodrigues, K;30;Bastos, C.;123698;ALCB;UFBA;44614;129
GBIF;Bryophyta;Orthotrichaceae;Macromitrium viticulosum;(Nees) Schiffn.;-12.313333;-40.480833;Rodrigues, K;31;Vilas Boas-Bastos, SB;123688;ALCB;UFBA;44614;129
GBIF;Bryophyta;Orthotrichaceae;Macromitrium viticulosum;(Nees) Schiffn.;-12.313333;-40.480833;Rodrigues, K;36;Vilas Boas-Bastos, SB;RB01355965;ALCB;UFBA;44614;129
GBIF;Bryophyta;Orthotrichaceae;Macromitrium viticulosum;(Nees) Schiffn.;-12.313333;-40.480833;Santos, IAM;46;Vilas Boas-Bastos, SB;123690;ALCB;UFBA;44614;129
GBIF;Bryophyta;Orthotrichaceae;Macromitrium viticulosum;(Nees) Schiffn.;-12.313333;-40.480833;Freitas, R de;48;Vilas Boas-Bastos, SB;123699;ALCB;UFBA;44614;129
GBIF;Bryophyta;Orthotrichaceae;Macromitrium viticulosum;(Nees) Schiffn.;-12.313333;-40.480833;Freitas, R de;47;Bastos, C.;123685;ALCB;UFBA;44614;129
GBIF;Marchantiophyta;Lejeuneaceae;Microlejeunea cystifera;(Nees) Schiffn.;-12.313333;-40.480833;Rodrigues, K;41;Boas-Bastos, S. B. V;146882;ALCB;UFBA;44614;129
GBIF;Marchantiophyta;Lejeuneaceae;Microlejeunea cystifera;(Mitt.) Vitt;-12.313333;-40.480833;Santos, IAM;40;Boas-Bastos, S. B. V;146884;ALCB;UFBA;44614;129
GBIF;Marchantiophyta;Lejeuneaceae;Microlejeunea cystifera;(Mitt.) Vitt;-12.313333;-40.480833;Freitas, R de;40;Freitas, R de;146883;ALCB;UFBA;44614;129
GBIF;Marchantiophyta;Lejeuneaceae;Microlejeunea cystifera;(Mitt.) Vitt;-12.313333;-40.480833;Freitas, R de;45;Freitas, R de;146885;ALCB;UFBA;44614;129
GBIF;Marchantiophyta;Lejeuneaceae;Microlejeunea cystifera;(Mitt.) Vitt;-12.313333;-40.480833;Freitas, R de;50;Bastos, C.;146893;ALCB;UFBA;44614;129
GBIF;Marchantiophyta;Lejeuneaceae;Microlejeunea cystifera;(Mitt.) Vitt;-12.313333;-40.480833;Sara, A;72;Boas-Bastos, S. B. V;191561;ALCB;UFBA;44614;129
GBIF;Marchantiophyta;Lejeuneaceae;Microlejeunea cystifera;(Müll. Hal.) Vitt;-12.313333;-40.480833;Sara, A;47;Boas-Bastos, S. B. V;191563;ALCB;UFBA;44614;129
GBIF;Marchantiophyta;Lejeuneaceae;Microlejeunea cystifera;(Raddi) Wijk & Margad.;-12.313333;-40.480833;Sara, A;54;Boas-Bastos, S. B. V;191560;ALCB;UFBA;44614;129
GBIF;Marchantiophyta;Lejeuneaceae;Microlejeunea cystifera;(Raddi) Wijk & Margad.;-12.313333;-40.470833;Freitas, R de;51;Boas-Bastos, S. B. V;170718;ALCB;UFBA;44614;129
GBIF;Marchantiophyta;Lejeuneaceae;Microlejeunea epiphylla;(Hook. & Grev.) Vitt;-12.313333;-40.480833;Rodrigues, K;42;Bastos, C.;125638;ALCB;UFBA;44614;129
GBIF;Marchantiophyta;Lejeuneaceae;Microlejeunea epiphylla;(Hook. & Grev.) Vitt;-12.313333;-40.480833;Santos, IAM;19;Boas-Bastos, S. B. V;120011;ALCB;UFBA;44614;129
GBIF;Marchantiophyta;Lejeuneaceae;Microlejeunea epiphylla;(Hook. & Grev.) Vitt;-12.313333;-40.480833;Rodrigues, K;18;Rodrigues, K;87500;ALCB;UFBA;44614;129
GBIF;Marchantiophyta;Lejeuneaceae;Microlejeunea epiphylla;(Müll. Hal.) Vitt;-12.313333;-40.480833;Santos, IAM;27;Santos, I. A. M.;146894;ALCB;UFBA;44614;129
GBIF;Marchantiophyta;Lejeuneaceae;Microlejeunea epiphylla;(Müll. Hal.) Vitt;-12.313333;-40.480833;Sara, A;53;Boas-Bastos, S. B. V;133066;ALCB;UFBA;44614;129
GBIF;Marchantiophyta;Lejeuneaceae;Microlejeunea epiphylla;(Müll. Hal.) Vitt;-12.313333;-40.480833;Sara, A;48;Boas-Bastos, S. B. V;87502;ALCB;UFBA;44614;129
GBIF;Marchantiophyta;Lejeuneaceae;Microlejeunea epiphylla;(Müll. Hal.) Vitt;-12.313333;-40.480833;Freitas, R de;38;Freitas, R de;146895;ALCB;UFBA;44614;129
GBIF;Marchantiophyta;Plagiochilaceae;Plagiochila corrugata;(Müll. Hal.) Vitt;-12.313333;-40.480833;Rodrigues, K;43;Bastos, C.;PC0728248;ALCB;UFBA;44614;129
GBIF;Marchantiophyta;Plagiochilaceae;Plagiochila corrugata;(Müll. Hal.) Vitt;-12.313333;-40.480833;Rodrigues, K;28;Boas-Bastos, S. B. V;02749427;ALCB;UFBA;44614;129
GBIF;Bryophyta;Orthotrichaceae;Schlotheimia rugifolia;(Hook. & Grev.) Schwägr.;-12.313333;-40.480833;Santos, IAM;36;Vilas Boas-Bastos, SB;84916C;ALCB;UFBA;44614;129
GBIF;Bryophyta;Calymperaceae;Syrrhopodon parasiticus;(Hook. & Grev.) Schwägr.;-12.313333;-40.480833;Sara, A;44;Vilas Boas-Bastos, SB;191273;ALCB;UFBA;44614;129
GBIF;Marchantiophyta;Lejeuneaceae;Acrolejeunea torulosa;(Hook. & Grev.) Schwägr.;-12.299722;-40.486944;Freitas, R de;12-A;Freitas, R de;102499855;ALCB;UFBA;44615;130
GBIF;Marchantiophyta;Lejeuneaceae;Acrolejeunea torulosa;(Hook. & Grev.) Schwägr.;-12.299722;-40.486944;Bastos, C;5530;Boas-Bastos, S. B. V;137612;ALCB;UFBA;44615;130
GBIF;Marchantiophyta;Lejeuneaceae;Acrolejeunea torulosa;(Hook. & Grev.) Schwägr.;-12.299722;-40.486944;Bastos, C;5517;Boas-Bastos, S. B. V;90143527;ALCB;UFBA;44615;130
GBIF;Marchantiophyta;Lejeuneaceae;Acrolejeunea torulosa;(Hook. & Grev.) Schwägr.;-12.299722;-40.486944;Bastos, C;5513;Boas-Bastos, S. B. V;132984;ALCB;UFBA;44615;130
GBIF;Marchantiophyta;Lejeuneaceae;Acrolejeunea torulosa;(Hook. & Grev.) Schwägr.;-12.299722;-40.486944;Sara, A;21;Boas-Bastos, S. B. V;132983;ALCB;UFBA;44615;130
GBIF;Bryophyta;Bryaceae;Rosulabryum capillare;(Hook. & Grev.) Schwägr.;-12.309167;-40.481389;Bastos, C;5542;Vilas Boas-Bastos, SB;131823;ALCB;UFBA;44615;130
GBIF;Bryophyta;Bryaceae;Rosulabryum capillare;(Hook. & Grev.) Schwägr.;-12.303889;-40.484167;Sara, A;51;Vilas Boas-Bastos, SB;87736;ALCB;UFBA;44615;130
GBIF;Bryophyta;Bryaceae;Rosulabryum capillare;(Hook. & Grev.) Schwägr.;-12.302778;-40.484722;Sara, A;34;Vilas Boas-Bastos, SB;131825;ALCB;UFBA;44615;130
GBIF;Bryophyta;Bryaceae;Rosulabryum capillare;(Hook. & Grev.) Schwägr.;-12.302778;-40.484722;Sara, A;57;Vilas Boas-Bastos, SB;134999;ALCB;UFBA;44615;130
GBIF;Bryophyta;Bryaceae;Rosulabryum capillare;(Hook. & Grev.) Schwägr.;-12.299722;-40.486944;Bastos, C;5509;Vilas Boas-Bastos, SB;090262;ALCB;UFBA;44615;130
GBIF;Bryophyta;Bryaceae;Gemmabryum coronatum;(Hook. & Grev.) Schwägr.;-12.302778;-40.484722;Freitas, R de;29;Bastos, C.;51268;ALCB;UFBA;44615;130
GBIF;Bryophyta;Bryaceae;Gemmabryum coronatum;(Hook. & Grev.) Schwägr.;-12.302778;-40.484722;Sara, A;31;Bastos, C.;51271;ALCB;UFBA;44615;130
GBIF;Bryophyta;Bryaceae;Gemmabryum coronatum;Hampe;-12.302778;-40.484722;Freitas, R de;32;Bastos, C.;51322;ALCB;UFBA;44615;130
GBIF;Bryophyta;Bryaceae;Gemmabryum coronatum;Hampe;-12.302778;-40.484722;Freitas, R de;34;Bastos, C.;51272;ALCB;UFBA;44615;130
GBIF;Bryophyta;Bryaceae;Gemmabryum coronatum;(Raddi) Brid.;-12.302778;-40.484722;Bastos, C;5540;Bastos, C.;51338;ALCB;UFBA;44615;130
GBIF;Bryophyta;Bryaceae;Gemmabryum coronatum;(Raddi) Brid.;-12.299722;-40.486944;Santos, I;05;Bastos, C.;51324;ALCB;UFBA;44615;130
GBIF;Bryophyta;Bryaceae;Gemmabryum coronatum;(Raddi) Brid.;-12.299722;-40.486944;Freitas, R de;15;Bastos, C.;51285;ALCB;UFBA;44615;130
GBIF;Bryophyta;Bryaceae;Gemmabryum coronatum;(Raddi) Brid.;-12.299722;-40.486944;Freitas, R de;19;Bastos, C.;51302;ALCB;UFBA;44615;130
GBIF;Bryophyta;Bryaceae;Gemmabryum coronatum;(Raddi) Brid.;-12.299722;-40.486944;Freitas, R de;25;Bastos, C.;51287;ALCB;UFBA;44615;130
GBIF;Bryophyta;Bryaceae;Gemmabryum coronatum;(Raddi) Brid.;-12.299722;-40.486944;Freitas, R de;27;Bastos, C.;51276;ALCB;UFBA;44615;130
GBIF;Bryophyta;Bryaceae;Gemmabryum coronatum;(Raddi) Brid.;-12.299722;-40.486944;Sara, A;09;Bastos, C.;51290;ALCB;UFBA;44615;130
GBIF;Bryophyta;Bryaceae;Gemmabryum coronatum;(Raddi) Brid.;-12.299722;-40.486944;Vilas Boas-Bastos, SB;2606;Bastos, C.;51298;ALCB;UFBA;44615;130
GBIF;Bryophyta;Bryaceae;Gemmabryum coronatum;(Raddi) Brid.;-12.299722;-40.486944;Sara, A;10;Vilas Boas-Bastos, SB;131245;ALCB;UFBA;44615;130
GBIF;Bryophyta;Bryaceae;Gemmabryum coronatum;(Raddi) Brid.;-12.299722;-40.486944;Sara, A;29;Vilas Boas-Bastos, SB;131246;ALCB;UFBA;44615;130
GBIF;Bryophyta;Bryaceae;Rosulabryum densifolium;(Raddi) Brid.;-12.299722;-40.486944;Vilas Boas-Bastos, SB;2632;Vilas Boas-Bastos, SB;80154;ALCB;UFBA;44615;130
GBIF;Bryophyta;Leucobryaceae;Campylopus pilifer;(Raddi) Brid.;-12.303889;-40.484167;Sara, A;38;Vilas Boas-Bastos, SB;119538;ALCB;UFBA;44615;130
GBIF;Bryophyta;Leucobryaceae;Campylopus savannarum;(Sw.) Schiffn.;-12.309167;-40.481389;Bastos, C;5343;Vilas Boas-Bastos, SB;119240;ALCB;UFBA;44615;130
GBIF;Bryophyta;Leucobryaceae;Campylopus savannarum;(Sw.) Schiffn.;-12.303889;-40.484167;Sara, A;56;Vilas Boas-Bastos, SB;119670;ALCB;UFBA;44615;130
GBIF;Bryophyta;Leucobryaceae;Campylopus savannarum;(Sw.) Schiffn.;-12.303889;-40.484167;Sara, A;33;Vilas Boas-Bastos, SB;119619;ALCB;UFBA;44615;130
GBIF;Bryophyta;Leucobryaceae;Campylopus savannarum;(Sw.) Schiffn.;-12.303889;-40.484167;Sara, A;59;Vilas Boas-Bastos, SB;119620;ALCB;UFBA;44615;130
GBIF;Bryophyta;Leucobryaceae;Campylopus savannarum;(Sw.) Schiffn.;-12.302778;-40.484722;Freitas, R de;30;Bastos, C.;119449;ALCB;UFBA;44615;130
GBIF;Bryophyta;Leucobryaceae;Campylopus trachyblepharon;(Sw.) Schiffn.;-12.309167;-40.481389;Bastos, C;5601;Vilas Boas-Bastos, SB;119228;ALCB;UFBA;44615;130
GBIF;Bryophyta;Leucobryaceae;Campylopus trachyblepharon;(Sw.) Schiffn.;-12.303889;-40.484167;Santos, I;32;Bastos, C.;119232;ALCB;UFBA;44615;130
GBIF;Bryophyta;Leucobryaceae;Campylopus trachyblepharon;(Sw.) Schiffn.;-12.303889;-40.484167;Freitas, R de;33;Bastos, C.;119549;ALCB;UFBA;44615;130
GBIF;Bryophyta;Leucobryaceae;Campylopus trachyblepharon;(Sw.) Schiffn.;-12.303889;-40.484167;Bastos, C;5539;Vilas Boas-Bastos, SB;119334;ALCB;UFBA;44615;130
GBIF;Bryophyta;Leucobryaceae;Campylopus trachyblepharon;(Sw.) Schiffn.;-12.302778;-40.484722;Sara, A;36;Vilas Boas-Bastos, SB;119450;ALCB;UFBA;44615;130
GBIF;Marchantiophyta;Lejeuneaceae;Cheilolejeunea conchifolia;(Sw.) Schiffn.;-12.299722;-40.486944;Freitas, R de;03-A;Freitas, R de;119768;ALCB;UFBA;44615;130
GBIF;Marchantiophyta;Lejeuneaceae;Cheilolejeunea intertexta;(Sw.) Schiffn.;-12.299722;-40.486944;Freitas, R de;6;Freitas, R de;119405;ALCB;UFBA;44615;130
GBIF;Marchantiophyta;Lejeuneaceae;Cheilolejeunea intertexta;(Sw.) Schiffn.;-12.299722;-40.486944;Santos, IAM;10;Santos, I. A. M.;119403;ALCB;UFBA;44615;130
GBIF;Marchantiophyta;Lejeuneaceae;Cheilolejeunea intertexta;(Sw.) Schiffn.;-12.299722;-40.486944;Bastos, C;5519;Bastos, C.;119386;ALCB;UFBA;44615;130
GBIF;Marchantiophyta;Lejeuneaceae;Cheilolejeunea intertexta;(Sw.) Schiffn.;-12.299722;-40.486944;Bastos, C;5511-A;Boas-Bastos, S. B. V;119433;ALCB;UFBA;44615;130
GBIF;Marchantiophyta;Lejeuneaceae;Cheilolejeunea intertexta;(Sw.) Schiffn.;-12.299722;-40.486944;Vilas Boas-Bastos, SB;2605;Boas-Bastos, S. B. V;119308;ALCB;UFBA;44615;130
GBIF;Marchantiophyta;Lejeuneaceae;Cheilolejeunea savannae;(Sw.) Schiffn.;-12.299722;-40.486944;Rodrigues, K;11;Bastos, C.;137665;ALCB;UFBA;44615;130
GBIF;Marchantiophyta;Lejeuneaceae;Cheilolejeunea unciloba;(Sw.) Schiffn.;-12.299722;-40.486944;Bastos, C;5526;Bastos, C.;28190;ALCB;UFBA;44615;130
GBIF;Marchantiophyta;Lejeuneaceae;Cheilolejeunea unciloba;(Sw.) Schiffn.;-12.299722;-40.486944;Rodrigues, K;4;Bastos, C.;28191;ALCB;UFBA;44615;130
GBIF;Marchantiophyta;Lejeuneaceae;Cololejeunea dauphinii;(Sw.) Schiffn.;-12.299722;-40.486944;Freitas, R de;1;Boas-Bastos, S. B. V;49719;ALCB;UFBA;44615;130
GBIF;Marchantiophyta;Cephaloziellaceae;Cylindrocolea planifolia;(Sw.) Schiffn.;-12.299722;-40.486944;Sara, A;23;Boas-Bastos, S. B. V;87730;ALCB;UFBA;44615;130
GBIF;Marchantiophyta;Cephaloziellaceae;Cylindrocolea planifolia;(Sw.) Schiffn.;-12.299722;-40.486944;Santos, IAM;2;Santos, I. A. M.;ALCB018562;ALCB;UFBA;44615;130
GBIF;Marchantiophyta;Cephaloziellaceae;Cylindrocolea rhizantha;(Sw.) Schiffn.;-12.302778;-40.484722;Freitas, R de;31;Bastos, C.;77842;ALCB;UFBA;44615;130
GBIF;Marchantiophyta;Cephaloziellaceae;Cylindrocolea rhizantha;(Sw.) Schiffn.;-12.299722;-40.486944;Sara, A;12;Boas-Bastos, S. B. V;79064;ALCB;UFBA;44615;130
GBIF;Marchantiophyta;Cephaloziellaceae;Cylindrocolea rhizantha;(Sw.) Schiffn.;-12.299722;-40.486944;Santos, IAM;7;Santos, I. A. M.;79065;ALCB;UFBA;44615;130
GBIF;Bryophyta;Sematophyllaceae;Donnellia commutata;(Sw.) Schiffn.;-12.303889;-40.484167;Bastos, C;5544;Vilas Boas-Bastos, SB;61618;ALCB;UFBA;44615;130
GBIF;Marchantiophyta;Lejeuneaceae;Drepanolejeunea araucariae;(Sw.) Schiffn.;-12.303889;-40.484167;Rodrigues, K;21;Bastos, C.;51759;ALCB;UFBA;44615;130
GBIF;Bryophyta;Stereophyllaceae;Entodontopsis leucostega;(Sw.) Schiffn.;-12.299722;-40.486944;Sara, A;30;Bastos, C.;70505;ALCB;UFBA;44615;130
GBIF;Bryophyta;Stereophyllaceae;Entodontopsis leucostega;(Sw.) Schiffn.;-12.299722;-40.486944;Sara, A;20;Vilas Boas-Bastos, SB;70512;ALCB;UFBA;44615;130
GBIF;Bryophyta;Stereophyllaceae;Entodontopsis leucostega;(Sw.) Schiffn.;-12.299722;-40.486944;Freitas, R de;14;Bastos, C.;70507;ALCB;UFBA;44615;130
GBIF;Bryophyta;Stereophyllaceae;Entodontopsis leucostega;(Sw.) Schiffn.;-12.299722;-40.486944;Freitas, R de;22;Bastos, C.;70509;ALCB;UFBA;44615;130
GBIF;Bryophyta;Stereophyllaceae;Entodontopsis leucostega;(Sw.) Schiffn.;-12.299722;-40.486944;Freitas, R de;23;Bastos, C.;70506;ALCB;UFBA;44615;130
GBIF;Bryophyta;Stereophyllaceae;Entodontopsis leucostega;(Sw.) Schiffn.;-12.299722;-40.486944;Sara, A;01;Vilas Boas-Bastos, SB;70508;ALCB;UFBA;44615;130
GBIF;Bryophyta;Stereophyllaceae;Entodontopsis leucostega;(Sw.) Schiffn.;-12.299722;-40.486944;Sara, A;02;Vilas Boas-Bastos, SB;70518;ALCB;UFBA;44615;130
GBIF;Bryophyta;Stereophyllaceae;Entodontopsis leucostega;(Sw.) Schiffn.;-12.299722;-40.486944;Sara, A;19;Vilas Boas-Bastos, SB;70520;ALCB;UFBA;44615;130
GBIF;Bryophyta;Stereophyllaceae;Entodontopsis leucostega;(Sw.) Schiffn.;-12.299722;-40.486944;Vilas Boas-Bastos, SB;2602;Vilas Boas-Bastos, SB;70519;ALCB;UFBA;44615;130
GBIF;Bryophyta;Stereophyllaceae;Entodontopsis leucostega;(Sw.) Schiffn.;-12.299722;-40.486944;Vilas Boas-Bastos, SB;2608;Vilas Boas-Bastos, SB;70511;ALCB;UFBA;44615;130
GBIF;Bryophyta;Stereophyllaceae;Entodontopsis leucostega;(Sw.) Schiffn.;-12.299722;-40.486944;Bastos, C;5510;Vilas Boas-Bastos, SB;70516;ALCB;UFBA;44615;130
GBIF;Bryophyta;Stereophyllaceae;Entodontopsis leucostega;(Sw.) Schiffn.;-12.299722;-40.486944;Bastos, C;5515;Vilas Boas-Bastos, SB;70510;ALCB;UFBA;44615;130
GBIF;Bryophyta;Stereophyllaceae;Entodontopsis leucostega;(Sw.) Schiffn.;-12.299722;-40.486944;Bastos, C;5520;Vilas Boas-Bastos, SB;70514;ALCB;UFBA;44615;130
GBIF;Bryophyta;Stereophyllaceae;Entodontopsis leucostega;(Sw.) Schiffn.;-12.299722;-40.486944;Bastos, C;5521;Vilas Boas-Bastos, SB;70475;ALCB;UFBA;44615;130
GBIF;Bryophyta;Fabroniaceae;Fabronia ciliaris var. polycarpa;(Sw.) Schiffn.;-12.299722;-40.486944;Sara, A;21-A;Vilas Boas-Bastos, SB;51560;ALCB;UFBA;44615;130
GBIF;Bryophyta;Fissidentaceae;Fissidens serratus;(Sw.) Schiffn.;-12.299722;-40.486944;Santos, I;06;Bastos, C.;72366;ALCB;UFBA;44615;130
GBIF;Bryophyta;Fissidentaceae;Fissidens serratus;(Müll. Hal.) Manuel;-12.299722;-40.486944;Santos, I;11;Bastos, C.;77862;ALCB;UFBA;44615;130
GBIF;Bryophyta;Fissidentaceae;Fissidens serratus;(Müll. Hal.) Manuel;-12.299722;-40.486944;Santos, I;15;Bastos, C.;72562;ALCB;UFBA;44615;130
GBIF;Bryophyta;Fissidentaceae;Fissidens serratus;(Müll. Hal.) Manuel;-12.299722;-40.486944;Santos, I;01;Bastos, C.;72570;ALCB;UFBA;44615;130
GBIF;Bryophyta;Fissidentaceae;Fissidens serratus;(Müll. Hal.) Manuel;-12.299722;-40.486944;Freitas, R de;20;Bastos, C.;77858;ALCB;UFBA;44615;130
GBIF;Bryophyta;Fissidentaceae;Fissidens serratus;(Müll. Hal.) Manuel;-12.299722;-40.486944;Sara, A;22;Bastos, C.;77861;ALCB;UFBA;44615;130
GBIF;Bryophyta;Fissidentaceae;Fissidens serratus;(Müll. Hal.) Manuel;-12.299722;-40.486944;Sara, A;28;Bastos, C.;77852;ALCB;UFBA;44615;130
GBIF;Bryophyta;Fissidentaceae;Fissidens serratus;(Hornsch. ex Müll. Hal.) Mitt.;-12.299722;-40.486944;Bastos, C;5509-A;Vilas Boas-Bastos, SB;77834;ALCB;UFBA;44615;130
GBIF;Bryophyta;Fissidentaceae;Fissidens serratus;(Hornsch. ex Müll. Hal.) Mitt.;-12.299722;-40.486944;Bastos, C;5529;Vilas Boas-Bastos, SB;77833;ALCB;UFBA;44615;130
GBIF;Bryophyta;Fissidentaceae;Fissidens spuriolimbatus;(Sw. ex Hedw.) Dozy & Molk.;-12.299722;-40.486944;Santos, I;14;Bastos, C.;72191;ALCB;UFBA;44615;130
GBIF;Bryophyta;Fissidentaceae;Fissidens submarginatus;(Sw. ex Hedw.) Dozy & Molk.;-12.299722;-40.486944;Freitas, R de;09;Freitas, R de;72194;ALCB;UFBA;44615;130
GBIF;Marchantiophyta;Frullaniaceae;Frullania caulisequa;(Sw. ex Hedw.) Dozy & Molk.;-12.299722;-40.486944;Freitas, R de;3;Freitas, R de;71666;ALCB;UFBA;44615;130
GBIF;Marchantiophyta;Frullaniaceae;Frullania caulisequa;Spruce;-12.299722;-40.486944;Bastos, C;5514;Boas-Bastos, S. B. V;71958;ALCB;UFBA;44615;130
GBIF;Marchantiophyta;Frullaniaceae;Frullania ericoides;Spruce;-12.299722;-40.486944;Freitas, R de;16;Bastos, C.;77158;ALCB;UFBA;44615;130
GBIF;Marchantiophyta;Frullaniaceae;Frullania ericoides;Spruce;-12.299722;-40.486944;Freitas, R de;13;Bastos, C.;79227;ALCB;UFBA;44615;130
GBIF;Marchantiophyta;Frullaniaceae;Frullania ericoides;Spruce;-12.299722;-40.486944;Freitas, R de;18;Bastos, C.;123986;ALCB;UFBA;44615;130
GBIF;Marchantiophyta;Frullaniaceae;Frullania ericoides;Schiffn.;-12.299722;-40.486944;Sara, A;24;Bastos, C.;123958A;ALCB;UFBA;44615;130
GBIF;Marchantiophyta;Frullaniaceae;Frullania ericoides;Schiffn.;-12.299722;-40.486944;Sara, A;6;Bastos, C.;77172;ALCB;UFBA;44615;130
GBIF;Marchantiophyta;Frullaniaceae;Frullania ericoides;Raddi;-12.299722;-40.486944;Sara, A;3;Boas-Bastos, S. B. V;77180;ALCB;UFBA;44615;130
GBIF;Marchantiophyta;Frullaniaceae;Frullania ericoides;Raddi;-12.299722;-40.486944;Sara, A;11;Boas-Bastos, S. B. V;77181A;ALCB;UFBA;44615;130
GBIF;Marchantiophyta;Frullaniaceae;Frullania ericoides;Raddi;-12.299722;-40.486944;Sara, A;27;Boas-Bastos, S. B. V;77202;ALCB;UFBA;44615;130
GBIF;Marchantiophyta;Frullaniaceae;Frullania ericoides;Raddi;-12.299722;-40.486944;Freitas, R de;5;Freitas, R de;72568;ALCB;UFBA;44615;130
GBIF;Marchantiophyta;Frullaniaceae;Frullania ericoides;Lindb.;-12.299722;-40.486944;Freitas, R de;26;Bastos, C.;77831;ALCB;UFBA;44615;130
GBIF;Marchantiophyta;Frullaniaceae;Frullania ericoides;Lindb.;-12.299722;-40.486944;Bastos, C;5512;Boas-Bastos, S. B. V;72560;ALCB;UFBA;44615;130
GBIF;Marchantiophyta;Frullaniaceae;Frullania ericoides;Spruce;-12.299722;-40.486944;Vilas Boas-Bastos, SB;2601;Boas-Bastos, S. B. V;72558;ALCB;UFBA;44615;130
GBIF;Marchantiophyta;Frullaniaceae;Frullania ericoides;(L.) Corda;-12.299722;-40.486944;Vilas Boas-Bastos, SB;2607;Boas-Bastos, S. B. V;72554;ALCB;UFBA;44615;130
GBIF;Marchantiophyta;Frullaniaceae;Frullania ericoides;(L.) Corda;-12.299722;-40.486944;Vilas Boas-Bastos, SB;2600;Boas-Bastos, S. B. V;72555;ALCB;UFBA;44615;130
GBIF;Marchantiophyta;Frullaniaceae;Frullania ericoides;(L.) Corda;-12.299722;-40.486944;Vilas Boas-Bastos, SB;2609;Boas-Bastos, S. B. V;72561;ALCB;UFBA;44615;130
GBIF;Marchantiophyta;Frullaniaceae;Frullania ericoides;(L.) Corda;-12.299722;-40.486944;Freitas, R de;10;Freitas, R de;72574;ALCB;UFBA;44615;130
GBIF;Marchantiophyta;Frullaniaceae;Frullania ericoides;(L.) Corda;-12.299722;-40.486944;Freitas, R de;4;Freitas, R de;72575;ALCB;UFBA;44615;130
GBIF;Marchantiophyta;Frullaniaceae;Frullania ericoides;(L.) Corda;-12.299722;-40.486944;Santos, IAM;12;Santos, I. A. M.;123793;ALCB;UFBA;44615;130
GBIF;Marchantiophyta;Frullaniaceae;Frullania kunzei;(L.) Corda;-12.303889;-40.484167;Bastos, C;5541;Boas-Bastos, S. B. V;71873;ALCB;UFBA;44615;130
GBIF;Marchantiophyta;Frullaniaceae;Frullania kunzei;Kuwah.;-12.299722;-40.486944;Freitas, R de;28;Bastos, C.;71870;ALCB;UFBA;44615;130
GBIF;Marchantiophyta;Frullaniaceae;Frullania kunzei;Steph.;-12.299722;-40.486944;Sara, A;26;Bastos, C.;71883;ALCB;UFBA;44615;130
GBIF;Marchantiophyta;Frullaniaceae;Frullania kunzei;Steph.;-12.299722;-40.486944;Sara, A;18;Bastos, C.;71862;ALCB;UFBA;44615;130
GBIF;Marchantiophyta;Frullaniaceae;Frullania kunzei;Steph.;-12.299722;-40.486944;Bastos, C;5528;Boas-Bastos, S. B. V;71882;ALCB;UFBA;44615;130
GBIF;Marchantiophyta;Frullaniaceae;Frullania kunzei;Steph.;-12.299722;-40.486944;Bastos, C;5532;Boas-Bastos, S. B. V;70390;ALCB;UFBA;44615;130
GBIF;Marchantiophyta;Frullaniaceae;Frullania kunzei;Steph.;-12.299722;-40.486944;Bastos, C;5518;Boas-Bastos, S. B. V;96228;ALCB;UFBA;44615;130
GBIF;Marchantiophyta;Frullaniaceae;Frullania kunzei;Steph.;-12.299722;-40.486944;Sara, A;16;Boas-Bastos, S. B. V;71891;ALCB;UFBA;44615;130
GBIF;Marchantiophyta;Frullaniaceae;Frullania kunzei;Steph.;-12.299722;-40.486944;Sara, A;4;Boas-Bastos, S. B. V;71866;ALCB;UFBA;44615;130
GBIF;Marchantiophyta;Frullaniaceae;Frullania kunzei;Spruce;-12.299722;-40.486944;Vilas Boas-Bastos, SB;2604;Boas-Bastos, S. B. V;71886;ALCB;UFBA;44615;130
GBIF;Marchantiophyta;Frullaniaceae;Frullania kunzei;Lindenb. & Gottsche;-12.299722;-40.486944;Vilas Boas-Bastos, SB;2599;Boas-Bastos, S. B. V;71901;ALCB;UFBA;44615;130
GBIF;Marchantiophyta;Frullaniaceae;Frullania kunzei;Lindb.;-12.299722;-40.486944;Freitas, R de;02-B;Freitas, R de;71887;ALCB;UFBA;44615;130
GBIF;Marchantiophyta;Frullaniaceae;Frullania kunzei;Lindb.;-12.299722;-40.486944;Santos, IAM;16;Santos, I. A. M.;96423;ALCB;UFBA;44615;130
GBIF;Marchantiophyta;Frullaniaceae;Frullania kunzei;Lindb.;-12.299722;-40.486944;Santos, IAM;17;Santos, I. A. M.;71890;ALCB;UFBA;44615;130
GBIF;Marchantiophyta;Lejeuneaceae;Frullanoides corticalis;Lindb.;-12.299722;-40.486944;Bastos, C;5511;Boas-Bastos, S. B. V;72502;ALCB;UFBA;44615;130
GBIF;Marchantiophyta;Lejeuneaceae;Frullanoides corticalis;Lindb.;-12.299722;-40.486944;Vilas Boas-Bastos, SB;2603;Boas-Bastos, S. B. V;72501;ALCB;UFBA;44615;130
GBIF;Marchantiophyta;Lejeuneaceae;Lejeunea flava;A. Evans;-12.303889;-40.484167;Rodrigues, K;25;Boas-Bastos, S. B. V;96452;ALCB;UFBA;44615;130
GBIF;Marchantiophyta;Lejeuneaceae;Lejeunea phyllobola;A. Evans;-12.299722;-40.486944;Rodrigues, K;12;Bastos, C.;79435;ALCB;UFBA;44615;130
GBIF;Marchantiophyta;Lejeuneaceae;Lejeunea phyllobola;A. Evans;-12.299722;-40.486944;Santos, I;18;Bastos, C.;79434;ALCB;UFBA;44615;130
GBIF;Marchantiophyta;Lejeuneaceae;Lejeunea setiloba;A. Evans;-12.299722;-40.486944;Sara, A;17;Boas-Bastos, S. B. V;51631;ALCB;UFBA;44615;130
GBIF;Marchantiophyta;Lejeuneaceae;Lejeunea setiloba;(Hedw.) W.R. Buck;-12.299722;-40.486944;Bastos, C;5523;Boas-Bastos, S. B. V;77722;ALCB;UFBA;44615;130
GBIF;Marchantiophyta;Lejeuneaceae;Lejeunea trinitensis;(Hedw.) W.R. Buck;-12.299722;-40.486944;Freitas, R de;26-A;Bastos, C.;79239;ALCB;UFBA;44615;130
GBIF;Marchantiophyta;Lejeuneaceae;Lejeunea trinitensis;(Hedw.) W.R. Buck;-12.299722;-40.486944;Rodrigues, K;3;Bastos, C.;79104;ALCB;UFBA;44615;130
GBIF;Marchantiophyta;Lejeuneaceae;Microlejeunea epiphylla;(Hedw.) W.R. Buck;-12.299722;-40.486944;Freitas, R de;02-A;Freitas, R de;88384;ALCB;UFBA;44615;130
GBIF;Marchantiophyta;Lejeuneaceae;Myriocoleopsis minutissima;(Hedw.) W.R. Buck;-12.299722;-40.486944;Freitas, R de;24;Bastos, C.;191424;ALCB;UFBA;44615;130
GBIF;Marchantiophyta;Lejeuneaceae;Myriocoleopsis minutissima subsp. myriocarpa;(Hedw.) W.R. Buck;-12.299722;-40.486944;Freitas, R de;21;Bastos, C.;191428;ALCB;UFBA;44615;130
GBIF;Marchantiophyta;Lejeuneaceae;Myriocoleopsis minutissima subsp. myriocarpa;(Hedw.) W.R. Buck;-12.299722;-40.486944;Bastos, C;5538;Boas-Bastos, S. B. V;191466;ALCB;UFBA;44615;130
GBIF;Marchantiophyta;Lejeuneaceae;Myriocoleopsis minutissima subsp. myriocarpa;(Hedw.) W.R. Buck;-12.299722;-40.486944;Freitas, R de;70-B;Freitas, R de;150161;ALCB;UFBA;44615;130
GBIF;Bryophyta;Octoblepharaceae;Octoblepharum albidum;(Hedw.) W.R. Buck;-12.299722;-40.486944;Vilas Boas-Bastos, SB;2598;Vilas Boas-Bastos, SB;84330;ALCB;UFBA;44615;130
GBIF;Marchantiophyta;Lejeuneaceae;Schiffneriolejeunea polycarpa;(Hedw.) W.R. Buck;-12.299722;-40.486944;Freitas, R de;17;Bastos, C.;84936C;ALCB;UFBA;44615;130
GBIF;Marchantiophyta;Lejeuneaceae;Schiffneriolejeunea polycarpa;(Hedw.) W.R. Buck;-12.299722;-40.486944;Sara, A;13;Bastos, C.;84942C;ALCB;UFBA;44615;130
GBIF;Marchantiophyta;Lejeuneaceae;Schiffneriolejeunea polycarpa;(Hedw.) W.R. Buck;-12.299722;-40.486944;Freitas, R de;8;Freitas, R de;84948;ALCB;UFBA;44615;130
GBIF;Marchantiophyta;Lejeuneaceae;Schiffneriolejeunea polycarpa;(Hedw.) W.R. Buck;-12.299722;-40.486944;Bastos, C;5525;Bastos, C.;84949A;ALCB;UFBA;44615;130
GBIF;Marchantiophyta;Lejeuneaceae;Schiffneriolejeunea polycarpa;(Hedw.) W.R. Buck;-12.299722;-40.486944;Sara, A;14;Bastos, C.;84942D;ALCB;UFBA;44615;130
GBIF;Marchantiophyta;Lejeuneaceae;Schiffneriolejeunea polycarpa;(Hedw.) W.R. Buck;-12.299722;-40.486944;Bastos, C;5535;Boas-Bastos, S. B. V;84951B;ALCB;UFBA;44615;130
GBIF;Marchantiophyta;Lejeuneaceae;Schiffneriolejeunea polycarpa;(Hedw.) W.R. Buck;-12.299722;-40.486944;Bastos, C;5533;Boas-Bastos, S. B. V;84949B;ALCB;UFBA;44615;130
GBIF;Marchantiophyta;Lejeuneaceae;Schiffneriolejeunea polycarpa;(Hedw.) W.R. Buck;-12.299722;-40.486944;Bastos, C;5537;Boas-Bastos, S. B. V;84950A;ALCB;UFBA;44615;130
GBIF;Marchantiophyta;Lejeuneaceae;Schiffneriolejeunea polycarpa;(Hedw.) W.R. Buck;-12.299722;-40.486944;Bastos, C;5522;Boas-Bastos, S. B. V;84942A;ALCB;UFBA;44615;130
GBIF;Marchantiophyta;Lejeuneaceae;Schiffneriolejeunea polycarpa;(Hedw.) W.R. Buck;-12.299722;-40.486944;Sara, A;5;Boas-Bastos, S. B. V;84947A;ALCB;UFBA;44615;130
GBIF;Marchantiophyta;Lejeuneaceae;Schiffneriolejeunea polycarpa;(Hedw.) W.R. Buck;-12.299722;-40.486944;Vilas Boas-Bastos, SB;2605;Boas-Bastos, S. B. V;84937A;ALCB;UFBA;44615;130
GBIF;Marchantiophyta;Lejeuneaceae;Schiffneriolejeunea polycarpa;(Hedw.) W.R. Buck;-12.299722;-40.486944;Santos, IAM;13;Santos, I. A. M.;84951A;ALCB;UFBA;44615;130
GBIF;Bryophyta;Stereophyllaceae;Stereophyllum radiculosum;(Hedw.) W.R. Buck;-12.299722;-40.486944;Bastos, C;5527;Vilas Boas-Bastos, SB;84863A;ALCB;UFBA;44615;130
GBIF;Marchantiophyta;Lejeuneaceae;Thysananthus plicatiflorus;(Hedw.) W.R. Buck;-12.299722;-40.486944;Freitas, R de;7;Freitas, R de;87268;ALCB;UFBA;44615;130
GBIF;Marchantiophyta;Lejeuneaceae;Thysananthus plicatiflorus;(Hedw.) W.R. Buck;-12.299722;-40.486944;Vilas Boas-Bastos, SB;2610;Boas-Bastos, S. B. V;RB01441596;ALCB;UFBA;44615;130
GBIF;Bryophyta;Pottiaceae;Weissia breutelii;(Hedw.) W.R. Buck;-11.858889;-40.4725;Vital, D.M.;6009;Costa, D.P.;96197;SP-BRYOPHYTA;IBt;44630;131
GBIF;Marchantiophyta;Frullaniaceae;Frullania riojaneirensis;(Hedw.) W.R. Buck;-12.3;-40.466667;Santos, IAM;97;Bastos, C.;70180;ALCB;UFBA;45022;132
GBIF;Bryophyta;Stereophyllaceae;Entodontopsis leucostega;(Hedw.) W.R. Buck;-10.95;-40.416667;Vital, D.M.;8093;Vital, D.M.;51508;SP-BRYOPHYTA;IBt;45474;133
GBIF;Bryophyta;Fabroniaceae;Fabronia ciliaris var. polycarpa;(Hedw.) W.R. Buck;-10.95;-40.416667;Vital, D.M.;8091;Vital, D.M.;51595;SP-BRYOPHYTA;IBt;45474;133
GBIF;Marchantiophyta;Frullaniaceae;Frullania ericoides;(Hedw.) W.R. Buck;-10.941111;-40.418889;Vital, D. M.;8092;Vital, D. M.;79073;SP-BRYOPHYTA;IBt;45474;133
GBIF;Bryophyta;Orthotrichaceae;Schlotheimia jamesonii;(Hedw.) W.R. Buck;-10.95;-40.416667;Vital, D.M.;8090;Vital, D.M.;85067B;SP-BRYOPHYTA;IBt;45474;133
speciesLink;Marchantiophyta;Lepidoziaceae;Kurzia capillaris;(Hedw.) W.R. Buck;-10.64300833;-40.382075;"J.J.O. Marmo; D.S. Silva";57;J.J.O. Marmo;77787;HRSN;UNIVASF;45887;134
GBIF;Marchantiophyta;Ricciaceae;Riccia vitalii;(Hedw.) W.R. Buck;-9.359908844;-40.38398436;Vital, D. M.;1642;Vital, D. M.;85008B;SP-BRYOPHYTA;IBt;45931;135
speciesLink;Bryophyta;Bryaceae;Ptychostomum pallescens;(Hedw.) W.R. Buck;-10.65043611;-40.37402222;"J.J.O. Marmo; D.S. Silva";86;J.J.O. Marmo;29416;HRSN;UNIVASF;46288;136
speciesLink;Bryophyta;Leucobryaceae;Campylopus flexuosus;(Hedw.) W.R. Buck;-10.65497778;-40.37159444;"J.J.O. Marmo; D.S. Silva";84;J.J.O. Marmo;119701;HRSN;UNIVASF;46288;136
speciesLink;Bryophyta;Leucobryaceae;Campylopus flexuosus;(Hedw.) W.R. Buck;-10.64965;-40.374575;"J.J.O. Marmo; D.S. Silva";85;J.J.O. Marmo;119263;HRSN;UNIVASF;46288;136
speciesLink;Bryophyta;Hypnaceae;Chryso-hypnum elegantulum;(Hedw.) W.R. Buck;-10.64978889;-40.3743;"J.J.O. Marmo; D.S. Silva";72;J.J.O. Marmo;103352226;HRSN;UNIVASF;46288;136
speciesLink;Bryophyta;Hypnaceae;Chryso-hypnum elegantulum;(Hedw.) W.R. Buck;-10.64946111;-40.37506111;"J.J.O. Marmo; D.S. Silva";75;J.J.O. Marmo;02045747;HRSN;UNIVASF;46288;136
speciesLink;Bryophyta;Fissidentaceae;Fissidens lindbergii;(Hedw.) W.R. Buck;-10.65001667;-40.37433056;"J.J.O. Marmo; D.S. Silva";68;J.J.O. Marmo;72572;HRSN;UNIVASF;46288;136
speciesLink;Bryophyta;Pylaisiadelphaceae;Isopterygium tenerum;(Hedw.) W.R. Buck;-10.65506667;-40.37201111;"J.J.O. Marmo; D.S. Silva";60;J.J.O. Marmo;51693;HRSN;UNIVASF;46288;136
speciesLink;Marchantiophyta;Lepidoziaceae;Kurzia capillaris;(Hedw.) W.R. Buck;-10.64880833;-40.37584167;"J.J.O. Marmo; D.S. Silva";78;J.J.O. Marmo;77789;HRSN;UNIVASF;46288;136
speciesLink;Bryophyta;Leucobryaceae;Leucobryum martianum;(Hedw.) W.R. Buck;-10.65611667;-40.37046944;"J.J.O. Marmo; D.S. Silva";26;J.J.O. Marmo;72152;HRSN;UNIVASF;46288;136
speciesLink;Bryophyta;Leucobryaceae;Leucobryum martianum;(Hedw.) W.R. Buck;-10.65588889;-40.37043889;"J.J.O. Marmo; D.S. Silva";23;J.J.O. Marmo;72153;HRSN;UNIVASF;46288;136
speciesLink;Bryophyta;Leucobryaceae;Leucobryum martianum;(Hedw.) W.R. Buck;-10.64965;-40.374575;"J.J.O. Marmo; D.S. Silva";43;J.J.O. Marmo;72154;HRSN;UNIVASF;46288;136
speciesLink;Marchantiophyta;Metzgeriaceae;Metzgeria scyphigera;(Hedw.) W.R. Buck;-10.65646937;-40.37320364;"J.J.O. Marmo; D.S. Silva";32;J.J.O. Marmo;42089;HRSN;UNIVASF;46288;136
speciesLink;Marchantiophyta;Metzgeriaceae;Metzgeria scyphigera;(Hedw.) W.R. Buck;-10.64968056;-40.37444444;"J.J.O. Marmo; D.S. Silva";40;J.J.O. Marmo;42086;HRSN;UNIVASF;46288;136
speciesLink;Bryophyta;Octoblepharaceae;Octoblepharum albidum;(Hedw.) W.R. Buck;-10.65588889;-40.37043889;"J.J.O. Marmo; D.S. Silva";24;J.J.O. Marmo;84313;HRSN;UNIVASF;46288;136
speciesLink;Bryophyta;Octoblepharaceae;Octoblepharum albidum;(Hedw.) W.R. Buck;-10.64969722;-40.37441389;"J.J.O. Marmo; D.S. Silva";37;J.J.O. Marmo;84314;HRSN;UNIVASF;46288;136
speciesLink;Bryophyta;Octoblepharaceae;Octoblepharum albidum;(Hedw.) W.R. Buck;-10.64946111;-40.37504722;"J.J.O. Marmo; D.S. Silva";50;J.J.O. Marmo;84299;HRSN;UNIVASF;46288;136
speciesLink;Marchantiophyta;Cephaloziaceae;Odontoschisma variabile;(Hedw.) W.R. Buck;-10.650025;-40.37436944;"J.J.O. Marmo; D.S. Silva";67;J.J.O. Marmo;76254;HRSN;UNIVASF;46288;136
speciesLink;Marchantiophyta;Plagiochilaceae;Plagiochila montagnei;(Hedw.) W.R. Buck;-10.65627778;-40.37375833;"J.J.O. Marmo; D.S. Silva";35;J.J.O. Marmo;191169;HRSN;UNIVASF;46288;136
speciesLink;Marchantiophyta;Plagiochilaceae;Plagiochila montagnei;(Hedw.) W.R. Buck;-10.64968056;-40.37444444;"J.J.O. Marmo; D.S. Silva";41;J.J.O. Marmo;150122;HRSN;UNIVASF;46288;136
speciesLink;Bryophyta;Calomniaceae;Pyrrhobryum spiniforme;(Hedw.) W.R. Buck;-10.64953611;-40.37488889;"J.J.O. Marmo; D.S. Silva";46;J.J.O. Marmo;71708;HRSN;UNIVASF;46288;136
speciesLink;Bryophyta;Calomniaceae;Pyrrhobryum spiniforme;(Hedw.) W.R. Buck;-10.64946944;-40.374925;"J.J.O. Marmo; D.S. Silva";65;J.J.O. Marmo;71760;HRSN;UNIVASF;46288;136
GBIF;Bryophyta;Hypnaceae;Rhacopilopsis trinitensis;(Hedw.) W.R. Buck;-10.666072;-40.368402;F.F.S. Silva;920;Campelo, M.J.A;85050A;HVASF;UNIVASF;46288;136
speciesLink;Bryophyta;Bryaceae;Rhodobryum beyrichianum;(Hedw.) W.R. Buck;-10.64946667;-40.37497222;"J.J.O. Marmo; D.S. Silva";47;J.J.O. Marmo;85052;HRSN;UNIVASF;46288;136
speciesLink;Bryophyta;Bryaceae;Rhodobryum beyrichianum;(Hedw.) W.R. Buck;-10.64946667;-40.37497222;"J.J.O. Marmo; D.S. Silva";49;J.J.O. Marmo;85057;HRSN;UNIVASF;46288;136
speciesLink;Bryophyta;Bryaceae;Rhodobryum beyrichianum;(Hedw.) W.R. Buck;-10.64897778;-40.37523333;"J.J.O. Marmo; D.S. Silva";66;J.J.O. Marmo;85058;HRSN;UNIVASF;46288;136
speciesLink;Bryophyta;Sematophyllaceae;Sematophyllum beyrichii;(Hedw.) W.R. Buck;-10.65665;-40.371675;"J.J.O. Marmo; D.S. Silva";63;M.E. Santos;3753;HRSN;UNIVASF;46288;136
speciesLink;Bryophyta;Sematophyllaceae;Sematophyllum beyrichii;(Hedw.) W.R. Buck;-10.65646937;-40.37320364;"J.J.O. Marmo; D.S. Silva";33;M.E. Santos;84854B;HRSN;UNIVASF;46288;136
speciesLink;Bryophyta;Sematophyllaceae;Sematophyllum beyrichii;(Hedw.) W.R. Buck;-10.65611667;-40.37046944;"J.J.O. Marmo; D.S. Silva";25;M.E. Santos;84879B;HRSN;UNIVASF;46288;136
GBIF;Bryophyta;Sphagnaceae;Sphagnum vitalii;(Hedw.) W.R. Buck;-10.666072;-40.368402;F.F.S. Silva;918;Campelo, M.J.A;84911;HVASF;UNIVASF;46288;136
speciesLink;Bryophyta;Calymperaceae;Syrrhopodon prolifer;(Hedw.) W.R. Buck;-10.65664444;-40.37169722;"J.J.O. Marmo; D.S. Silva";64;J.J.O. Marmo;191263;HRSN;UNIVASF;46288;136
speciesLink;Bryophyta;Calymperaceae;Syrrhopodon prolifer;(Hedw.) W.R. Buck;-10.64786111;-40.37681667;"J.J.O. Marmo; D.S. Silva";56;J.J.O. Marmo;191268;HRSN;UNIVASF;46288;136
speciesLink;Marchantiophyta;Lepidoziaceae;Telaranea nematodes;(Hedw.) W.R. Buck;-10.65666111;-40.37166944;"J.J.O. Marmo; D.S. Silva";62;J.J.O. Marmo;PC0728246;HRSN;UNIVASF;46288;136
speciesLink;Marchantiophyta;Lepidoziaceae;Telaranea nematodes;(Hedw.) W.R. Buck;-10.65511389;-40.37192222;"J.J.O. Marmo; D.S. Silva";61;J.J.O. Marmo;208295;HRSN;UNIVASF;46288;136
speciesLink;Bryophyta;Pottiaceae;Tortella humilis;(Hedw.) W.R. Buck;-10.65627778;-40.37375833;"J.J.O. Marmo; D.S. Silva";34;J.J.O. Marmo;089800;HRSN;UNIVASF;46288;136
speciesLink;Bryophyta;Pottiaceae;Tortella humilis;(Hedw.) W.R. Buck;-10.65627778;-40.37320278;"J.J.O. Marmo; D.S. Silva";83;J.J.O. Marmo;090234;HRSN;UNIVASF;46288;136
speciesLink;Bryophyta;Pottiaceae;Tortella humilis;(Hedw.) W.R. Buck;-10.65502778;-40.37217222;"J.J.O. Marmo; D.S. Silva";59;J.J.O. Marmo;25242;HRSN;UNIVASF;46288;136
speciesLink;Bryophyta;Pottiaceae;Tortella humilis;(Hedw.) W.R. Buck;-10.64984167;-40.37433056;"J.J.O. Marmo; D.S. Silva";70;J.J.O. Marmo;47309;HRSN;UNIVASF;46288;136
speciesLink;Bryophyta;Pottiaceae;Tortella humilis;(Hedw.) W.R. Buck;-10.64984167;-40.37433056;"J.J.O. Marmo; D.S. Silva";71;J.J.O. Marmo;47308;HRSN;UNIVASF;46288;136
speciesLink;Bryophyta;Pottiaceae;Tortella humilis;(Hedw.) W.R. Buck;-10.64875;-40.37579167;"J.J.O. Marmo; D.S. Silva";52;J.J.O. Marmo;2515062;HRSN;UNIVASF;46288;136
speciesLink;Bryophyta;Calymperaceae;Syrrhopodon prolifer;(Hedw.) W.R. Buck;-10.64685;-40.3785;"J.J.O. Marmo; D.S. Silva";79;J.J.O. Marmo;191269;HRSN;UNIVASF;46289;137
speciesLink;Bryophyta;Calymperaceae;Syrrhopodon prolifer;(Hedw.) W.R. Buck;-10.6453;-40.38054722;"J.J.O. Marmo; D.S. Silva";58;J.J.O. Marmo;191270;HRSN;UNIVASF;46289;137
GBIF;Bryophyta;Archidiaceae;Archidium julicaule;(Hedw.) W.R. Buck;-7.074444;-40.376111;Vital, D. M.;2922;Peralta, D. F.;02108295;SP-BRYOPHYTA;IBt;46413;138
GBIF;Bryophyta;Archidiaceae;Archidium ohioense;(Hedw.) W.R. Buck;-7.074444;-40.376111;Vital, D. M.;2923;Peralta, D. F.;87091;SP-BRYOPHYTA;IBt;46413;138
GBIF;Marchantiophyta;Corsiniaceae;Cronisia fimbriata;(Hedw.) W.R. Buck;-7.074444;-40.376111;Vital, D. M.;2923;Peralta, D. F.;131847;SP-BRYOPHYTA;IBt;46413;138
GBIF;Marchantiophyta;Corsiniaceae;Cronisia weddellii;(Hedw.) W.R. Buck;-7.074444;-40.376111;Vital, D. M.;2922;Vital, D. M.;135531;SP-BRYOPHYTA;IBt;46413;138
GBIF;Marchantiophyta;Ricciaceae;Riccia vitalii;(Hedw.) W.R. Buck;-7.074444;-40.376111;Vital, D. M.;2922;Vital, D. M.;85008C;SP-BRYOPHYTA;IBt;46413;138
GBIF;Bryophyta;Fabroniaceae;Fabronia macroblepharis;(Hedw.) W.R. Buck;-10.716667;-40.333333;Vital, D.M.;8096;Vital, D.M.;51577;SP-BRYOPHYTA;IBt;46685;139
GBIF;Bryophyta;Octoblepharaceae;Octoblepharum albidum;(Hedw.) W.R. Buck;-10.716667;-40.333333;Vital, D.M.;8094;Vital, D.M.;84319;SP-BRYOPHYTA;IBt;46685;139
GBIF;Bryophyta;Pottiaceae;Tortella humilis;(Hedw.) W.R. Buck;-10.716667;-40.333333;Vital, D.M.;8095;Vital, D.M.;090237;SP-BRYOPHYTA;IBt;46685;139
GBIF;Bryophyta;Helicophyllaceae;Helicophyllum torquatum;(Hedw.) W.R. Buck;-10.45;-40.3;Vital, D.M.;8097;Vital, D.M.;79037;SP-BRYOPHYTA;IBt;47092;140
GBIF;Bryophyta;Archidiaceae;Archidium clavatum;(Hedw.) W.R. Buck;-10.263889;-40.263889;Vital, D.M.;8103;Vital, D.M.;533709;SP-BRYOPHYTA;IBt;47889;141
GBIF;Bryophyta;Pottiaceae;Tortella humilis;(Hedw.) W.R. Buck;-13.9394;-40.1908;W. W. Thomas;13555;Buck, W. R.;UFRN00025150;NY;NYBG;48555;142
GBIF;Marchantiophyta;Ricciaceae;Riccia squamata;(Hedw.) W.R. Buck;-10.25803588;-40.19435074;Vital, D. M.;8098;Bischler, H.;84989D;SP-BRYOPHYTA;IBt;48668;143
GBIF;Bryophyta;Helicophyllaceae;Helicophyllum torquatum;(Hedw.) W.R. Buck;-8.149807206;-40.18233882;Lima, J.L.S.;189a;Peralta, D. F.;51603;IRAI;PNFM;48742;144
GBIF;Bryophyta;Archidiaceae;Archidium microthecium;(Hedw.) W.R. Buck;-13.883333;-40.116667;Vital, D.M.;5929;Vital, D.M.;97435;SP-BRYOPHYTA;IBt;49699;145
GBIF;Bryophyta;Archidiaceae;Archidium ohioense;(Hedw.) W.R. Buck;-13.883333;-40.116667;Vital, D.M.;5928;Vital, D.M.;50092;SP-BRYOPHYTA;IBt;49699;145
GBIF;Marchantiophyta;Ricciaceae;Riccia wainionis;(Hedw.) W.R. Buck;-13.86381803;-40.09366903;Vital, D. M.;5927;Peralta, D. F.;85008D;SP-BRYOPHYTA;IBt;50081;146
GBIF;Bryophyta;Bryaceae;Bryum argenteum;(Hedw.) W.R. Buck;-13.8575;-40.083611;Vital, D. M.;1949;Peralta, D. F.;18830;SP-BRYOPHYTA;IBt;50082;147
GBIF;Bryophyta;Stereophyllaceae;Entodontopsis leucostega;(Hedw.) W.R. Buck;-13.8575;-40.083611;Vital, D.M.;8714;Vital, D.M.;70513;SP-BRYOPHYTA;IBt;50082;147
GBIF;Marchantiophyta;Frullaniaceae;Frullania ericoides;(Hedw.) W.R. Buck;-13.8575;-40.083611;Vital, D. M.;8650;Vital, D. M.;72556;SP-BRYOPHYTA;IBt;50082;147
GBIF;Marchantiophyta;Ricciaceae;Riccia vitalii;(Hedw.) W.R. Buck;-13.8575;-40.083611;Vital, D. M.;1949;Peralta, D. F.;84973A;SP-BRYOPHYTA;IBt;50082;147
GBIF;Bryophyta;Pottiaceae;Chionoloma tenuirostre;(Hedw.) W.R. Buck;-13.8575;-40.083611;Vital, D.M.;8712;Vital, D.M.;112678;SP-BRYOPHYTA;IBt;50082;147
GBIF;Bryophyta;Fissidentaceae;Fissidens palmatus;(Hedw.) W.R. Buck;-7.2125;-40.046111;Vital, D.M.;2921;Vital, D.M.;72195;SP-BRYOPHYTA;IBt;50672;148
GBIF;Marchantiophyta;Frullaniaceae;Frullania ericoides;(Hedw.) W.R. Buck;-11.381111;-40.012778;Vital, D. M.;1983;Peralta, D. F.;79070;SP-BRYOPHYTA;IBt;50891;149
GBIF;Marchantiophyta;Corsiniaceae;Cronisia weddellii;(Hedw.) W.R. Buck;-9.897222;-39.897222;Vital, D. M.;8099;Vital, D. M.;135532;SP-BRYOPHYTA;IBt;52373;150
GBIF;Marchantiophyta;Ricciaceae;Riccia horrida;(Taylor) Steph.;-9.897222;-39.897222;Vital, D. M.;8106;Vital, D. M.;84981A;SP-BRYOPHYTA;IBt;52373;150
GBIF;Marchantiophyta;Ricciaceae;Riccia sorocarpa;(Taylor) Steph.;-9.897222;-39.897222;Vital, D. M.;8105;Vital, D. M.;84975B;SP-BRYOPHYTA;IBt;52373;150
GBIF;Marchantiophyta;Ricciaceae;Riccia sorocarpa;(Taylor) Steph.;-9.897222;-39.897222;Vital, D. M.;8107;Vital, D. M.;84976B;SP-BRYOPHYTA;IBt;52373;150
GBIF;Marchantiophyta;Ricciaceae;Riccia squamata;(Taylor) Steph.;-9.897222;-39.897222;Vital, D. M.;8115;Vital, D. M.;84974D;SP-BRYOPHYTA;IBt;52373;150
GBIF;Marchantiophyta;Ricciaceae;Riccia squamata;(Taylor) Steph.;-9.897222;-39.897222;Vital, D. M.;8100;Vital, D. M.;84983F;SP-BRYOPHYTA;IBt;52373;150
GBIF;Marchantiophyta;Ricciaceae;Riccia oerstediana;(Taylor) Steph.;-9.897222;-39.897222;Vital, D. M.;8104;Vital, D. M.;84988A;SP-BRYOPHYTA;IBt;52373;150
GBIF;Marchantiophyta;Ricciaceae;Riccia vitalii;(Taylor) Steph.;-9.897222;-39.897222;Vital, D. M.;8113;Vital, D. M.;85009A;SP-BRYOPHYTA;IBt;52373;150
GBIF;Marchantiophyta;Ricciaceae;Riccia wainionis;(Taylor) Steph.;-9.897222;-39.897222;Vital, D. M.;8108;Vital, D. M.;84866C;SP-BRYOPHYTA;IBt;52373;150
GBIF;Bryophyta;Archidiaceae;Archidium donnellii;(Taylor) Steph.;-9.883333;-39.883333;Vital, D.M.;8102;Vital, D.M.;50078;SP-BRYOPHYTA;IBt;52729;151
GBIF;Bryophyta;Archidiaceae;Archidium ohioense;(Taylor) Steph.;-9.883333;-39.883333;Vital, D.M.;8111;Vital, D.M.;87092;SP-BRYOPHYTA;IBt;52729;151
GBIF;Bryophyta;Bryaceae;Imbribryum subapiculatum;(Taylor) Steph.;-9.883333;-39.883333;Vital, D.M.;8110;Vital, D.M.;29417;SP-BRYOPHYTA;IBt;52729;151
GBIF;Bryophyta;Fissidentaceae;Fissidens flaccidus;(Taylor) Steph.;-9.883333;-39.883333;Vital, D.M.;8109;Pursell, R. A.;51627;SP-BRYOPHYTA;IBt;52729;151
GBIF;Bryophyta;Fissidentaceae;Fissidens goyazensis;(Taylor) Steph.;-9.883333;-39.883333;Vital, D.M.;8114;Pursell, R. A.;96709;SP-BRYOPHYTA;IBt;52729;151
GBIF;Marchantiophyta;Ricciaceae;Riccia sorocarpa;(Taylor) Steph.;-9.894333;-39.866333;A.C.C.P. Silva;212;E.M.B. Nunes;84977B;HVASF;UNIVASF;52729;151
GBIF;Marchantiophyta;Lejeuneaceae;Acrolejeunea emergens;(Taylor) Steph.;-12.87;-39.858889;Vital, D. M.;5937;Bastos, C.;132981;SP-BRYOPHYTA;IBt;52980;152
GBIF;Bryophyta;Bryaceae;Bryum argenteum;(Taylor) Steph.;-12.87;-39.858889;Vital, D. M.;5941;Jovet-Ast, S.;1834047;SP-BRYOPHYTA;IBt;52980;152
GBIF;Bryophyta;Bryaceae;Rosulabryum capillare;(Taylor) Steph.;-12.87;-39.858889;Vital, D.M.;5946;Vital, D.M.;131822;SP-BRYOPHYTA;IBt;52980;152
GBIF;Bryophyta;Leucobryaceae;Campylopus savannarum;(Taylor) Steph.;-12.87;-39.858889;Vital, D.M.;5945;Santos, M.;119298;SP-BRYOPHYTA;IBt;52980;152
GBIF;Marchantiophyta;Lejeuneaceae;Cololejeunea cardiocarpa;(Taylor) Steph.;-12.87;-39.858889;Vital, D. M.;5938;Yano, O.;64218;SP-BRYOPHYTA;IBt;52980;152
GBIF;Marchantiophyta;Corsiniaceae;Cronisia fimbriata;(Taylor) Steph.;-12.87;-39.858889;Vital, D. M.;1991;Peralta, D. F.;131871;SP-BRYOPHYTA;IBt;52980;152
GBIF;Marchantiophyta;Corsiniaceae;Cronisia weddellii;(Taylor) Steph.;-12.87;-39.858889;Vital, D. M.;5940;Vital, D. M.;133012;SP-BRYOPHYTA;IBt;52980;152
GBIF;Bryophyta;Stereophyllaceae;Entodontopsis leucostega;(Taylor) Steph.;-12.87;-39.858889;Vital, D.M.;5944;Peralta, D. F.;71640;SP-BRYOPHYTA;IBt;52980;152
GBIF;Bryophyta;Fabroniaceae;Fabronia ciliaris;(Taylor) Steph.;-12.87;-39.858889;Vital, D.M.;1993;Vital, D.M.;71861;SP-BRYOPHYTA;IBt;52980;152
GBIF;Bryophyta;Fissidentaceae;Fissidens intramarginatus;(Taylor) Steph.;-12.87;-39.858889;Vital, D.M.;5943;Peralta, D. F.;72205;SP-BRYOPHYTA;IBt;52980;152
GBIF;Bryophyta;Fissidentaceae;Fissidens leptophyllus;(Taylor) Steph.;-12.87;-39.858889;Vital, D.M.;1992;Bordin, J.;77958;SP-BRYOPHYTA;IBt;52980;152
GBIF;Marchantiophyta;Frullaniaceae;Frullania ericoides;(Taylor) Steph.;-12.87;-39.858889;Vital, D. M.;5936;Peralta, D. F.;72569;SP-BRYOPHYTA;IBt;52980;152
GBIF;Marchantiophyta;Frullaniaceae;Frullania kunzei;(Taylor) Steph.;-12.87;-39.858889;Vital, D. M.;5934;Peralta, D. F.;96421;SP-BRYOPHYTA;IBt;52980;152
GBIF;Marchantiophyta;Frullaniaceae;Frullania kunzei;(Taylor) Steph.;-12.87;-39.858889;Vital, D. M.;5933;Peralta, D. F.;71911;SP-BRYOPHYTA;IBt;52980;152
GBIF;Marchantiophyta;Frullaniaceae;Frullania riojaneirensis;(Taylor) Steph.;-12.87;-39.858889;Vital, D. M.;5935;Peralta, D. F.;70181;SP-BRYOPHYTA;IBt;52980;152
GBIF;Marchantiophyta;Lejeuneaceae;Lejeunea trinitensis;(Taylor) Steph.;-12.87;-39.858889;Vital, D. M.;5939;Yano, O.;77738;SP-BRYOPHYTA;IBt;52980;152
GBIF;Bryophyta;Bartramiaceae;Philonotis uncinata;(Taylor) Steph.;-12.87;-39.858889;Vital, D.M.;5942;Peralta, D. F.;76233;SP-BRYOPHYTA;IBt;52980;152
GBIF;Marchantiophyta;Ricciaceae;Riccia vitalii;(Taylor) Steph.;-12.87;-39.858889;Vital, D. M.;5941;Jovet-Ast, S.;84978A;SP-BRYOPHYTA;IBt;52980;152
GBIF;Marchantiophyta;Corsiniaceae;Cronisia fimbriata;(Taylor) Steph.;-11.470556;-39.783889;Vital, D. M.;1984;Vital, D. M.;38081;SP-BRYOPHYTA;IBt;53734;153
GBIF;Marchantiophyta;Ricciaceae;Riccia vitalii;(Taylor) Steph.;-11.470556;-39.783889;Vital, D. M.;1985;Peralta, D. F.;84995C;SP-BRYOPHYTA;IBt;53734;153
GBIF;Bryophyta;Calymperaceae;Calymperes palisotii;(Taylor) Steph.;-12.158333;-39.737222;"Bastos, C; Vilas Boas-Bastos, SB; Albertos, B; Altamiranda";733;Bastos, C.;137663;ALCB;UFBA;54412;154
GBIF;Bryophyta;Stereophyllaceae;Entodontopsis leucostega;(Taylor) Steph.;-12.158333;-39.737222;"Bastos, C; Vilas Boas-Bastos, SB; Albertos, B; Altamiranda";734;Bastos, C.;70492;ALCB;UFBA;54412;154
GBIF;Bryophyta;Stereophyllaceae;Entodontopsis leucostega;(Taylor) Steph.;-12.158333;-39.737222;"Bastos, C; Vilas Boas-Bastos, SB; Albertos, B; Altamiranda";735;Bastos, C.;70494;ALCB;UFBA;54412;154
GBIF;Bryophyta;Stereophyllaceae;Entodontopsis leucostega;(Taylor) Steph.;-12.158333;-39.737222;"Bastos, C; Vilas Boas-Bastos, SB; Albertos, B; Altamiranda";736;Bastos, C.;70503;ALCB;UFBA;54412;154
GBIF;Bryophyta;Stereophyllaceae;Entodontopsis leucostega;(Taylor) Steph.;-12.158333;-39.737222;"Bastos, C; Vilas Boas-Bastos, SB; Albertos, B; Altamiranda";737;Bastos, C.;72576;ALCB;UFBA;54412;154
GBIF;Bryophyta;Stereophyllaceae;Entodontopsis leucostega;(Taylor) Steph.;-12.158333;-39.737222;"Bastos, C; Vilas Boas-Bastos, SB; Albertos, B; Altamiranda";742;Bastos, C.;70522;ALCB;UFBA;54412;154
GBIF;Bryophyta;Stereophyllaceae;Entodontopsis leucostega;(Taylor) Steph.;-12.158333;-39.737222;"Bastos, C; Vilas Boas-Bastos, SB; Albertos, B; Altamiranda";745;Bastos, C.;70473;ALCB;UFBA;54412;154
GBIF;Bryophyta;Stereophyllaceae;Entodontopsis leucostega;(Taylor) Steph.;-12.158333;-39.737222;"Bastos, C; Vilas Boas-Bastos, SB; Albertos, B; Altamiranda";749;Bastos, C.;70500;ALCB;UFBA;54412;154
GBIF;Bryophyta;Stereophyllaceae;Entodontopsis leucostega;(Taylor) Steph.;-12.158333;-39.737222;"Bastos, C; Vilas Boas-Bastos, SB; Albertos, B; Altamiranda";750;Bastos, C.;70496;ALCB;UFBA;54412;154
GBIF;Bryophyta;Stereophyllaceae;Entodontopsis leucostega;(Taylor) Steph.;-12.158333;-39.737222;"Bastos, C; Vilas Boas-Bastos, SB; Albertos, B; Altamiranda";752;Bastos, C.;70499;ALCB;UFBA;54412;154
GBIF;Bryophyta;Stereophyllaceae;Entodontopsis leucostega;(Taylor) Steph.;-12.158333;-39.737222;"Bastos, C; Vilas Boas-Bastos, SB; Albertos, B; Altamiranda";753;Bastos, C.;70495;ALCB;UFBA;54412;154
GBIF;Bryophyta;Stereophyllaceae;Entodontopsis leucostega;Herzog;-12.158333;-39.737222;"Bastos, C; Vilas Boas-Bastos, SB; Albertos, B; Altamiranda";756;Bastos, C.;123950A;ALCB;UFBA;54412;154
GBIF;Bryophyta;Stereophyllaceae;Entodontopsis leucostega;Herzog;-12.158333;-39.737222;"Bastos, C; Vilas Boas-Bastos, SB; Albertos, B; Altamiranda";758;Bastos, C.;70480;ALCB;UFBA;54412;154
GBIF;Bryophyta;Stereophyllaceae;Entodontopsis leucostega;Herzog;-12.158333;-39.737222;"Bastos, C; Vilas Boas-Bastos, SB; Albertos, B; Altamiranda";759;Bastos, C.;70474;ALCB;UFBA;54412;154
GBIF;Bryophyta;Stereophyllaceae;Entodontopsis leucostega;Herzog;-12.158333;-39.737222;"Bastos, C; Vilas Boas-Bastos, SB; Albertos, B; Altamiranda";760;Bastos, C.;70493;ALCB;UFBA;54412;154
GBIF;Bryophyta;Stereophyllaceae;Entodontopsis leucostega;Herzog;-12.158333;-39.737222;"Bastos, C; Vilas Boas-Bastos, SB; Albertos, B; Altamiranda";762;Bastos, C.;70504;ALCB;UFBA;54412;154
GBIF;Bryophyta;Stereophyllaceae;Entodontopsis leucostega;Herzog;-12.158333;-39.737222;"Bastos, C; Vilas Boas-Bastos, SB; Albertos, B; Altamiranda";763;Bastos, C.;77250;ALCB;UFBA;54412;154
GBIF;Bryophyta;Fissidentaceae;Fissidens crispus;Herzog;-12.158333;-39.737222;"Bastos, C; et al.";130;Bastos, C.;51610;ALCB;UFBA;54412;154
GBIF;Marchantiophyta;Frullaniaceae;Frullania ericoides;Herzog;-12.158333;-39.737222;"Bastos, C; Vilas Boas-Bastos, SB; Albertos, B; Altamiranda";748;Bastos, C.;77187;ALCB;UFBA;54412;154
GBIF;Marchantiophyta;Frullaniaceae;Frullania ericoides;Herzog;-12.158333;-39.737222;"Bastos, C; Vilas Boas-Bastos, SB; Albertos, B; Altamiranda";751;Bastos, C.;72054;ALCB;UFBA;54412;154
GBIF;Marchantiophyta;Frullaniaceae;Frullania ericoides;Herzog;-12.158333;-39.737222;"Bastos, C; Vilas Boas-Bastos, SB; Albertos, B; Altamiranda";747;Bastos, C.;119985;ALCB;UFBA;54412;154
GBIF;Marchantiophyta;Frullaniaceae;Frullania ericoides;Bischl.;-12.158333;-39.737222;"Bastos, C; Vilas Boas-Bastos, SB; Albertos, B; Altamiranda";746;Bastos, C.;96444;ALCB;UFBA;54412;154
GBIF;Marchantiophyta;Frullaniaceae;Frullania ericoides;Bischl.;-12.158333;-39.737222;"Bastos, C; Vilas Boas-Bastos, SB; Albertos, B; Altamiranda";755;Bastos, C.;119963;ALCB;UFBA;54412;154
GBIF;Marchantiophyta;Frullaniaceae;Frullania ericoides;Bischl.;-12.158333;-39.737222;"Bastos, C; Vilas Boas-Bastos, SB; Albertos, B; Altamiranda";757;Bastos, C.;96447;ALCB;UFBA;54412;154
GBIF;Bryophyta;Pottiaceae;Hyophiladelphus agrarius;Bischl.;-12.158333;-39.737222;"Bastos, C; Vilas Boas-Bastos, SB; Albertos, B; Altamiranda";738;Bastos, C.;70188;ALCB;UFBA;54412;154
GBIF;Bryophyta;Pottiaceae;Hyophiladelphus agrarius;Bischl.;-12.158333;-39.737222;"Bastos, C; Vilas Boas-Bastos, SB; Albertos, B; Altamiranda";739;Bastos, C.;70160;ALCB;UFBA;54412;154
GBIF;Bryophyta;Pottiaceae;Hyophiladelphus agrarius;Bischl.;-12.158333;-39.737222;"Bastos, C; Vilas Boas-Bastos, SB; Albertos, B; Altamiranda";741;Bastos, C.;77307;ALCB;UFBA;54412;154
GBIF;Bryophyta;Pottiaceae;Hyophiladelphus agrarius;Bischl.;-12.158333;-39.737222;"Bastos, C; Vilas Boas-Bastos, SB; Albertos, B; Altamiranda";744;Bastos, C.;77752;ALCB;UFBA;54412;154
GBIF;Marchantiophyta;Lejeuneaceae;Lejeunea trinitensis;Bischl.;-12.158333;-39.737222;"Bastos, C; Vilas Boas-Bastos, SB; Albertos, B; Altamiranda";743;Bastos, C.;79103;ALCB;UFBA;54412;154
GBIF;Marchantiophyta;Lejeuneaceae;Lejeunea trinitensis;Bischl.;-12.158333;-39.737222;"Bastos, C; Vilas Boas-Bastos, SB; Albertos, B; Altamiranda";740;Bastos, C.;79100;ALCB;UFBA;54412;154
GBIF;Bryophyta;Pottiaceae;Weissia breutelii;Bischl.;-12.158333;-39.737222;"Bastos, C; Vilas Boas-Bastos, SB; Albertos, B; Altamiranda";754;Bastos, C.;96199;ALCB;UFBA;54412;154
GBIF;Bryophyta;Pottiaceae;Weissia breutelii;Bischl.;-12.158333;-39.737222;"Bastos, C; Vilas Boas-Bastos, SB; Albertos, B; Altamiranda";761;Bastos, C.;96755;ALCB;UFBA;54412;154
GBIF;Bryophyta;Helicophyllaceae;Helicophyllum torquatum;Bischl.;-10.65405682;-39.67928266;Fontes, E;s/n;Bastos, C;79035;ALCB;UFBA;55161;155
GBIF;Bryophyta;Bryaceae;Rosulabryum capillare;Bischl.;-8.083333;-39.616667;Vital, D.M.;8195;Vital, D.M.;131826;SP-BRYOPHYTA;IBt;55940;156
GBIF;Marchantiophyta;Ricciaceae;Riccia vitalii;Bischl.;-8.090556;-39.628333;Vital, D. M.;8194;Peralta, D. F.;85011C;SP-BRYOPHYTA;IBt;55940;156
GBIF;Marchantiophyta;Ricciaceae;Riccia vitalii;Bischl.;-8.090556;-39.628333;Vital, D. M.;8193;Vital, D. M.;84992D;SP-BRYOPHYTA;IBt;55940;156
GBIF;Bryophyta;Leucobryaceae;Campylopus savannarum;Bischl.;-3.626389;-39.591389;Oliveira, H.C.;1837;Oliveira, H.C.;119634;ALCB;UFBA;56439;157
GBIF;Bryophyta;Leucobryaceae;Campylopus savannarum;Bischl.;-3.626389;-39.591389;Oliveira, H.C.;1840;Oliveira, H.C.;119585;ALCB;UFBA;56439;157
GBIF;Bryophyta;Leucobryaceae;Campylopus savannarum;Bischl.;-3.626389;-39.591389;Oliveira, H.C.;1844;Oliveira, H.C.;119280;ALCB;UFBA;56439;157
GBIF;Bryophyta;Leucobryaceae;Campylopus savannarum;Bischl.;-3.626389;-39.591389;Oliveira, H.C.;1850;Oliveira, H.C.;119625;ALCB;UFBA;56439;157
GBIF;Bryophyta;Leucobryaceae;Campylopus savannarum;Bischl.;-3.626389;-39.591389;Oliveira, H.C.;1851;Oliveira, H.C.;119631;ALCB;UFBA;56439;157
GBIF;Bryophyta;Leucobryaceae;Campylopus savannarum;Bischl.;-3.626389;-39.591389;Oliveira, H.C.;1856;Oliveira, H.C.;119636;ALCB;UFBA;56439;157
GBIF;Bryophyta;Leucobryaceae;Campylopus savannarum;Bischl.;-3.626389;-39.591389;Oliveira, H.C.;1859;Oliveira, H.C.;119611;ALCB;UFBA;56439;157
GBIF;Bryophyta;Leucobryaceae;Campylopus savannarum;Bischl.;-3.626389;-39.591389;Oliveira, H.C.;1888;Oliveira, H.C.;119607;ALCB;UFBA;56439;157
GBIF;Bryophyta;Leucobryaceae;Campylopus savannarum;(Bruch & Schimp.) Crosby;-3.626389;-39.591389;Oliveira, H.C.;1891;Oliveira, H.C.;119480;ALCB;UFBA;56439;157
GBIF;Bryophyta;Leucobryaceae;Campylopus savannarum;(Bruch & Schimp.) Crosby;-3.626389;-39.591389;Oliveira, H.C.;1896;Oliveira, H.C.;119618;ALCB;UFBA;56439;157
GBIF;Bryophyta;Leucobryaceae;Campylopus savannarum;Spruce ex Reimers;-3.626389;-39.591389;Oliveira, H.C.;1897;Oliveira, H.C.;119601;ALCB;UFBA;56439;157
GBIF;Bryophyta;Leucobryaceae;Campylopus savannarum;Spruce ex Reimers;-3.626389;-39.591389;Oliveira, H.C.;1901;Oliveira, H.C.;119563;ALCB;UFBA;56439;157
GBIF;Bryophyta;Leucobryaceae;Campylopus savannarum;Spruce ex Reimers;-3.626389;-39.591389;Oliveira, H.C.;1906;Oliveira, H.C.;119608;ALCB;UFBA;56439;157
GBIF;Bryophyta;Leucobryaceae;Campylopus savannarum;Spruce ex Reimers;-3.626389;-39.591389;Oliveira, H.C.;1908;Oliveira, H.C.;119522;ALCB;UFBA;56439;157
GBIF;Marchantiophyta;Lejeuneaceae;Cheilolejeunea intertexta;Spruce ex Reimers;-3.626667;-39.59;Oliveira, HC;s/n;Bastos, C.;119314;ALCB;UFBA;56439;157
GBIF;Marchantiophyta;Lejeuneaceae;Anoplolejeunea conferta;Spruce ex Reimers;-12.771944;-39.523333;"Bastos, C; Vilas Boas-Bastos, SB";3174;Bastos, C.;02331362;ALCB;UFBA;56802;158
GBIF;Marchantiophyta;Lejeuneaceae;Anoplolejeunea conferta;Spruce ex Reimers;-12.771944;-39.523333;"Bastos, C; Vilas Boas-Bastos, SB";3180;Bastos, C.;132987;ALCB;UFBA;56802;158
GBIF;Bryophyta;Sematophyllaceae;Aptychopsis tequendamensis;Herzog;-12.771944;-39.523333;"Bastos, C; Vilas Boas-Bastos, SB";3181;Bastos, C.;RB00921298;ALCB;UFBA;56802;158
GBIF;Bryophyta;Sematophyllaceae;Aptychopsis tequendamensis;Herzog;-12.771944;-39.523333;"Bastos, C; Vilas Boas-Bastos, SB";3184;Bastos, C.;90201817;ALCB;UFBA;56802;158
GBIF;Bryophyta;Sematophyllaceae;Aptychopsis tequendamensis;Herzog;-12.771944;-39.523333;"Bastos, C; Vilas Boas-Bastos, SB";3235;Bastos, C.;50090;ALCB;UFBA;56802;158
GBIF;Marchantiophyta;Lejeuneaceae;Cheilolejeunea acutangula;Herzog;-12.771944;-39.523333;"Bastos, C; Vilas Boas-Bastos, SB";3185;Bastos, C.;119471;ALCB;UFBA;56802;158
GBIF;Marchantiophyta;Lejeuneaceae;Cheilolejeunea acutangula;Herzog;-12.771944;-39.523333;"Bastos, C; Vilas Boas-Bastos, SB";3251;Bastos, C.;119294;ALCB;UFBA;56802;158
GBIF;Marchantiophyta;Lejeuneaceae;Cheilolejeunea conchifolia;Herzog;-12.771944;-39.523333;"Bastos, C; Vilas Boas-Bastos, SB";3237;Bastos, C.;119442;ALCB;UFBA;56802;158
GBIF;Marchantiophyta;Lejeuneaceae;Cheilolejeunea filiformis;Reimers;-12.771944;-39.523333;"Bastos, C; Vilas Boas-Bastos, SB";3198;Bastos, C.;112893;ALCB;UFBA;56802;158
GBIF;Marchantiophyta;Lejeuneaceae;Cheilolejeunea filiformis;Reimers;-12.771944;-39.523333;"Bastos, C; Vilas Boas-Bastos, SB";3215;Bastos, C.;119317;ALCB;UFBA;56802;158
GBIF;Marchantiophyta;Lejeuneaceae;Cheilolejeunea trifaria;Reimers;-12.771944;-39.523333;"Bastos, C; Vilas Boas-Bastos, SB";3200;Bastos, C.;28171;ALCB;UFBA;56802;158
GBIF;Marchantiophyta;Lejeuneaceae;Cheilolejeunea xanthocarpa;Reimers;-12.771944;-39.523333;"Bastos, C; Vilas Boas-Bastos, SB";3189;Bastos, C.;131851;ALCB;UFBA;56802;158
GBIF;Marchantiophyta;Lejeuneaceae;Cheilolejeunea xanthocarpa;Reimers;-12.771944;-39.523333;"Bastos, C; Vilas Boas-Bastos, SB";3203;Bastos, C.;131851;ALCB;UFBA;56802;158
GBIF;Marchantiophyta;Lejeuneaceae;Schiffneriolejeunea polycarpa;Reimers;-12.771944;-39.523333;"Bastos, C; Vilas Boas-Bastos, SB";3211;Bastos, C.;090808;ALCB;UFBA;56802;158
GBIF;Bryophyta;Sematophyllaceae;Acroporium pungens;Reimers;-12.77;-39.524167;Vilas Boas-Bastos, SB;2806a;Vilas Boas-Bastos, SB;02167471;ALCB;UFBA;56803;159
GBIF;Marchantiophyta;Lejeuneaceae;Cheilolejeunea tonduzana;Reimers;-12.77;-39.524167;Vilas Boas-Bastos, SB;2766;Boas-Bastos, S. B. V;PC0735698;ALCB;UFBA;56803;159
GBIF;Marchantiophyta;Lejeuneaceae;Colura greig-smithii;Reimers;-12.77;-39.524167;Vilas Boas-Bastos, SB;2864;Boas-Bastos, S. B. V;133021;ALCB;UFBA;56803;159
GBIF;Marchantiophyta;Ricciaceae;Riccia vitalii;Reimers;-9.874722;-39.481667;Vital, D. M.;8117;Jovet-Ast, S.;84996A;SP-BRYOPHYTA;IBt;57570;160
GBIF;Marchantiophyta;Ricciaceae;Riccia vitalii;Reimers;-9.874722;-39.481667;Vital, D. M.;8118;Vital, D. M.;84999F;SP-BRYOPHYTA;IBt;57570;160
GBIF;Bryophyta;Fissidentaceae;Fissidens goyazensis;(Sw. ex Hedw.) Cardot;-9.866667;-39.466667;Vital, D.M.;8119;Vital, D.M.;72566;SP-BRYOPHYTA;IBt;57571;161
GBIF;Bryophyta;Sematophyllaceae;Brittonodoxa subpinnata;(Sw. ex Hedw.) Cardot;-7.256389;-39.468611;Batista, WVM;190f;Batista, WVSM;84463;UFP;UFPE;57662;162
GBIF;Bryophyta;Sematophyllaceae;Brittonodoxa subpinnata;(Sw. ex Hedw.) Cardot;-7.256389;-39.468611;Batista, WVM;194a;Batista, WVSM;84417;UFP;UFPE;57662;162
GBIF;Marchantiophyta;Lejeuneaceae;Cheilolejeunea rigidula;(Mitt.) Cardot;-7.256389;-39.468611;Batista, WVM;186c;Batista, W. V. S. M.;02045749;UFP;UFPE;57662;162
GBIF;Marchantiophyta;Lejeuneaceae;Cheilolejeunea rigidula;(Sm.) R.L. Zhu, Y. Yu & Pócs;-7.256389;-39.468611;Batista, WVM;182c;Batista, W. V. S. M.;NY02046335;UFP;UFPE;57662;162
GBIF;Marchantiophyta;Lejeuneaceae;Cololejeunea contractiloba;(Sm.) R.L. Zhu, Y. Yu & Pócs;-7.256389;-39.468611;Batista, WVM;181c;Batista, W. V. S. M.;49723;UFP;UFPE;57662;162
GBIF;Bryophyta;Stereophyllaceae;Entodontopsis leucostega;(Sm.) R.L. Zhu, Y. Yu & Pócs;-7.256389;-39.468611;Batista, WVM;186a;Batista, WVSM;51467;UFP;UFPE;57662;162
GBIF;Bryophyta;Erpodiaceae;Venturiella coronata;(Sm.) R.L. Zhu, Y. Yu & Pócs;-7.256389;-39.468611;Batista, WVM;198d;Batista, WVSM;96235;UFP;UFPE;57662;162
GBIF;Bryophyta;Fabroniaceae;Fabronia ciliaris;(Sm.) R.L. Zhu, Y. Yu & Pócs;-7.256389;-39.468611;Batista, WVM;181b;Batista, WVSM;51597;UFP;UFPE;57662;162
GBIF;Bryophyta;Fabroniaceae;Fabronia ciliaris;(Sm.) R.L. Zhu, Y. Yu & Pócs;-7.256389;-39.468611;Batista, WVM;186b;Batista, WVSM;51616;UFP;UFPE;57662;162
GBIF;Bryophyta;Fabroniaceae;Fabronia ciliaris;(Sm.) R.L. Zhu, Y. Yu & Pócs;-7.256389;-39.468611;Batista, WVM;194c;Batista, WVSM;51564;UFP;UFPE;57662;162
GBIF;Bryophyta;Fabroniaceae;Fabronia ciliaris;(Sm.) R.L. Zhu, Y. Yu & Pócs;-7.256389;-39.468611;Batista, WVM;195b;Batista, WVSM;51538;UFP;UFPE;57662;162
GBIF;Bryophyta;Fabroniaceae;Fabronia ciliaris;(Sm.) R.L. Zhu, Y. Yu & Pócs;-7.256389;-39.468611;Batista, WVM;198c;Batista, WVSM;51546;UFP;UFPE;57662;162
GBIF;Marchantiophyta;Frullaniaceae;Frullania dusenii;(Sm.) R.L. Zhu, Y. Yu & Pócs;-7.256389;-39.468611;Batista, WVM;190d;Batista, W. V. S. M.;77155;UFP;UFPE;57662;162
GBIF;Marchantiophyta;Frullaniaceae;Frullania dusenii;(Sm.) R.L. Zhu, Y. Yu & Pócs;-7.256389;-39.468611;Batista, WVM;193b;Batista, W. V. S. M.;72482;UFP;UFPE;57662;162
GBIF;Marchantiophyta;Frullaniaceae;Frullania dusenii;(Sm.) R.L. Zhu, Y. Yu & Pócs;-7.256389;-39.468611;Batista, WVM;196a;Batista, W. V. S. M.;77154;UFP;UFPE;57662;162
GBIF;Marchantiophyta;Frullaniaceae;Frullania ericoides;(Sm.) R.L. Zhu, Y. Yu & Pócs;-7.256389;-39.468611;Batista, WVM;195a;Batista, W. V. S. M.;71880;UFP;UFPE;57662;162
GBIF;Marchantiophyta;Frullaniaceae;Frullania ericoides;(Nees & Mont.) R.L. Zhu, Y. Yu & Pócs;-7.256389;-39.468611;Batista, WVM;198b;Batista, W. V. S. M.;70415;UFP;UFPE;57662;162
GBIF;Marchantiophyta;Frullaniaceae;Frullania ericoides;(Nees & Mont.) R.L. Zhu, Y. Yu & Pócs;-7.256389;-39.468611;Batista, WVM;184b;Batista, W. V. S. M.;71896;UFP;UFPE;57662;162
GBIF;Marchantiophyta;Frullaniaceae;Frullania ericoides;(Nees & Mont.) R.L. Zhu, Y. Yu & Pócs;-7.256389;-39.468611;Batista, WVM;187b;Batista, W. V. S. M.;71881;UFP;UFPE;57662;162
GBIF;Marchantiophyta;Frullaniaceae;Frullania ericoides;(Nees & Mont.) R.L. Zhu, Y. Yu & Pócs;-7.256389;-39.468611;Batista, WVM;189a;Batista, W. V. S. M.;70397;UFP;UFPE;57662;162
GBIF;Marchantiophyta;Frullaniaceae;Frullania ericoides;(Hedw.) Reichardt;-7.256389;-39.468611;Batista, WVM;194b;Batista, W. V. S. M.;71676;UFP;UFPE;57662;162
GBIF;Marchantiophyta;Frullaniaceae;Frullania ericoides;(Hedw.) Reichardt;-7.256389;-39.468611;Batista, WVM;197b;Batista, W. V. S. M.;70232;UFP;UFPE;57662;162
GBIF;Marchantiophyta;Frullaniaceae;Frullania ericoides;(Hedw.) Reichardt;-7.256389;-39.468611;Batista, WVM;188b;Batista, W. V. S. M.;70208;UFP;UFPE;57662;162
GBIF;Marchantiophyta;Frullaniaceae;Frullania ericoides;(Nees) Grolle;-7.256389;-39.468611;Batista, WVM;182a;Batista, W. V. S. M.;70202;UFP;UFPE;57662;162
GBIF;Marchantiophyta;Frullaniaceae;Frullania ericoides;(Gottsche) A. Evans;-7.256389;-39.468611;Batista, WVM;181a;Batista, W. V. S. M.;70190;UFP;UFPE;57662;162
GBIF;Marchantiophyta;Frullaniaceae;Frullania ericoides;(Gottsche) A. Evans;-7.256389;-39.468611;Batista, WVM;190b;Batista, W. V. S. M.;71874;UFP;UFPE;57662;162
GBIF;Marchantiophyta;Frullaniaceae;Frullania ericoides;Taylor ex Hook. & Wilson;-7.256389;-39.468611;Batista, WVM;185a;Batista, W. V. S. M.;70183;UFP;UFPE;57662;162
GBIF;Marchantiophyta;Lejeuneaceae;Lejeunea glaucescens;(Gottsche) Gottsche;-7.256389;-39.468611;Batista, WVM;187c;Batista, W. V. S. M.;51495;UFP;UFPE;57662;162
GBIF;Marchantiophyta;Lejeuneaceae;Lejeunea phyllobola;(Müll. Hal.) Mitt. ex Lindb.;-7.256389;-39.468611;Batista, WVM;192a;Batista, W. V. S. M.;79225;UFP;UFPE;57662;162
GBIF;Marchantiophyta;Lejeuneaceae;Lejeunea phyllobola;(Müll. Hal.) Mitt. ex Lindb.;-7.256389;-39.468611;Batista, WVM;197c;Batista, W. V. S. M.;79208;UFP;UFPE;57662;162
GBIF;Marchantiophyta;Lejeuneaceae;Lejeunea phyllobola;(Müll. Hal.) Mitt. ex Lindb.;-7.256389;-39.468611;Batista, WVM;190e;Batista, W. V. S. M.;79120;UFP;UFPE;57662;162
GBIF;Marchantiophyta;Lejeuneaceae;Lejeunea phyllobola;(Müll. Hal.) Mitt. ex Lindb.;-7.256389;-39.468611;Batista, WVM;191a;Batista, W. V. S. M.;79426;UFP;UFPE;57662;162
GBIF;Bryophyta;Sematophyllaceae;Microcalpe subsimplex;(Müll. Hal.) Mitt. ex Lindb.;-7.256389;-39.468611;Batista, WVM;230a;Batista, WVSM;146864;UFP;UFPE;57662;162
GBIF;Bryophyta;Sematophyllaceae;Microcalpe subsimplex;(Müll. Hal.) Mitt. ex Lindb.;-7.256389;-39.468611;Batista, WVM;184a;Batista, WVSM;146871;UFP;UFPE;57662;162
GBIF;Bryophyta;Sematophyllaceae;Microcalpe subsimplex;(Müll. Hal.) Mitt. ex Lindb.;-7.256389;-39.468611;Batista, WVM;187a;Batista, WVSM;146868;UFP;UFPE;57662;162
GBIF;Marchantiophyta;Lejeuneaceae;Microlejeunea bullata;(Müll. Hal.) Mitt. ex Lindb.;-7.256389;-39.468611;Batista, WVM;229a;Batista, W. V. S. M.;133062;UFP;UFPE;57662;162
GBIF;Marchantiophyta;Lejeuneaceae;Microlejeunea bullata;(Müll. Hal.) Mitt. ex Lindb.;-7.256389;-39.468611;Batista, WVM;190a;Batista, W. V. S. M.;133062;UFP;UFPE;57662;162
GBIF;Marchantiophyta;Lejeuneaceae;Microlejeunea bullata;(Müll. Hal.) Mitt. ex Lindb.;-7.256389;-39.468611;Batista, WVM;188a;Batista, W. V. S. M.;133063;UFP;UFPE;57662;162
GBIF;Marchantiophyta;Lejeuneaceae;Microlejeunea bullata;(Müll. Hal.) Mitt. ex Lindb.;-7.256389;-39.468611;Batista, WVM;197a;Batista, W. V. S. M.;133061;UFP;UFPE;57662;162
GBIF;Marchantiophyta;Lejeuneaceae;Microlejeunea bullata;(Müll. Hal.) Mitt. ex Lindb.;-7.256389;-39.468611;Batista, WVM;198a;Batista, W. V. S. M.;090795;UFP;UFPE;57662;162
GBIF;Marchantiophyta;Lejeuneaceae;Microlejeunea bullata;(Müll. Hal.) Mitt. ex Lindb.;-7.256389;-39.468611;Batista, WVM;195c;Batista, W. V. S. M.;88382;UFP;UFPE;57662;162
GBIF;Marchantiophyta;Lejeuneaceae;Microlejeunea bullata;(Müll. Hal.) Mitt. ex Lindb.;-7.256389;-39.468611;Batista, WVM;192b;Batista, W. V. S. M.;88383;UFP;UFPE;57662;162
GBIF;Marchantiophyta;Lejeuneaceae;Microlejeunea bullata;(Müll. Hal.) Mitt. ex Lindb.;-7.256389;-39.468611;Batista, WVM;183a;Batista, W. V. S. M.;146890;UFP;UFPE;57662;162
GBIF;Marchantiophyta;Lejeuneaceae;Myriocoleopsis minutissima;(Müll. Hal.) Mitt. ex Lindb.;-7.256389;-39.468611;Batista, WVM;182b;Batista, W. V. S. M.;191451;UFP;UFPE;57662;162
GBIF;Bryophyta;Octoblepharaceae;Octoblepharum albidum;(Müll. Hal.) Mitt. ex Lindb.;-7.256389;-39.468611;Batista, WVM;193a;Batista, WVSM;27250;UFP;UFPE;57662;162
GBIF;Marchantiophyta;Lejeuneaceae;Pycnolejeunea contigua;(Müll. Hal.) Mitt. ex Lindb.;-7.256389;-39.468611;Batista, WVM;196b;Batista, W. V. S. M.;76271;UFP;UFPE;57662;162
GBIF;Marchantiophyta;Lejeuneaceae;Schiffneriolejeunea polycarpa;(Müll. Hal.) Mitt. ex Lindb.;-7.256389;-39.468611;Batista, WVM;190c;Batista, W. V. S. M.;85024A;UFP;UFPE;57662;162
GBIF;Bryophyta;Sematophyllaceae;Brittonodoxa subpinnata;(Müll. Hal.) Mitt. ex Lindb.;-7.231667;-39.471111;Batista, WVM;53c;Batista, WVSM;84292;UFP;UFPE;57663;163
GBIF;Bryophyta;Calymperaceae;Calymperes afzelii;Hedw.;-7.230236;-39.475986;Batista, WVM;13c;Batista, WVSM;28260;UFP;UFPE;57663;163
GBIF;Bryophyta;Calymperaceae;Calymperes afzelii;Hedw.;-7.230236;-39.475986;Batista, WVM;15a;Batista, WVSM;29429;UFP;UFPE;57663;163
GBIF;Marchantiophyta;Lejeuneaceae;Cololejeunea camillei;Hedw.;-7.231667;-39.471111;Batista, WVM;48d;Batista, W. V. S. M.;64228;UFP;UFPE;57663;163
GBIF;Marchantiophyta;Lejeuneaceae;Cololejeunea camillei;Hedw.;-7.230236;-39.475986;Batista, WVM;14c;Batista, W. V. S. M.;64176;UFP;UFPE;57663;163
GBIF;Marchantiophyta;Lejeuneaceae;Cololejeunea contractiloba;Hedw.;-7.231667;-39.471111;Batista, WVM;51g;Batista, W. V. S. M.;49722;UFP;UFPE;57663;163
GBIF;Marchantiophyta;Lejeuneaceae;Cololejeunea obliqua;Hedw.;-7.230236;-39.475986;Batista, WVM;12b;Batista, W. V. S. M.;49720;UFP;UFPE;57663;163
GBIF;Bryophyta;Stereophyllaceae;Entodontopsis leucostega;Hedw.;-7.231667;-39.471111;Batista, WVM;48a;Batista, WVSM;51525;UFP;UFPE;57663;163
GBIF;Bryophyta;Stereophyllaceae;Entodontopsis leucostega;Hedw.;-7.231667;-39.471111;Batista, WVM;49b;Batista, WVSM;51433;UFP;UFPE;57663;163
GBIF;Bryophyta;Stereophyllaceae;Entodontopsis leucostega;Hedw.;-7.231667;-39.471111;Batista, WVM;59d;Batista, WVSM;51381;UFP;UFPE;57663;163
GBIF;Bryophyta;Stereophyllaceae;Entodontopsis leucostega;Hedw.;-7.231667;-39.471111;Batista, WVM;60b;Batista, WVSM;51407;UFP;UFPE;57663;163
GBIF;Bryophyta;Fabroniaceae;Fabronia ciliaris;Hedw.;-7.231667;-39.471111;Batista, WVM;49c;Batista, WVSM;51575;UFP;UFPE;57663;163
GBIF;Bryophyta;Fabroniaceae;Fabronia ciliaris;Hedw.;-7.231667;-39.471111;Batista, WVM;59e;Batista, WVSM;51554;UFP;UFPE;57663;163
GBIF;Bryophyta;Fissidentaceae;Fissidens elegans;Hedw.;-7.231667;-39.471111;Batista, WVM;51c;Batista, WVSM;51620;UFP;UFPE;57663;163
GBIF;Marchantiophyta;Frullaniaceae;Frullania ericoides;Hedw.;-7.231667;-39.471111;Batista, WVM;50a;Batista, W. V. S. M.;70230;UFP;UFPE;57663;163
GBIF;Marchantiophyta;Frullaniaceae;Frullania ericoides;Hedw.;-7.231667;-39.471111;Batista, WVM;46b;Batista, W. V. S. M.;96429;UFP;UFPE;57663;163
GBIF;Marchantiophyta;Frullaniaceae;Frullania ericoides;Hedw.;-7.231667;-39.471111;Batista, WVM;49a;Batista, W. V. S. M.;63491;UFP;UFPE;57663;163
GBIF;Marchantiophyta;Frullaniaceae;Frullania ericoides;Hedw.;-7.231667;-39.471111;Batista, WVM;48b;Batista, W. V. S. M.;63494;UFP;UFPE;57663;163
GBIF;Marchantiophyta;Frullaniaceae;Frullania ericoides;Hedw.;-7.231667;-39.471111;Batista, WVM;47a;Batista, W. V. S. M.;63496;UFP;UFPE;57663;163
GBIF;Marchantiophyta;Frullaniaceae;Frullania ericoides;Hedw.;-7.231667;-39.471111;Batista, WVM;53a;Batista, W. V. S. M.;63477;UFP;UFPE;57663;163
GBIF;Marchantiophyta;Frullaniaceae;Frullania ericoides;Hedw.;-7.231667;-39.471111;Batista, WVM;58a;Batista, W. V. S. M.;72498;UFP;UFPE;57663;163
GBIF;Marchantiophyta;Frullaniaceae;Frullania ericoides;Hedw.;-7.231667;-39.471111;Batista, WVM;60a;Batista, W. V. S. M.;72499;UFP;UFPE;57663;163
GBIF;Marchantiophyta;Frullaniaceae;Frullania ericoides;Hedw.;-7.231667;-39.471111;Batista, WVM;54a;Batista, W. V. S. M.;71912;UFP;UFPE;57663;163
GBIF;Marchantiophyta;Frullaniaceae;Frullania ericoides;Hedw.;-7.231667;-39.471111;Batista, WVM;55a;Batista, W. V. S. M.;71868;UFP;UFPE;57663;163
GBIF;Marchantiophyta;Frullaniaceae;Frullania ericoides;Hedw.;-7.231667;-39.471111;Batista, WVM;61a;Batista, W. V. S. M.;70229;UFP;UFPE;57663;163
GBIF;Marchantiophyta;Frullaniaceae;Frullania ericoides;Hedw.;-7.231667;-39.471111;Batista, WVM;51a;"Bordin, J; Batista, WVSM";70354;UFP;UFPE;57663;163
GBIF;Marchantiophyta;Frullaniaceae;Frullania ericoides;Hedw.;-7.230236;-39.475986;Batista, WVM;15b;Batista, W. V. S. M.;70138;UFP;UFPE;57663;163
GBIF;Marchantiophyta;Frullaniaceae;Frullania ericoides;Hedw.;-7.230236;-39.475986;Batista, WVM;12c;Batista, W. V. S. M.;71894;UFP;UFPE;57663;163
GBIF;Marchantiophyta;Frullaniaceae;Frullania ericoides;Hedw.;-7.230236;-39.475986;Batista, WVM;14b;Batista, W. V. S. M.;71899;UFP;UFPE;57663;163
GBIF;Marchantiophyta;Frullaniaceae;Frullania ericoides;Hedw.;-7.230236;-39.475986;Batista, WVM;13b;Batista, W. V. S. M.;71902;UFP;UFPE;57663;163
GBIF;Bryophyta;Pylaisiadelphaceae;Isopterygium tenerifolium;Hedw.;-7.231667;-39.471111;Batista, WVM;51i;Batista, WVSM;77724;UFP;UFPE;57663;163
GBIF;Marchantiophyta;Lejeuneaceae;Lejeunea phyllobola;Hedw.;-7.231667;-39.471111;Batista, WVM;46a;Batista, W. V. S. M.;79440;UFP;UFPE;57663;163
GBIF;Marchantiophyta;Lejeuneaceae;Lejeunea phyllobola;Hedw.;-7.231667;-39.471111;Batista, WVM;58b;Batista, W. V. S. M.;51615;UFP;UFPE;57663;163
GBIF;Marchantiophyta;Lejeuneaceae;Lejeunea phyllobola;Hedw.;-7.230236;-39.475986;Batista, WVM;13a;Batista, W. V. S. M.;77315;UFP;UFPE;57663;163
GBIF;Bryophyta;Sematophyllaceae;Microcalpe subsimplex;Hedw.;-7.231667;-39.471111;Batista, WVM;51f;Batista, WVSM;133041;UFP;UFPE;57663;163
GBIF;Bryophyta;Sematophyllaceae;Microcalpe subsimplex;Hedw.;-7.231667;-39.471111;Batista, WVM;52a;Batista, WVSM;146862;UFP;UFPE;57663;163
GBIF;Bryophyta;Sematophyllaceae;Microcalpe subsimplex;Hedw.;-7.231667;-39.471111;Batista, WVM;56a;Batista, WVSM;133030;UFP;UFPE;57663;163
GBIF;Marchantiophyta;Lejeuneaceae;Microlejeunea bullata;Hedw.;-7.231667;-39.471111;Batista, WVM;50b;Batista, W. V. S. M.;146891;UFP;UFPE;57663;163
GBIF;Marchantiophyta;Lejeuneaceae;Microlejeunea bullata;Hedw.;-7.231667;-39.471111;Batista, WVM;48c;Batista, W. V. S. M.;146887;UFP;UFPE;57663;163
GBIF;Marchantiophyta;Lejeuneaceae;Microlejeunea bullata;Hedw.;-7.231667;-39.471111;Batista, WVM;51d;Batista, W. V. S. M.;146880;UFP;UFPE;57663;163
GBIF;Marchantiophyta;Lejeuneaceae;Microlejeunea bullata;Hedw.;-7.231667;-39.471111;Batista, WVM;54b;Batista, W. V. S. M.;146892;UFP;UFPE;57663;163
GBIF;Marchantiophyta;Lejeuneaceae;Microlejeunea bullata;Hedw.;-7.231667;-39.471111;Batista, WVM;53b;Batista, W. V. S. M.;1088918;UFP;UFPE;57663;163
GBIF;Marchantiophyta;Lejeuneaceae;Microlejeunea bullata;Hedw.;-7.231667;-39.471111;Batista, WVM;58c;Batista, W. V. S. M.;146881;UFP;UFPE;57663;163
GBIF;Marchantiophyta;Lejeuneaceae;Microlejeunea bullata;Hedw.;-7.230236;-39.475986;Batista, WVM;14a;Batista, W. V. S. M.;146886;UFP;UFPE;57663;163
GBIF;Marchantiophyta;Lejeuneaceae;Microlejeunea bullata;Hedw.;-7.230236;-39.475986;Batista, WVM;12a;Batista, W. V. S. M.;146879;UFP;UFPE;57663;163
GBIF;Marchantiophyta;Lejeuneaceae;Myriocoleopsis minutissima;Hedw.;-7.231667;-39.471111;Batista, WVM;51h;Batista, W. V. S. M.;191425;UFP;UFPE;57663;163
GBIF;Bryophyta;Octoblepharaceae;Octoblepharum albidum;Hedw.;-7.231667;-39.471111;Batista, WVM;51b;Batista, WVSM;191282;UFP;UFPE;57663;163
GBIF;Bryophyta;Octoblepharaceae;Octoblepharum albidum;Hedw.;-7.231667;-39.471111;Batista, WVM;52b;Batista, WVSM;191294;UFP;UFPE;57663;163
GBIF;Bryophyta;Octoblepharaceae;Octoblepharum albidum;Hedw.;-7.231667;-39.471111;Batista, WVM;57b;Batista, WVSM;191281;UFP;UFPE;57663;163
GBIF;Bryophyta;Octoblepharaceae;Octoblepharum albidum;Hedw.;-7.231667;-39.471111;Batista, WVM;59b;Batista, WVSM;150145;UFP;UFPE;57663;163
GBIF;Marchantiophyta;Plagiochilaceae;Plagiochila raddiana;Hedw.;-7.230236;-39.475986;Batista, WVM;15c;Batista, W. V. S. M.;191184;UFP;UFPE;57663;163
GBIF;Marchantiophyta;Lejeuneaceae;Pycnolejeunea contigua;Hedw.;-7.231667;-39.471111;Batista, WVM;57a;Batista, W. V. S. M.;76265A;UFP;UFPE;57663;163
GBIF;Marchantiophyta;Lejeuneaceae;Pycnolejeunea contigua;Hedw.;-7.231667;-39.471111;Batista, WVM;51e;Batista, W. V. S. M.;76231;UFP;UFPE;57663;163
GBIF;Marchantiophyta;Lejeuneaceae;Pycnolejeunea contigua;Hedw.;-7.231667;-39.471111;Batista, WVM;59c;Batista, W. V. S. M.;75931;UFP;UFPE;57663;163
GBIF;Bryophyta;Sematophyllaceae;Brittonodoxa subpinnata;Hedw.;-7.282092;-39.439136;Batista, WVM;30c;Batista, WVSM;84287;UFP;UFPE;57992;164
GBIF;Bryophyta;Sematophyllaceae;Brittonodoxa subpinnata;Hedw.;-7.273075;-39.46025;Batista, WVM;34a;Batista, WVSM;84390;UFP;UFPE;57992;164
GBIF;Bryophyta;Sematophyllaceae;Brittonodoxa subpinnata;Hedw.;-7.273075;-39.46025;Batista, WVM;44a;Batista, WVSM;84413;UFP;UFPE;57992;164
GBIF;Bryophyta;Sematophyllaceae;Brittonodoxa subpinnata;Hedw.;-7.273075;-39.46025;Batista, WVM;45a;Batista, WVSM;84321;UFP;UFPE;57992;164
GBIF;Bryophyta;Sematophyllaceae;Brittonodoxa subpinnata;Hedw.;-7.273075;-39.46025;Batista, WVM;41a;"Bordin, J; Batista, WVSM";84324;UFP;UFPE;57992;164
GBIF;Bryophyta;Calymperaceae;Calymperes palisotii;Hedw.;-7.273075;-39.46025;Batista, WVM;35e;Batista, WVSM;RB00742986;UFP;UFPE;57992;164
GBIF;Marchantiophyta;Lejeuneaceae;Cololejeunea camillei;Hedw.;-7.282092;-39.439136;Batista, WVM;1b;Batista, W. V. S. M.;64174;UFP;UFPE;57992;164
GBIF;Marchantiophyta;Lejeuneaceae;Cololejeunea camillei;Hedw.;-7.282092;-39.439136;Batista, WVM;5b;Batista, W. V. S. M.;64177;UFP;UFPE;57992;164
GBIF;Marchantiophyta;Lejeuneaceae;Cololejeunea camillei;Hedw.;-7.282092;-39.439136;Batista, WVM;4c;Batista, W. V. S. M.;64196;UFP;UFPE;57992;164
GBIF;Marchantiophyta;Lejeuneaceae;Cololejeunea camillei;Hedw.;-7.282092;-39.439136;Batista, WVM;6b;Batista, W. V. S. M.;64235;UFP;UFPE;57992;164
GBIF;Marchantiophyta;Lejeuneaceae;Cololejeunea camillei;Hedw.;-7.282092;-39.439136;Batista, WVM;3b;Batista, W. V. S. M.;64205;UFP;UFPE;57992;164
GBIF;Marchantiophyta;Lejeuneaceae;Cololejeunea contractiloba;Hedw.;-7.273075;-39.46025;Batista, WVM;43d;Batista, W. V. S. M.;49721;UFP;UFPE;57992;164
GBIF;Bryophyta;Sematophyllaceae;Donnellia commutata;Hedw.;-7.273075;-39.46025;Batista, WVM;10c;Batista, WVSM;61604;UFP;UFPE;57992;164
GBIF;Bryophyta;Stereophyllaceae;Entodontopsis leucostega;Hedw.;-7.282092;-39.439136;Batista, WVM;1a;Batista, WVSM;51447;UFP;UFPE;57992;164
GBIF;Bryophyta;Stereophyllaceae;Entodontopsis leucostega;Hedw.;-7.282092;-39.439136;Batista, WVM;17b;Batista, WVSM;51517;UFP;UFPE;57992;164
GBIF;Bryophyta;Stereophyllaceae;Entodontopsis leucostega;Hedw.;-7.282092;-39.439136;Batista, WVM;20c;Batista, WVSM;51511;UFP;UFPE;57992;164
GBIF;Bryophyta;Stereophyllaceae;Entodontopsis leucostega;Hedw.;-7.282092;-39.439136;Batista, WVM;27a;Batista, WVSM;51504;UFP;UFPE;57992;164
GBIF;Bryophyta;Stereophyllaceae;Entodontopsis leucostega;Hedw.;-7.273075;-39.46025;Batista, WVM;35b;Batista, WVSM;51422;UFP;UFPE;57992;164
GBIF;Bryophyta;Stereophyllaceae;Entodontopsis leucostega;Hedw.;-7.273075;-39.46025;Batista, WVM;37a;Batista, WVSM;51398;UFP;UFPE;57992;164
GBIF;Bryophyta;Stereophyllaceae;Entodontopsis leucostega;Hedw.;-7.273075;-39.46025;Batista, WVM;38a;Batista, WVSM;51487;UFP;UFPE;57992;164
GBIF;Bryophyta;Stereophyllaceae;Entodontopsis leucostega;Hedw.;-7.273075;-39.46025;Batista, WVM;44b;Batista, WVSM;51374;UFP;UFPE;57992;164
GBIF;Bryophyta;Stereophyllaceae;Entodontopsis leucostega;Hedw.;-7.273075;-39.46025;Batista, WVM;43a;"Bordin, J; Batista, WVSM";51410;UFP;UFPE;57992;164
GBIF;Bryophyta;Fabroniaceae;Fabronia ciliaris;Hedw.;-7.282092;-39.439136;Batista, WVM;23b;Batista, WVSM;51591;UFP;UFPE;57992;164
GBIF;Bryophyta;Fabroniaceae;Fabronia ciliaris;Hedw.;-7.273075;-39.46025;Batista, WVM;35a;Batista, WVSM;51570;UFP;UFPE;57992;164
GBIF;Bryophyta;Fabroniaceae;Fabronia ciliaris;Hedw.;-7.273075;-39.46025;Batista, WVM;7b;Batista, WVSM;51529;UFP;UFPE;57992;164
GBIF;Bryophyta;Fissidentaceae;Fissidens brevipes;Hedw.;-7.273075;-39.46025;Batista, WVM;43c;Batista, WVSM;51600;UFP;UFPE;57992;164
GBIF;Bryophyta;Fissidentaceae;Fissidens elegans;Hedw.;-7.273075;-39.46025;Batista, WVM;41d;Batista, WVSM;51605;UFP;UFPE;57992;164
GBIF;Bryophyta;Fissidentaceae;Fissidens gardneri;Hedw.;-7.282092;-39.439136;Batista, WVM;5c;Batista, WVSM;71946;UFP;UFPE;57992;164
GBIF;Marchantiophyta;Frullaniaceae;Frullania ericoides;Hedw.;-7.282092;-39.439136;Batista, WVM;3a;Batista, W. V. S. M.;72378;UFP;UFPE;57992;164
GBIF;Marchantiophyta;Frullaniaceae;Frullania ericoides;Hedw.;-7.282092;-39.439136;Batista, WVM;1c;Batista, W. V. S. M.;72379;UFP;UFPE;57992;164
GBIF;Marchantiophyta;Frullaniaceae;Frullania ericoides;Hedw.;-7.282092;-39.439136;Batista, WVM;6a;Batista, W. V. S. M.;77029;UFP;UFPE;57992;164
GBIF;Marchantiophyta;Frullaniaceae;Frullania ericoides;Hedw.;-7.282092;-39.439136;Batista, WVM;4a;Batista, W. V. S. M.;77935;UFP;UFPE;57992;164
GBIF;Marchantiophyta;Frullaniaceae;Frullania ericoides;Hedw.;-7.282092;-39.439136;Batista, WVM;2a;Batista, W. V. S. M.;77031;UFP;UFPE;57992;164
GBIF;Marchantiophyta;Frullaniaceae;Frullania ericoides;Hedw.;-7.282092;-39.439136;Batista, WVM;5a;"Bordin, J; Batista, WVSM";72375;UFP;UFPE;57992;164
GBIF;Marchantiophyta;Frullaniaceae;Frullania ericoides;Hedw.;-7.282092;-39.439136;Batista, WVM;28b;Batista, W. V. S. M.;72376;UFP;UFPE;57992;164
GBIF;Marchantiophyta;Frullaniaceae;Frullania ericoides;Hedw.;-7.282092;-39.439136;Batista, WVM;23a;Batista, W. V. S. M.;77034;UFP;UFPE;57992;164
GBIF;Marchantiophyta;Frullaniaceae;Frullania ericoides;Hedw.;-7.282092;-39.439136;Batista, WVM;30a;Batista, W. V. S. M.;77038;UFP;UFPE;57992;164
GBIF;Marchantiophyta;Frullaniaceae;Frullania ericoides;Hedw.;-7.282092;-39.439136;Batista, WVM;29a;Batista, W. V. S. M.;77040;UFP;UFPE;57992;164
GBIF;Marchantiophyta;Frullaniaceae;Frullania ericoides;Hedw.;-7.282092;-39.439136;Batista, WVM;25a;Batista, W. V. S. M.;77042;UFP;UFPE;57992;164
GBIF;Marchantiophyta;Frullaniaceae;Frullania ericoides;Hedw.;-7.282092;-39.439136;Batista, WVM;26a;Batista, W. V. S. M.;77044;UFP;UFPE;57992;164
GBIF;Marchantiophyta;Frullaniaceae;Frullania ericoides;Hedw.;-7.282092;-39.439136;Batista, WVM;22a;Batista, W. V. S. M.;72127;UFP;UFPE;57992;164
GBIF;Marchantiophyta;Frullaniaceae;Frullania ericoides;Hedw.;-7.282092;-39.439136;Batista, WVM;18a;Batista, W. V. S. M.;72128;UFP;UFPE;57992;164
GBIF;Marchantiophyta;Frullaniaceae;Frullania ericoides;Hedw.;-7.282092;-39.439136;Batista, WVM;24a;Batista, W. V. S. M.;77028;UFP;UFPE;57992;164
GBIF;Marchantiophyta;Frullaniaceae;Frullania ericoides;Hedw.;-7.282092;-39.439136;Batista, WVM;20b;Batista, W. V. S. M.;77030;UFP;UFPE;57992;164
GBIF;Marchantiophyta;Frullaniaceae;Frullania ericoides;Hedw.;-7.282092;-39.439136;Batista, WVM;17c;Batista, W. V. S. M.;72377;UFP;UFPE;57992;164
GBIF;Marchantiophyta;Frullaniaceae;Frullania ericoides;Hedw.;-7.282092;-39.439136;Batista, WVM;21a;Batista, W. V. S. M.;77036;UFP;UFPE;57992;164
GBIF;Marchantiophyta;Frullaniaceae;Frullania ericoides;Hedw.;-7.273075;-39.46025;Batista, WVM;33a;Batista, W. V. S. M.;77045;UFP;UFPE;57992;164
GBIF;Marchantiophyta;Frullaniaceae;Frullania ericoides;Hedw.;-7.273075;-39.46025;Batista, WVM;38b;Batista, W. V. S. M.;77932;UFP;UFPE;57992;164
GBIF;Marchantiophyta;Frullaniaceae;Frullania ericoides;Hedw.;-7.273075;-39.46025;Batista, WVM;35c;Batista, W. V. S. M.;77027;UFP;UFPE;57992;164
GBIF;Marchantiophyta;Frullaniaceae;Frullania ericoides;Hedw.;-7.273075;-39.46025;Batista, WVM;37b;Batista, W. V. S. M.;77037;UFP;UFPE;57992;164
GBIF;Marchantiophyta;Frullaniaceae;Frullania ericoides;Hedw.;-7.273075;-39.46025;Batista, WVM;32a;Batista, W. V. S. M.;77033;UFP;UFPE;57992;164
GBIF;Marchantiophyta;Frullaniaceae;Frullania ericoides;Hedw.;-7.273075;-39.46025;Batista, WVM;39a;Batista, W. V. S. M.;70182;UFP;UFPE;57992;164
GBIF;Marchantiophyta;Frullaniaceae;Frullania ericoides;Hedw.;-7.273075;-39.46025;Batista, WVM;40a;Batista, W. V. S. M.;96232;UFP;UFPE;57992;164
GBIF;Marchantiophyta;Frullaniaceae;Frullania ericoides;Mitt.;-7.273075;-39.46025;Batista, WVM;9b;Batista, W. V. S. M.;96226;UFP;UFPE;57992;164
GBIF;Marchantiophyta;Frullaniaceae;Frullania ericoides;Mitt.;-7.273075;-39.46025;Batista, WVM;8b;Batista, W. V. S. M.;70228;UFP;UFPE;57992;164
GBIF;Marchantiophyta;Frullaniaceae;Frullania ericoides;Mitt.;-7.273075;-39.46025;Batista, WVM;7a;Batista, W. V. S. M.;70386;UFP;UFPE;57992;164
GBIF;Marchantiophyta;Frullaniaceae;Frullania ericoides;Mitt.;-7.273075;-39.46025;Batista, WVM;11b;Batista, W. V. S. M.;71678;UFP;UFPE;57992;164
GBIF;Marchantiophyta;Frullaniaceae;Frullania ericoides;Mitt.;-7.273075;-39.46025;Batista, WVM;10b;Batista, W. V. S. M.;71904;UFP;UFPE;57992;164
GBIF;Marchantiophyta;Lejeuneaceae;Lejeunea phyllobola;Schimp. ex Mont.;-7.273075;-39.46025;Batista, WVM;41b;Batista, W. V. S. M.;77322;UFP;UFPE;57992;164
GBIF;Marchantiophyta;Lejeuneaceae;Lejeunea phyllobola;Schimp. ex Mont.;-7.273075;-39.46025;Batista, WVM;31b;Batista, W. V. S. M.;77311;UFP;UFPE;57992;164
GBIF;Marchantiophyta;Lejeuneaceae;Lejeunea phyllobola;Mitt. ex R.S. Williams;-7.273075;-39.46025;Batista, WVM;35d;Batista, W. V. S. M.;79665;UFP;UFPE;57992;164
GBIF;Marchantiophyta;Lejeuneaceae;Lejeunea phyllobola;Mitt. ex R.S. Williams;-7.273075;-39.46025;Batista, WVM;36b;Batista, W. V. S. M.;79209;UFP;UFPE;57992;164
GBIF;Bryophyta;Sematophyllaceae;Microcalpe subsimplex;Mitt. ex R.S. Williams;-7.282092;-39.439136;Batista, WVM;3c;Batista, WVSM;146866;UFP;UFPE;57992;164
GBIF;Bryophyta;Sematophyllaceae;Microcalpe subsimplex;Mitt. ex R.S. Williams;-7.282092;-39.439136;Carlos;HCDAL3753;Porto, K. C.;146867;HCDAL;URCA;57992;164
GBIF;Marchantiophyta;Lejeuneaceae;Microlejeunea bullata;Mitt. ex R.S. Williams;-7.282092;-39.439136;Batista, WVM;4b;Batista, W. V. S. M.;133040;UFP;UFPE;57992;164
GBIF;Marchantiophyta;Lejeuneaceae;Microlejeunea bullata;Mitt. ex R.S. Williams;-7.282092;-39.439136;Batista, WVM;29b;Batista, W. V. S. M.;146860;UFP;UFPE;57992;164
GBIF;Marchantiophyta;Lejeuneaceae;Microlejeunea bullata;Mitt. ex R.S. Williams;-7.282092;-39.439136;Batista, WVM;24b;Batista, W. V. S. M.;90202116;UFP;UFPE;57992;164
GBIF;Marchantiophyta;Lejeuneaceae;Microlejeunea bullata;Mitt. ex R.S. Williams;-7.282092;-39.439136;Batista, WVM;26b;Batista, W. V. S. M.;234238;UFP;UFPE;57992;164
GBIF;Marchantiophyta;Lejeuneaceae;Microlejeunea bullata;Mitt. ex R.S. Williams;-7.282092;-39.439136;Batista, WVM;30b;Batista, W. V. S. M.;234237;UFP;UFPE;57992;164
GBIF;Marchantiophyta;Lejeuneaceae;Microlejeunea bullata;Mitt. ex R.S. Williams;-7.282092;-39.439136;Batista, WVM;25b;Batista, W. V. S. M.;234236;UFP;UFPE;57992;164
GBIF;Marchantiophyta;Lejeuneaceae;Microlejeunea bullata;Mitt. ex R.S. Williams;-7.273075;-39.46025;Batista, WVM;31a;Batista, W. V. S. M.;146874;UFP;UFPE;57992;164
GBIF;Marchantiophyta;Lejeuneaceae;Microlejeunea bullata;Mitt. ex R.S. Williams;-7.273075;-39.46025;Batista, WVM;33b;Batista, W. V. S. M.;146876;UFP;UFPE;57992;164
GBIF;Marchantiophyta;Lejeuneaceae;Microlejeunea bullata;Mitt. ex R.S. Williams;-7.273075;-39.46025;Batista, WVM;42a;Batista, W. V. S. M.;146875;UFP;UFPE;57992;164
GBIF;Marchantiophyta;Lejeuneaceae;Microlejeunea bullata;Mitt. ex R.S. Williams;-7.273075;-39.46025;Batista, WVM;9a;Batista, W. V. S. M.;146877;UFP;UFPE;57992;164
GBIF;Marchantiophyta;Lejeuneaceae;Microlejeunea bullata;(Dozy & Molk.) Spruce;-7.273075;-39.46025;Batista, WVM;7c;Batista, W. V. S. M.;146878;UFP;UFPE;57992;164
GBIF;Marchantiophyta;Lejeuneaceae;Microlejeunea bullata;(F. Weber) Schiffn.;-7.273075;-39.46025;Batista, WVM;10a;Batista, W. V. S. M.;146873;UFP;UFPE;57992;164
GBIF;Marchantiophyta;Lejeuneaceae;Microlejeunea bullata;(F. Weber) Schiffn.;-7.273075;-39.46025;Batista, WVM;8a;Batista, W. V. S. M.;133064;UFP;UFPE;57992;164
GBIF;Marchantiophyta;Lejeuneaceae;Microlejeunea bullata;(F. Weber) Schiffn.;-7.273075;-39.46025;Batista, WVM;11a;Batista, W. V. S. M.;133065;UFP;UFPE;57992;164
GBIF;Bryophyta;Octoblepharaceae;Octoblepharum albidum;(F. Weber) Schiffn.;-7.282092;-39.439136;Batista, WVM;2b;Batista, WVSM;70763;UFP;UFPE;57992;164
GBIF;Bryophyta;Octoblepharaceae;Octoblepharum albidum;(F. Weber) Schiffn.;-7.282092;-39.439136;Batista, WVM;19b;Batista, WVSM;001509;UFP;UFPE;57992;164
GBIF;Bryophyta;Octoblepharaceae;Octoblepharum albidum;(F. Weber) Schiffn.;-7.273075;-39.46025;Batista, WVM;43b;Batista, WVSM;14245;UFP;UFPE;57992;164
GBIF;Bryophyta;Octoblepharaceae;Octoblepharum albidum;(F. Weber) Schiffn.;-7.273075;-39.46025;Batista, WVM;8c;Batista, WVSM;12198;UFP;UFPE;57992;164
GBIF;Marchantiophyta;Lejeuneaceae;Pycnolejeunea contigua;(F. Weber) Schiffn.;-7.282092;-39.439136;Batista, WVM;19a;Batista, W. V. S. M.;75873;UFP;UFPE;57992;164
GBIF;Bryophyta;Stereophyllaceae;Stereophyllum radiculosum;(F. Weber) Schiffn.;-7.282092;-39.439136;Batista, WVM;17a;Batista, WVSM;88409;UFP;UFPE;57992;164
GBIF;Bryophyta;Stereophyllaceae;Stereophyllum radiculosum;Steph.;-7.282092;-39.439136;Batista, WVM;20a;Batista, WVSM;88411;UFP;UFPE;57992;164
GBIF;Bryophyta;Stereophyllaceae;Stereophyllum radiculosum;Steph.;-7.282092;-39.439136;Batista, WVM;22b;Batista, WVSM;88410;UFP;UFPE;57992;164
GBIF;Bryophyta;Stereophyllaceae;Stereophyllum radiculosum;(Mart.) Dumort.;-7.282092;-39.439136;Batista, WVM;28a;Batista, WVSM;88413;UFP;UFPE;57992;164
GBIF;Bryophyta;Stereophyllaceae;Stereophyllum radiculosum;(Mart.) Dumort.;-7.282092;-39.439136;Batista, WVM;29c;Batista, WVSM;88413;UFP;UFPE;57992;164
GBIF;Bryophyta;Stereophyllaceae;Stereophyllum radiculosum;(Mart.) Dumort.;-7.273075;-39.46025;Batista, WVM;36a;Batista, WVSM;88412;UFP;UFPE;57992;164
GBIF;Bryophyta;Stereophyllaceae;Stereophyllum radiculosum;(Mart.) Dumort.;-7.273075;-39.46025;Batista, WVM;41c;Batista, WVSM;88413;UFP;UFPE;57992;164
GBIF;Bryophyta;Bryaceae;Rosulabryum capillare;(Mart.) Dumort.;-7.38519;-39.4162;Vital, D.M.;2915a;Vital, D.M.;49730;SP-BRYOPHYTA;IBt;58317;165
GBIF;Bryophyta;Bryaceae;Rosulabryum capillare;(Mart.) Dumort.;-7.38519;-39.4162;Vital, D.M.;2915b;Vital, D.M.;49731;SP-BRYOPHYTA;IBt;58317;165
GBIF;Bryophyta;Leucobryaceae;Campylopus heterostachys;(Mart.) Dumort.;-7.38519;-39.4162;Vital, D.M.;2920;Nascimento, M. G. M. & Peralta, D. F.;119515;CESJ;UFJF;58317;165
GBIF;Marchantiophyta;Cephaloziellaceae;Chonecolea doellingeri;(Mart.) Dumort.;-7.38613;-39.42169;Vital, D. M.;2913;Vital, D. M.;1672367;SP-BRYOPHYTA;IBt;58317;165
GBIF;Bryophyta;Fissidentaceae;Fissidens intramarginatus;(Mart.) Dumort.;-7.38519;-39.4162;Vital, D.M.;2919;Peralta, D. F.;72364;SP-BRYOPHYTA;IBt;58317;165
GBIF;Bryophyta;Fissidentaceae;Fissidens minutipes;(Mart.) Dumort.;-7.38519;-39.4162;Vital, D.M.;2916;Pursell, R. A.;77955;SP-BRYOPHYTA;IBt;58317;165
GBIF;Marchantiophyta;Frullaniaceae;Frullania caulisequa;(Mart.) Dumort.;-7.38613;-39.42169;Vital, D. M.;2914;Vital, D. M.;71960;SP-BRYOPHYTA;IBt;58317;165
GBIF;Bryophyta;Leucobryaceae;Ochrobryum gardneri;(Mart.) Dumort.;-7.38613;-39.42169;Vital, D. M.;2914;Vital, D. M.;191449;SP-BRYOPHYTA;IBt;58317;165
GBIF;Bryophyta;Leucobryaceae;Ochrobryum gardneri;(Taylor) Trevis.;-7.38519;-39.4162;Vital, D.M.;2917;Yano, O.;70769;SP-BRYOPHYTA;IBt;58317;165
GBIF;Bryophyta;Octoblepharaceae;Octoblepharum albidum;(Taylor) Trevis.;-7.38519;-39.4162;Vital, D.M.;2918;Yano, O.;191326;SP-BRYOPHYTA;IBt;58317;165
GBIF;Marchantiophyta;Frullaniaceae;Frullania kunzei;(Lindenb. & Gottsche) Trevis.;-7.234167;-39.409444;"Porto, K.C.; Prazeres, S.M.";s.n.;Yano, O.;70394;SP-BRYOPHYTA;IBt;58322;166
GBIF;Marchantiophyta;Ricciaceae;Riccia vitalii;(Lindenb. & Gottsche) Trevis.;-11.80679696;-39.38554527;Vital, D. M.;1986;Peralta, D. F.;84997C;HUSC;UNISANTA;58491;167
GBIF;Marchantiophyta;Lejeuneaceae;Cheilolejeunea rigidula;(Lindenb. & Gottsche) Trevis.;-7.366944;-39.376111;Batista, WVM;91a;Batista, W. V. S. M.;119226;UFP;UFPE;58970;168
GBIF;Marchantiophyta;Lejeuneaceae;Cheilolejeunea rigidula;(Brid.) B.H. Allen & Magill;-7.366944;-39.376111;Batista, WVM;86c;Batista, W. V. S. M.;119369;UFP;UFPE;58970;168
GBIF;Bryophyta;Stereophyllaceae;Entodontopsis leucostega;(Schwägr.) B.H. Allen & Magill;-7.366944;-39.376111;Batista, WVM;92c;Batista, WVSM;51412;UFP;UFPE;58970;168
GBIF;Bryophyta;Stereophyllaceae;Entodontopsis leucostega;W.R. Buck;-7.366944;-39.376111;Batista, WVM;98a;Batista, WVSM;51437;UFP;UFPE;58970;168
GBIF;Bryophyta;Stereophyllaceae;Entodontopsis leucostega;W.R. Buck;-7.366944;-39.376111;Batista, WVM;99a;Batista, WVSM;51439;UFP;UFPE;58970;168
GBIF;Bryophyta;Fabroniaceae;Fabronia ciliaris;W.R. Buck;-7.366944;-39.376111;Batista, WVM;92d;Batista, WVSM;51584;UFP;UFPE;58970;168
GBIF;Bryophyta;Fissidentaceae;Fissidens gardneri;W.R. Buck;-7.366944;-39.376111;Batista, WVM;101b;Batista, WVSM;70457;UFP;UFPE;58970;168
GBIF;Marchantiophyta;Frullaniaceae;Frullania ericoides;W.R. Buck;-7.366944;-39.376111;Batista, WVM;99b;Batista, W. V. S. M.;79159;UFP;UFPE;58970;168
GBIF;Marchantiophyta;Frullaniaceae;Frullania ericoides;W.R. Buck;-7.366944;-39.376111;Batista, WVM;100a;Batista, W. V. S. M.;79160;UFP;UFPE;58970;168
GBIF;Marchantiophyta;Frullaniaceae;Frullania ericoides;W.R. Buck;-7.366944;-39.376111;Batista, WVM;92a;Batista, W. V. S. M.;79178;UFP;UFPE;58970;168
GBIF;Marchantiophyta;Frullaniaceae;Frullania ericoides;W.R. Buck;-7.366944;-39.376111;Batista, WVM;97b;Batista, W. V. S. M.;79161;UFP;UFPE;58970;168
GBIF;Marchantiophyta;Frullaniaceae;Frullania ericoides;W.R. Buck;-7.366944;-39.376111;Batista, WVM;87a;Batista, W. V. S. M.;79163;UFP;UFPE;58970;168
GBIF;Marchantiophyta;Frullaniaceae;Frullania ericoides;W.R. Buck;-7.366944;-39.376111;Batista, WVM;101a;Batista, W. V. S. M.;79164;UFP;UFPE;58970;168
GBIF;Marchantiophyta;Frullaniaceae;Frullania ericoides;W.R. Buck;-7.366944;-39.376111;Batista, WVM;85a;Batista, W. V. S. M.;96489;UFP;UFPE;58970;168
GBIF;Marchantiophyta;Frullaniaceae;Frullania ericoides;W.R. Buck;-7.366944;-39.376111;Batista, WVM;89a;Batista, W. V. S. M.;96229;UFP;UFPE;58970;168
GBIF;Marchantiophyta;Frullaniaceae;Frullania ericoides;W.R. Buck;-7.366944;-39.376111;Batista, WVM;84a;Batista, W. V. S. M.;123773;UFP;UFPE;58970;168
GBIF;Marchantiophyta;Frullaniaceae;Frullania platycalyx;W.R. Buck;-7.366944;-39.376111;Batista, WVM;91b;Batista, W. V. S. M.;71872;UFP;UFPE;58970;168
GBIF;Marchantiophyta;Frullaniaceae;Frullania platycalyx;W.R. Buck;-7.366944;-39.376111;Batista, WVM;92b;Batista, W. V. S. M.;71895;UFP;UFPE;58970;168
GBIF;Marchantiophyta;Frullaniaceae;Frullania platycalyx;W.R. Buck;-7.366944;-39.376111;Batista, WVM;90a;Batista, W. V. S. M.;71893;UFP;UFPE;58970;168
GBIF;Marchantiophyta;Frullaniaceae;Frullania platycalyx;W.R. Buck;-7.366944;-39.376111;Batista, WVM;95a;Batista, W. V. S. M.;71885;UFP;UFPE;58970;168
GBIF;Marchantiophyta;Frullaniaceae;Frullania platycalyx;W.R. Buck;-7.366944;-39.376111;Batista, WVM;82a;Batista, W. V. S. M.;71679;UFP;UFPE;58970;168
GBIF;Marchantiophyta;Frullaniaceae;Frullania platycalyx;W.R. Buck;-7.366944;-39.376111;Batista, WVM;93a;Batista, W. V. S. M.;70201;UFP;UFPE;58970;168
GBIF;Marchantiophyta;Frullaniaceae;Frullania platycalyx;W.R. Buck;-7.366944;-39.376111;Batista, WVM;96a;Batista, W. V. S. M.;70200;UFP;UFPE;58970;168
GBIF;Marchantiophyta;Frullaniaceae;Frullania platycalyx;W.R. Buck;-7.366944;-39.376111;Batista, WVM;94a;Batista, W. V. S. M.;70137A;UFP;UFPE;58970;168
GBIF;Bryophyta;Sematophyllaceae;Jirivanaea galipensis;(Sw. ex Hedw.) Broth.;-7.366944;-39.376111;Batista, WVM;86b;Batista, WVSM;109058;UFP;UFPE;58970;168
GBIF;Marchantiophyta;Lejeuneaceae;Microlejeunea bullata;(Sw. ex Hedw.) Broth.;-7.366944;-39.376111;Batista, WVM;87b;Batista, W. V. S. M.;133037;UFP;UFPE;58970;168
GBIF;Marchantiophyta;Lejeuneaceae;Microlejeunea bullata;(Sw. ex Hedw.) Broth.;-7.366944;-39.376111;Batista, WVM;86a;Batista, W. V. S. M.;133036;UFP;UFPE;58970;168
GBIF;Bryophyta;Octoblepharaceae;Octoblepharum albidum;(Sw. ex Hedw.) Broth.;-7.366944;-39.376111;Batista, WVM;83a;Batista, WVSM;191325;UFP;UFPE;58970;168
GBIF;Bryophyta;Octoblepharaceae;Octoblepharum albidum;(Sw. ex Hedw.) Broth.;-7.366944;-39.376111;Batista, WVM;88a;Batista, WVSM;191322;UFP;UFPE;58970;168
GBIF;Bryophyta;Bryaceae;Rosulabryum capillare;(Müll. Hal.) Broth.;-7.364722;-39.328611;Batista, WVM;81g;Batista, WVSM;49733;UFP;UFPE;59292;169
GBIF;Marchantiophyta;Lejeuneaceae;Cololejeunea contractiloba;(Müll. Hal.) Broth.;-7.364722;-39.328611;Batista, WVM;66f;Batista, W. V. S. M.;90067208;UFP;UFPE;59292;169
GBIF;Marchantiophyta;Lejeuneaceae;Cololejeunea contractiloba;(Müll. Hal.) Broth.;-7.363333;-39.3225;Batista, WVM;120c;Batista, W. V. S. M.;28918;UFP;UFPE;59292;169
GBIF;Bryophyta;Sematophyllaceae;Donnellia commutata;(Müll. Hal.) Broth.;-7.364722;-39.328611;Batista, WVM;78d;Batista, WVSM;51691;UFP;UFPE;59292;169
GBIF;Bryophyta;Stereophyllaceae;Entodontopsis leucostega;(Müll. Hal.) Broth.;-7.364722;-39.328611;Batista, WVM;66c;Batista, WVSM;51369;UFP;UFPE;59292;169
GBIF;Bryophyta;Stereophyllaceae;Entodontopsis leucostega;(Müll. Hal.) Broth.;-7.364722;-39.328611;Batista, WVM;73c;Batista, WVSM;51516;UFP;UFPE;59292;169
GBIF;Bryophyta;Stereophyllaceae;Entodontopsis leucostega;(Müll. Hal.) Broth.;-7.364722;-39.328611;Batista, WVM;75b;Batista, WVSM;51514;UFP;UFPE;59292;169
GBIF;Bryophyta;Stereophyllaceae;Entodontopsis leucostega;(Müll. Hal.) Broth.;-7.364722;-39.328611;Batista, WVM;76b;Batista, WVSM;51395;UFP;UFPE;59292;169
GBIF;Bryophyta;Stereophyllaceae;Entodontopsis leucostega;(Müll. Hal.) Broth.;-7.364722;-39.328611;Batista, WVM;78a;Batista, WVSM;51446;UFP;UFPE;59292;169
GBIF;Bryophyta;Stereophyllaceae;Entodontopsis leucostega;(Müll. Hal.) Broth.;-7.364722;-39.328611;Batista, WVM;81f;Batista, WVSM;51453;UFP;UFPE;59292;169
GBIF;Bryophyta;Stereophyllaceae;Entodontopsis leucostega;(Müll. Hal.) Broth.;-7.364722;-39.328611;Batista, WVM;63a;"Bordin, J; Batista, WVSM";51365;UFP;UFPE;59292;169
GBIF;Bryophyta;Stereophyllaceae;Entodontopsis leucostega;(Müll. Hal.) Broth.;-7.363333;-39.3225;Batista, WVM;105c;Batista, WVSM;51445;UFP;UFPE;59292;169
GBIF;Bryophyta;Stereophyllaceae;Entodontopsis leucostega;(Müll. Hal.) Broth.;-7.363333;-39.3225;Batista, WVM;106b;Batista, WVSM;51413;UFP;UFPE;59292;169
GBIF;Bryophyta;Stereophyllaceae;Entodontopsis leucostega;(Müll. Hal.) Broth.;-7.363333;-39.3225;Batista, WVM;109b;Batista, WVSM;51387;UFP;UFPE;59292;169
GBIF;Bryophyta;Stereophyllaceae;Entodontopsis leucostega;(Hook.) Carruth.;-7.363333;-39.3225;Batista, WVM;113a;Batista, WVSM;51435;UFP;UFPE;59292;169
GBIF;Bryophyta;Stereophyllaceae;Entodontopsis leucostega;(Hook.) Carruth.;-7.363333;-39.3225;Batista, WVM;114a;Batista, WVSM;51362;UFP;UFPE;59292;169
GBIF;Bryophyta;Stereophyllaceae;Entodontopsis leucostega;(Hook.) Carruth.;-7.363333;-39.3225;Batista, WVM;116a;Batista, WVSM;51522;UFP;UFPE;59292;169
GBIF;Bryophyta;Stereophyllaceae;Entodontopsis leucostega;Müll. Hal.;-7.363333;-39.3225;Batista, WVM;117a;Batista, WVSM;51430;UFP;UFPE;59292;169
GBIF;Bryophyta;Stereophyllaceae;Entodontopsis leucostega;(Hedw.) Touw;-7.363333;-39.3225;Batista, WVM;118a;Batista, WVSM;51377;UFP;UFPE;59292;169
GBIF;Bryophyta;Stereophyllaceae;Entodontopsis leucostega;(L.) Prosk.;-7.363333;-39.3225;Batista, WVM;120a;Batista, WVSM;51457;UFP;UFPE;59292;169
GBIF;Bryophyta;Erpodiaceae;Venturiella coronata;(L.) Prosk.;-7.363333;-39.3225;Batista, WVM;105a;Batista, WVSM;71638;UFP;UFPE;59292;169
GBIF;Bryophyta;Erpodiaceae;Venturiella coronata;(L.) Prosk.;-7.363333;-39.3225;Batista, WVM;110c;Batista, WVSM;79228;UFP;UFPE;59292;169
GBIF;Bryophyta;Erpodiaceae;Venturiella coronata;(L.) Prosk.;-7.363333;-39.3225;Batista, WVM;116c;Batista, WVSM;51634;UFP;UFPE;59292;169
GBIF;Bryophyta;Fabroniaceae;Fabronia ciliaris;(L.) Prosk.;-7.364722;-39.328611;Batista, WVM;64b;Batista, WVSM;51614;UFP;UFPE;59292;169
GBIF;Bryophyta;Fabroniaceae;Fabronia ciliaris;(L.) Prosk.;-7.364722;-39.328611;Batista, WVM;77b;Batista, WVSM;51617;UFP;UFPE;59292;169
GBIF;Bryophyta;Fabroniaceae;Fabronia ciliaris;(Wilson) D.G. Griffin & W.R. Buck;-7.364722;-39.328611;Batista, WVM;78c;Batista, WVSM;51651;UFP;UFPE;59292;169
GBIF;Bryophyta;Fabroniaceae;Fabronia ciliaris;(Wilson) D.G. Griffin & W.R. Buck;-7.363333;-39.3225;Batista, WVM;106c;Batista, WVSM;51540;UFP;UFPE;59292;169
GBIF;Bryophyta;Fabroniaceae;Fabronia ciliaris;(Wilson) D.G. Griffin & W.R. Buck;-7.363333;-39.3225;Batista, WVM;117c;Batista, WVSM;51547;UFP;UFPE;59292;169
GBIF;Bryophyta;Fissidentaceae;Fissidens elegans;(Wilson) D.G. Griffin & W.R. Buck;-7.364722;-39.328611;Batista, WVM;63b;Batista, WVSM;51558;UFP;UFPE;59292;169
GBIF;Bryophyta;Fissidentaceae;Fissidens elegans;(Wilson) D.G. Griffin & W.R. Buck;-7.364722;-39.328611;Batista, WVM;66e;Batista, WVSM;51539;UFP;UFPE;59292;169
GBIF;Bryophyta;Fissidentaceae;Fissidens elegans;(Wilson) D.G. Griffin & W.R. Buck;-7.364722;-39.328611;Batista, WVM;81e;Batista, WVSM;51568;UFP;UFPE;59292;169
GBIF;Bryophyta;Fissidentaceae;Fissidens elegans;(Dism.) H.A. Crum & Steere;-7.364722;-39.328611;Batista, WVM;69a;"Bordin, J; Batista, WVSM";51596;UFP;UFPE;59292;169
GBIF;Marchantiophyta;Frullaniaceae;Frullania ericoides;(Duby) Wijk & Margad.;-7.364722;-39.328611;Batista, WVM;64d;Batista, W. V. S. M.;51396;UFP;UFPE;59292;169
GBIF;Marchantiophyta;Frullaniaceae;Frullania ericoides;(Duby) Wijk & Margad.;-7.364722;-39.328611;Batista, WVM;65a;Batista, W. V. S. M.;61629;UFP;UFPE;59292;169
GBIF;Marchantiophyta;Frullaniaceae;Frullania ericoides;(Duby) Wijk & Margad.;-7.364722;-39.328611;Batista, WVM;80b;Batista, W. V. S. M.;51541;UFP;UFPE;59292;169
GBIF;Marchantiophyta;Frullaniaceae;Frullania ericoides;(Duby) Wijk & Margad.;-7.364722;-39.328611;Batista, WVM;73a;Batista, W. V. S. M.;51593A;UFP;UFPE;59292;169
GBIF;Marchantiophyta;Frullaniaceae;Frullania ericoides;(Duby) Wijk & Margad.;-7.364722;-39.328611;Batista, WVM;78b;Batista, W. V. S. M.;51649;UFP;UFPE;59292;169
GBIF;Marchantiophyta;Frullaniaceae;Frullania ericoides;(Duby) Wijk & Margad.;-7.364722;-39.328611;Batista, WVM;63c;Batista, W. V. S. M.;51653;UFP;UFPE;59292;169
GBIF;Marchantiophyta;Frullaniaceae;Frullania ericoides;(Duby) Wijk & Margad.;-7.364722;-39.328611;Batista, WVM;76a;Batista, W. V. S. M.;51457A;UFP;UFPE;59292;169
GBIF;Marchantiophyta;Frullaniaceae;Frullania ericoides;(Hedw.) Brid.;-7.364722;-39.328611;Batista, WVM;62b;Batista, W. V. S. M.;51391;UFP;UFPE;59292;169
GBIF;Marchantiophyta;Frullaniaceae;Frullania ericoides;(Schwägr.) Brid.;-7.364722;-39.328611;Batista, WVM;75a;Batista, W. V. S. M.;51488;UFP;UFPE;59292;169
GBIF;Marchantiophyta;Frullaniaceae;Frullania ericoides;(Schwägr.) Brid.;-7.364722;-39.328611;Batista, WVM;69c;Batista, W. V. S. M.;71888;UFP;UFPE;59292;169
GBIF;Marchantiophyta;Frullaniaceae;Frullania ericoides;(Schwägr.) Brid.;-7.364722;-39.328611;Batista, WVM;74a;Batista, W. V. S. M.;71910;UFP;UFPE;59292;169
GBIF;Marchantiophyta;Frullaniaceae;Frullania ericoides;(Schwägr.) Brid.;-7.364722;-39.328611;Batista, WVM;70a;Batista, W. V. S. M.;71907;UFP;UFPE;59292;169
GBIF;Marchantiophyta;Frullaniaceae;Frullania ericoides;(Hedw.) Brid.;-7.364722;-39.328611;Batista, WVM;79a;Batista, W. V. S. M.;71905;UFP;UFPE;59292;169
GBIF;Marchantiophyta;Frullaniaceae;Frullania ericoides;(Hedw.) Brid.;-7.364722;-39.328611;Batista, WVM;66a;"Bordin, J; Batista, WVSM";70353;UFP;UFPE;59292;169
GBIF;Marchantiophyta;Frullaniaceae;Frullania ericoides;(Hedw.) Brid.;-7.363333;-39.3225;Batista, WVM;111a;Batista, W. V. S. M.;63473;UFP;UFPE;59292;169
GBIF;Marchantiophyta;Frullaniaceae;Frullania ericoides;Brid.;-7.363333;-39.3225;Batista, WVM;109a;Batista, W. V. S. M.;77049;UFP;UFPE;59292;169
GBIF;Marchantiophyta;Frullaniaceae;Frullania ericoides;Brid.;-7.363333;-39.3225;Batista, WVM;106a;Batista, W. V. S. M.;77050;UFP;UFPE;59292;169
GBIF;Marchantiophyta;Frullaniaceae;Frullania ericoides;Brid.;-7.363333;-39.3225;Batista, WVM;105b;Batista, W. V. S. M.;77051;UFP;UFPE;59292;169
GBIF;Marchantiophyta;Frullaniaceae;Frullania ericoides;Brid.;-7.363333;-39.3225;Batista, WVM;110a;Batista, W. V. S. M.;77946;UFP;UFPE;59292;169
GBIF;Marchantiophyta;Frullaniaceae;Frullania ericoides;Brid.;-7.363333;-39.3225;Batista, WVM;117b;Batista, W. V. S. M.;77043;UFP;UFPE;59292;169
GBIF;Marchantiophyta;Frullaniaceae;Frullania ericoides;Brid.;-7.363333;-39.3225;Batista, WVM;116b;Batista, W. V. S. M.;77032;UFP;UFPE;59292;169
GBIF;Marchantiophyta;Frullaniaceae;Frullania ericoides;Brid.;-7.363333;-39.3225;Batista, WVM;120b;Batista, W. V. S. M.;77047;UFP;UFPE;59292;169
GBIF;Marchantiophyta;Frullaniaceae;Frullania ericoides;Brid.;-7.363333;-39.3225;Batista, WVM;115a;Batista, W. V. S. M.;77048;UFP;UFPE;59292;169
GBIF;Marchantiophyta;Frullaniaceae;Frullania ericoides;Brid.;-7.363333;-39.3225;Batista, WVM;113b;Batista, W. V. S. M.;77046;UFP;UFPE;59292;169
GBIF;Marchantiophyta;Frullaniaceae;Frullania ericoides;Brid.;-7.363333;-39.3225;Batista, WVM;112a;Batista, W. V. S. M.;77945;UFP;UFPE;59292;169
GBIF;Marchantiophyta;Frullaniaceae;Frullania ericoides;Brid.;-7.363333;-39.3225;Batista, WVM;119a;Batista, W. V. S. M.;77933;UFP;UFPE;59292;169
GBIF;Marchantiophyta;Frullaniaceae;Frullania ericoides;(Brid.) J.-P. Frahm;-7.363333;-39.3225;Batista, WVM;103a;Batista, W. V. S. M.;77934;UFP;UFPE;59292;169
GBIF;Marchantiophyta;Frullaniaceae;Frullania ericoides;(Hornsch.) Müll. Hal. ex Broth.;-7.363333;-39.3225;Batista, WVM;107a;Batista, W. V. S. M.;77039;UFP;UFPE;59292;169
GBIF;Marchantiophyta;Frullaniaceae;Frullania ericoides;(Hornsch.) Müll. Hal. ex Broth.;-7.363333;-39.3225;Batista, WVM;108a;Batista, W. V. S. M.;77041;UFP;UFPE;59292;169
GBIF;Marchantiophyta;Frullaniaceae;Frullania kunzei;(Hornsch.) Müll. Hal. ex Broth.;-7.364722;-39.328611;Batista, WVM;81c;Batista, W. V. S. M.;71869;UFP;UFPE;59292;169
GBIF;Marchantiophyta;Lejeuneaceae;Lejeunea phyllobola;(Hornsch.) Müll. Hal. ex Broth.;-7.364722;-39.328611;Batista, WVM;81d;Batista, W. V. S. M.;79200;UFP;UFPE;59292;169
GBIF;Bryophyta;Sematophyllaceae;Microcalpe subsimplex;(Hornsch.) Müll. Hal. ex Broth.;-7.364722;-39.328611;Batista, WVM;64a;Batista, WVSM;133058;UFP;UFPE;59292;169
GBIF;Bryophyta;Sematophyllaceae;Microcalpe subsimplex;(Müll. Hal.) J.R. Spence;-7.364722;-39.328611;Batista, WVM;67a;Batista, WVSM;133055;UFP;UFPE;59292;169
GBIF;Bryophyta;Sematophyllaceae;Microcalpe subsimplex;(Müll. Hal.) J.R. Spence;-7.364722;-39.328611;Batista, WVM;71b;Batista, WVSM;133056;UFP;UFPE;59292;169
GBIF;Bryophyta;Sematophyllaceae;Microcalpe subsimplex;(Müll. Hal.) J.R. Spence;-7.364722;-39.328611;Batista, WVM;77a;Batista, WVSM;1352;UFP;UFPE;59292;169
GBIF;Bryophyta;Sematophyllaceae;Microcalpe subsimplex;(Müll. Hal.) J.R. Spence;-7.363333;-39.3225;Batista, WVM;102a;Batista, WVSM;146869;UFP;UFPE;59292;169
GBIF;Bryophyta;Sematophyllaceae;Microcalpe subsimplex;(Müll. Hal.) J.R. Spence;-7.363333;-39.3225;Batista, WVM;104a;Batista, WVSM;146870;UFP;UFPE;59292;169
GBIF;Bryophyta;Sematophyllaceae;Microcalpe subsimplex;(J.R. Forst. & G. Forst.) Steph.;-7.363333;-39.3225;Batista, WVM;113c;Batista, WVSM;146865;UFP;UFPE;59292;169
GBIF;Marchantiophyta;Lejeuneaceae;Microlejeunea bullata;(J.R. Forst. & G. Forst.) Steph.;-7.364722;-39.328611;Batista, WVM;80a;Batista, W. V. S. M.;146855;UFP;UFPE;59292;169
GBIF;Marchantiophyta;Lejeuneaceae;Microlejeunea bullata;Taylor;-7.363333;-39.3225;Batista, WVM;111b;Batista, W. V. S. M.;146854;UFP;UFPE;59292;169
GBIF;Marchantiophyta;Lejeuneaceae;Microlejeunea bullata;Taylor;-7.363333;-39.3225;Batista, WVM;110b;Batista, W. V. S. M.;146858;UFP;UFPE;59292;169
GBIF;Marchantiophyta;Lejeuneaceae;Microlejeunea bullata;(Nees) Nees & Mont.;-7.363333;-39.3225;Batista, WVM;105d;Batista, W. V. S. M.;133039;UFP;UFPE;59292;169
GBIF;Marchantiophyta;Lejeuneaceae;Microlejeunea epiphylla;(Nees) Nees & Mont.;-7.364722;-39.328611;Batista, WVM;64c;Batista, W. V. S. M.;090253;UFP;UFPE;59292;169
GBIF;Marchantiophyta;Lejeuneaceae;Microlejeunea epiphylla;(Nees) Nees & Mont.;-7.364722;-39.328611;Batista, WVM;69d;Batista, W. V. S. M.;090800;UFP;UFPE;59292;169
GBIF;Marchantiophyta;Lejeuneaceae;Microlejeunea epiphylla;(Nees) Nees & Mont.;-7.364722;-39.328611;Batista, WVM;62a;Batista, W. V. S. M.;090799;UFP;UFPE;59292;169
GBIF;Marchantiophyta;Lejeuneaceae;Microlejeunea epiphylla;(Nees) Nees & Mont.;-7.364722;-39.328611;Batista, WVM;66d;Batista, W. V. S. M.;090247;UFP;UFPE;59292;169
GBIF;Marchantiophyta;Lejeuneaceae;Microlejeunea epiphylla;(Nees) Nees & Mont.;-7.364722;-39.328611;Batista, WVM;81b;Batista, W. V. S. M.;090248;UFP;UFPE;59292;169
GBIF;Marchantiophyta;Lejeuneaceae;Microlejeunea epiphylla;(Nees) Nees & Mont.;-7.364722;-39.328611;Batista, WVM;74b;Batista, W. V. S. M.;146896;UFP;UFPE;59292;169
GBIF;Marchantiophyta;Lejeuneaceae;Myriocoleopsis minutissima;(Nees) Nees & Mont.;-7.363333;-39.3225;Batista, WVM;111c;Batista, W. V. S. M.;BM001244352;UFP;UFPE;59292;169
GBIF;Marchantiophyta;Lejeuneaceae;Myriocoleopsis minutissima;(Nees) Nees & Mont.;-7.363333;-39.3225;Batista, WVM;115b;Batista, W. V. S. M.;191444;UFP;UFPE;59292;169
GBIF;Marchantiophyta;Lejeuneaceae;Myriocoleopsis minutissima;(Nees) Nees & Mont.;-7.363333;-39.3225;Batista, WVM;121a;Batista, W. V. S. M.;191469;UFP;UFPE;59292;169
GBIF;Bryophyta;Leucobryaceae;Ochrobryum gardneri;(Nees) Nees & Mont.;-7.363333;-39.3225;Batista, WVM;104c;Batista, WVSM;191420;UFP;UFPE;59292;169
GBIF;Bryophyta;Octoblepharaceae;Octoblepharum albidum;(Nees) Nees & Mont.;-7.364722;-39.328611;Batista, WVM;65b;Batista, WVSM;170672;UFP;UFPE;59292;169
GBIF;Bryophyta;Octoblepharaceae;Octoblepharum albidum;(Nees) Nees & Mont.;-7.364722;-39.328611;Batista, WVM;66b;Batista, WVSM;191330;UFP;UFPE;59292;169
GBIF;Bryophyta;Octoblepharaceae;Octoblepharum albidum;(Nees) Nees & Mont.;-7.364722;-39.328611;Batista, WVM;67b;Batista, WVSM;191314;UFP;UFPE;59292;169
GBIF;Bryophyta;Octoblepharaceae;Octoblepharum albidum;(Nees) Nees & Mont.;-7.364722;-39.328611;Batista, WVM;68a;Batista, WVSM;191317;UFP;UFPE;59292;169
GBIF;Bryophyta;Octoblepharaceae;Octoblepharum albidum;(Nees) Nees & Mont.;-7.364722;-39.328611;Batista, WVM;69b;Batista, WVSM;322309;UFP;UFPE;59292;169
GBIF;Bryophyta;Octoblepharaceae;Octoblepharum albidum;(Nees) Nees & Mont.;-7.364722;-39.328611;Batista, WVM;71a;Batista, WVSM;322282;UFP;UFPE;59292;169
GBIF;Bryophyta;Octoblepharaceae;Octoblepharum albidum;(Nees) Nees & Mont.;-7.364722;-39.328611;Batista, WVM;72a;Batista, WVSM;322296;UFP;UFPE;59292;169
GBIF;Bryophyta;Octoblepharaceae;Octoblepharum albidum;(Nees) Nees & Mont.;-7.364722;-39.328611;Batista, WVM;73b;Batista, WVSM;322300;UFP;UFPE;59292;169
GBIF;Bryophyta;Octoblepharaceae;Octoblepharum albidum;(Nees) Nees & Mont.;-7.364722;-39.328611;Batista, WVM;81a;"Bordin, J; Batista, WVSM";322308;UFP;UFPE;59292;169
GBIF;Bryophyta;Octoblepharaceae;Octoblepharum albidum;(Nees) Nees & Mont.;-7.363333;-39.3225;Batista, WVM;104b;Batista, WVSM;88387;UFP;UFPE;59292;169
GBIF;Marchantiophyta;Lejeuneaceae;Pycnolejeunea contigua;(Nees) Nees & Mont.;-7.363333;-39.3225;Batista, WVM;105e;Batista, W. V. S. M.;76222A;UFP;UFPE;59292;169
GBIF;Marchantiophyta;Corsiniaceae;Cronisia weddellii;(Nees) Nees & Mont.;-8.360555;-39.310805;J.A. Siqueira Filho;2551;Campelo, M. J. A.;135053;HVASF;UNIVASF;59575;170
GBIF;Bryophyta;Calymperaceae;Calymperes palisotii;(Nees) Nees & Mont.;-7.366111;-39.297778;Batista, WVM;175d;Batista, WVSM;NY1672330;UFP;UFPE;59610;171
GBIF;Marchantiophyta;Lejeuneaceae;Cheilolejeunea rigidula;(Nees) Nees & Mont.;-7.365278;-39.309444;Batista, WVM;222b;Batista, W. V. S. M.;119313;UFP;UFPE;59610;171
GBIF;Marchantiophyta;Lejeuneaceae;Cheilolejeunea rigidula;(Nees) Nees & Mont.;-7.365278;-39.309444;Batista, WVM;211c;Batista, W. V. S. M.;119221;UFP;UFPE;59610;171
GBIF;Marchantiophyta;Lejeuneaceae;Cheilolejeunea rigidula;(Nees) Nees & Mont.;-7.365278;-39.309444;Batista, WVM;228b;Batista, W. V. S. M.;119400;UFP;UFPE;59610;171
GBIF;Marchantiophyta;Lejeuneaceae;Cheilolejeunea rigidula;(Nees) Nees & Mont.;-7.365278;-39.309444;Batista, WVM;224c;Batista, W. V. S. M.;112896;UFP;UFPE;59610;171
GBIF;Marchantiophyta;Lejeuneaceae;Cheilolejeunea rigidula;(Nees) Nees & Mont.;-7.365278;-39.309444;Batista, WVM;210b;Batista, W. V. S. M.;119304;UFP;UFPE;59610;171
GBIF;Marchantiophyta;Cephaloziellaceae;Cylindrocolea rhizantha;(Nees) Nees & Mont.;-7.366111;-39.297778;Batista, WVM;174d;Batista, W. V. S. M.;79062;UFP;UFPE;59610;171
GBIF;Bryophyta;Stereophyllaceae;Entodontopsis leucostega;(Nees) Nees & Mont.;-7.366111;-39.297778;Batista, WVM;162a;Batista, WVSM;51523;UFP;UFPE;59610;171
GBIF;Bryophyta;Stereophyllaceae;Entodontopsis leucostega;(Nees) Nees & Mont.;-7.366111;-39.297778;Batista, WVM;163a;Batista, WVSM;51478;UFP;UFPE;59610;171
GBIF;Bryophyta;Stereophyllaceae;Entodontopsis leucostega;(Nees) Nees & Mont.;-7.366111;-39.297778;Batista, WVM;164a;Batista, WVSM;51354;UFP;UFPE;59610;171
GBIF;Bryophyta;Stereophyllaceae;Entodontopsis leucostega;(Nees) Nees & Mont.;-7.366111;-39.297778;Batista, WVM;166c;Batista, WVSM;51416;UFP;UFPE;59610;171
GBIF;Bryophyta;Stereophyllaceae;Entodontopsis leucostega;(Nees) Nees & Mont.;-7.366111;-39.297778;Batista, WVM;167a;Batista, WVSM;51385;UFP;UFPE;59610;171
GBIF;Bryophyta;Stereophyllaceae;Entodontopsis leucostega;(Nees) Nees & Mont.;-7.366111;-39.297778;Batista, WVM;169a;Batista, WVSM;51383;UFP;UFPE;59610;171
GBIF;Bryophyta;Stereophyllaceae;Entodontopsis leucostega;(Nees) Nees & Mont.;-7.366111;-39.297778;Batista, WVM;171a;Batista, WVSM;51363;UFP;UFPE;59610;171
GBIF;Bryophyta;Stereophyllaceae;Entodontopsis leucostega;(Nees) Nees & Mont.;-7.366111;-39.297778;Batista, WVM;172a;Batista, WVSM;51449;UFP;UFPE;59610;171
GBIF;Bryophyta;Stereophyllaceae;Entodontopsis leucostega;(Nees) Nees & Mont.;-7.366111;-39.297778;Batista, WVM;174b;Batista, WVSM;51465;UFP;UFPE;59610;171
GBIF;Bryophyta;Stereophyllaceae;Entodontopsis leucostega;(Nees) Nees & Mont.;-7.366111;-39.297778;Batista, WVM;175c;Batista, WVSM;51483;UFP;UFPE;59610;171
GBIF;Bryophyta;Stereophyllaceae;Entodontopsis leucostega;(Nees) Nees & Mont.;-7.366111;-39.297778;Batista, WVM;176a;Batista, WVSM;51510;UFP;UFPE;59610;171
GBIF;Bryophyta;Stereophyllaceae;Entodontopsis leucostega;(Nees) Nees & Mont.;-7.366111;-39.297778;Batista, WVM;179b;Batista, WVSM;51482;UFP;UFPE;59610;171
GBIF;Bryophyta;Stereophyllaceae;Entodontopsis leucostega;(Nees) Nees & Mont.;-7.365278;-39.309444;Batista, WVM;214b;Batista, WVSM;51361;UFP;UFPE;59610;171
GBIF;Bryophyta;Stereophyllaceae;Entodontopsis leucostega;(Nees) Nees & Mont.;-7.365278;-39.309444;Batista, WVM;219a;Batista, WVSM;51455;UFP;UFPE;59610;171
GBIF;Bryophyta;Stereophyllaceae;Entodontopsis leucostega;(Nees) Nees & Mont.;-7.365278;-39.309444;Batista, WVM;221a;Batista, WVSM;51368;UFP;UFPE;59610;171
GBIF;Bryophyta;Stereophyllaceae;Entodontopsis leucostega;(Nees) Nees & Mont.;-7.365278;-39.309444;Batista, WVM;224b;Batista, WVSM;51427;UFP;UFPE;59610;171
GBIF;Bryophyta;Stereophyllaceae;Entodontopsis leucostega;(Nees) Nees & Mont.;-7.365278;-39.309444;Batista, WVM;228a;Batista, WVSM;51492;UFP;UFPE;59610;171
GBIF;Bryophyta;Fabroniaceae;Fabronia ciliaris;(Nees) Nees & Mont.;-7.366111;-39.297778;Batista, WVM;163c;Batista, WVSM;51599;UFP;UFPE;59610;171
GBIF;Bryophyta;Fabroniaceae;Fabronia ciliaris;(Nees) Nees & Mont.;-7.366111;-39.297778;Batista, WVM;167b;Batista, WVSM;51562;UFP;UFPE;59610;171
GBIF;Bryophyta;Fabroniaceae;Fabronia ciliaris;(Nees) Nees & Mont.;-7.365278;-39.309444;Batista, WVM;213e;Batista, WVSM;51563;UFP;UFPE;59610;171
GBIF;Bryophyta;Fabroniaceae;Fabronia ciliaris;(Nees) Nees & Mont.;-7.365278;-39.309444;Batista, WVM;228d;Batista, WVSM;51601;UFP;UFPE;59610;171
GBIF;Bryophyta;Fissidentaceae;Fissidens elegans;(Nees) Nees & Mont.;-7.366111;-39.297778;Batista, WVM;168c;Batista, WVSM;51604;UFP;UFPE;59610;171
GBIF;Bryophyta;Fissidentaceae;Fissidens elegans;(Nees) Nees & Mont.;-7.366111;-39.297778;Batista, WVM;180b;Batista, WVSM;123775;UFP;UFPE;59610;171
GBIF;Marchantiophyta;Frullaniaceae;Frullania ericoides;Lindenb.;-7.366111;-39.297778;Batista, WVM;164b;Batista, W. V. S. M.;79180;UFP;UFPE;59610;171
GBIF;Marchantiophyta;Frullaniaceae;Frullania ericoides;(Sw.) Lindenb.;-7.366111;-39.297778;Batista, WVM;171b;Batista, W. V. S. M.;119982;UFP;UFPE;59610;171
GBIF;Marchantiophyta;Frullaniaceae;Frullania ericoides;(Sw.) Lindenb.;-7.366111;-39.297778;Batista, WVM;163b;Batista, W. V. S. M.;119974;UFP;UFPE;59610;171
GBIF;Marchantiophyta;Frullaniaceae;Frullania ericoides;(Lehm. & Lindenb.) Lehm. & Lindenb.;-7.366111;-39.297778;Batista, WVM;175a;Batista, W. V. S. M.;119979;UFP;UFPE;59610;171
GBIF;Marchantiophyta;Frullaniaceae;Frullania ericoides;(Lehm. & Lindenb.) Lehm. & Lindenb.;-7.366111;-39.297778;Batista, WVM;166d;Batista, W. V. S. M.;119973;UFP;UFPE;59610;171
GBIF;Marchantiophyta;Frullaniaceae;Frullania ericoides;(Lehm. & Lindenb.) Lehm. & Lindenb.;-7.366111;-39.297778;Batista, WVM;162b;Batista, W. V. S. M.;79162;UFP;UFPE;59610;171
GBIF;Marchantiophyta;Frullaniaceae;Frullania ericoides;(Lehm. & Lindenb.) Lehm. & Lindenb.;-7.366111;-39.297778;Batista, WVM;172b;Batista, W. V. S. M.;79168;UFP;UFPE;59610;171
GBIF;Marchantiophyta;Frullaniaceae;Frullania ericoides;(Lehm. & Lindenb.) Lehm. & Lindenb.;-7.366111;-39.297778;Batista, WVM;176b;Batista, W. V. S. M.;79166;UFP;UFPE;59610;171
GBIF;Marchantiophyta;Frullaniaceae;Frullania ericoides;(Lehm. & Lindenb.) Lehm. & Lindenb.;-7.366111;-39.297778;Batista, WVM;170a;Batista, W. V. S. M.;79167;UFP;UFPE;59610;171
GBIF;Marchantiophyta;Frullaniaceae;Frullania ericoides;(Lehm. & Lindenb.) Lehm. & Lindenb.;-7.365278;-39.309444;Batista, WVM;216a;Batista, W. V. S. M.;96441;UFP;UFPE;59610;171
GBIF;Marchantiophyta;Frullaniaceae;Frullania ericoides;(Lehm. & Lindenb.) Lehm. & Lindenb.;-7.365278;-39.309444;Batista, WVM;218a;Batista, W. V. S. M.;96432;UFP;UFPE;59610;171
GBIF;Marchantiophyta;Frullaniaceae;Frullania ericoides;(Lehm. & Lindenb.) Lehm. & Lindenb.;-7.365278;-39.309444;Batista, WVM;209a;Batista, W. V. S. M.;123777;UFP;UFPE;59610;171
GBIF;Marchantiophyta;Frullaniaceae;Frullania ericoides;(Lehm. & Lindenb.) Lehm. & Lindenb.;-7.365278;-39.309444;Batista, WVM;222a;Batista, W. V. S. M.;79156;UFP;UFPE;59610;171
GBIF;Marchantiophyta;Frullaniaceae;Frullania ericoides;(Lehm. & Lindenb.) Lehm. & Lindenb.;-7.365278;-39.309444;Batista, WVM;214a;Batista, W. V. S. M.;96488;UFP;UFPE;59610;171
GBIF;Marchantiophyta;Frullaniaceae;Frullania ericoides;Lindenb. & Gottsche;-7.365278;-39.309444;Batista, WVM;228c;Batista, W. V. S. M.;84474;UFP;UFPE;59610;171
GBIF;Marchantiophyta;Frullaniaceae;Frullania ericoides;(Taylor) Taylor;-7.365278;-39.309444;Batista, WVM;226a;Batista, W. V. S. M.;61637;UFP;UFPE;59610;171
GBIF;Marchantiophyta;Frullaniaceae;Frullania ericoides;(Lehm. & Lindenb.) Mont. & Nees;-7.365278;-39.309444;Batista, WVM;213a;Batista, W. V. S. M.;51399;UFP;UFPE;59610;171
GBIF;Marchantiophyta;Frullaniaceae;Frullania ericoides;Lindenb.;-7.365278;-39.309444;Batista, WVM;211b;Batista, W. V. S. M.;51576;UFP;UFPE;59610;171
GBIF;Marchantiophyta;Frullaniaceae;Frullania ericoides;(Nees) Lindenb.;-7.365278;-39.309444;Batista, WVM;225a;Batista, W. V. S. M.;51526;UFP;UFPE;59610;171
GBIF;Marchantiophyta;Frullaniaceae;Frullania platycalyx;(Nees) Lindenb.;-7.365278;-39.309444;Batista, WVM;219b;Batista, W. V. S. M.;71227;UFP;UFPE;59610;171
GBIF;Bryophyta;Sematophyllaceae;Jirivanaea galipensis;(Nees) Lindenb.;-7.366111;-39.297778;Batista, WVM;168b;Batista, WVSM;51726;UFP;UFPE;59610;171
GBIF;Bryophyta;Sematophyllaceae;Jirivanaea galipensis;(Nees) Lindenb.;-7.366111;-39.297778;Batista, WVM;173b;Batista, WVSM;51379;UFP;UFPE;59610;171
GBIF;Bryophyta;Sematophyllaceae;Jirivanaea galipensis;(Nees) Lindenb.;-7.366111;-39.297778;Batista, WVM;177a;Batista, WVSM;51589;UFP;UFPE;59610;171
GBIF;Bryophyta;Sematophyllaceae;Jirivanaea galipensis;(Nees) Lindenb.;-7.366111;-39.297778;Batista, WVM;178a;Batista, WVSM;51528;UFP;UFPE;59610;171
GBIF;Bryophyta;Sematophyllaceae;Jirivanaea galipensis;(Nees) Lindenb.;-7.365278;-39.309444;Batista, WVM;209b;Batista, WVSM;51566;UFP;UFPE;59610;171
GBIF;Bryophyta;Sematophyllaceae;Jirivanaea galipensis;(Nees) Lindenb.;-7.365278;-39.309444;Batista, WVM;210a;Batista, WVSM;51580;UFP;UFPE;59610;171
GBIF;Bryophyta;Sematophyllaceae;Jirivanaea galipensis;(Nees) Lindenb.;-7.365278;-39.309444;Batista, WVM;212a;Batista, WVSM;51645;UFP;UFPE;59610;171
GBIF;Bryophyta;Sematophyllaceae;Jirivanaea galipensis;(Nees) Lindenb.;-7.365278;-39.309444;Batista, WVM;213b;Batista, WVSM;96454;UFP;UFPE;59610;171
GBIF;Bryophyta;Sematophyllaceae;Jirivanaea galipensis;(Nees) Lindenb.;-7.365278;-39.309444;Batista, WVM;216c;Batista, WVSM;96479;UFP;UFPE;59610;171
GBIF;Marchantiophyta;Lejeuneaceae;Lejeunea phyllobola;(Nees) Lindenb.;-7.366111;-39.297778;Batista, WVM;176c;Batista, W. V. S. M.;77296;UFP;UFPE;59610;171
GBIF;Bryophyta;Sematophyllaceae;Microcalpe subsimplex;(Nees) Lindenb.;-7.366111;-39.297778;Batista, WVM;165b;Batista, WVSM;133045;UFP;UFPE;59610;171
GBIF;Bryophyta;Sematophyllaceae;Microcalpe subsimplex;(Nees) Lindenb.;-7.366111;-39.297778;Batista, WVM;166b;Batista, WVSM;133042;UFP;UFPE;59610;171
GBIF;Bryophyta;Sematophyllaceae;Microcalpe subsimplex;(Nees) Lindenb.;-7.365278;-39.309444;Batista, WVM;211d;Batista, WVSM;133046;UFP;UFPE;59610;171
GBIF;Bryophyta;Sematophyllaceae;Microcalpe subsimplex;Nees;-7.365278;-39.309444;Batista, WVM;217b;Batista, WVSM;133048;UFP;UFPE;59610;171
GBIF;Bryophyta;Sematophyllaceae;Microcalpe subsimplex;Nees;-7.365278;-39.309444;Batista, WVM;220b;Batista, WVSM;133050;UFP;UFPE;59610;171
GBIF;Bryophyta;Sematophyllaceae;Microcalpe subsimplex;Nees;-7.365278;-39.309444;Batista, WVM;223a;Batista, WVSM;133057;UFP;UFPE;59610;171
GBIF;Bryophyta;Sematophyllaceae;Microcalpe subsimplex;Nees;-7.365278;-39.309444;Batista, WVM;226b;Batista, WVSM;133051;UFP;UFPE;59610;171
GBIF;Bryophyta;Sematophyllaceae;Microcalpe subsimplex;Lindenb.;-7.365278;-39.309444;Batista, WVM;227a;Batista, WVSM;133050;UFP;UFPE;59610;171
GBIF;Marchantiophyta;Lejeuneaceae;Microlejeunea bullata;Lindenb.;-7.366111;-39.297778;Batista, WVM;166e;Batista, W. V. S. M.;24286;UFP;UFPE;59610;171
GBIF;Marchantiophyta;Lejeuneaceae;Microlejeunea bullata;Lindenb.;-7.366111;-39.297778;Batista, WVM;174c;Batista, W. V. S. M.;146852;UFP;UFPE;59610;171
GBIF;Marchantiophyta;Lejeuneaceae;Microlejeunea bullata;Lindenb.;-7.366111;-39.297778;Batista, WVM;162c;Batista, W. V. S. M.;146856;UFP;UFPE;59610;171
GBIF;Marchantiophyta;Lejeuneaceae;Microlejeunea epiphylla;Lindenb.;-7.365278;-39.309444;Batista, WVM;222c;Batista, W. V. S. M.;191476;UFP;UFPE;59610;171
GBIF;Marchantiophyta;Lejeuneaceae;Microlejeunea epiphylla;Lindenb.;-7.365278;-39.309444;Batista, WVM;216b;Batista, W. V. S. M.;191416;UFP;UFPE;59610;171
GBIF;Marchantiophyta;Lejeuneaceae;Microlejeunea epiphylla;Lindenb.;-7.365278;-39.309444;Batista, WVM;213c;Batista, W. V. S. M.;BM001244351;UFP;UFPE;59610;171
GBIF;Marchantiophyta;Lejeuneaceae;Microlejeunea epiphylla;Lindenb.;-7.365278;-39.309444;Batista, WVM;209d;Batista, W. V. S. M.;090252;UFP;UFPE;59610;171
GBIF;Marchantiophyta;Lejeuneaceae;Microlejeunea epiphylla;Lindenb.;-7.365278;-39.309444;Batista, WVM;211a;Batista, W. V. S. M.;090254;UFP;UFPE;59610;171
GBIF;Bryophyta;Leucobryaceae;Ochrobryum gardneri;Lindenb.;-7.366111;-39.297778;Batista, WVM;179d;Batista, WVSM;191419;UFP;UFPE;59610;171
GBIF;Bryophyta;Octoblepharaceae;Octoblepharum albidum;Lindenb.;-7.366111;-39.297778;Batista, WVM;165a;Batista, WVSM;191316;UFP;UFPE;59610;171
GBIF;Bryophyta;Octoblepharaceae;Octoblepharum albidum;Lindenb.;-7.366111;-39.297778;Batista, WVM;166a;Batista, WVSM;191324;UFP;UFPE;59610;171
GBIF;Bryophyta;Octoblepharaceae;Octoblepharum albidum;Lindenb.;-7.366111;-39.297778;Batista, WVM;168a;Batista, WVSM;191319;UFP;UFPE;59610;171
GBIF;Bryophyta;Octoblepharaceae;Octoblepharum albidum;Lindenb.;-7.366111;-39.297778;Batista, WVM;173a;Batista, WVSM;191321;UFP;UFPE;59610;171
GBIF;Bryophyta;Octoblepharaceae;Octoblepharum albidum;Lindenb.;-7.366111;-39.297778;Batista, WVM;174a;Batista, WVSM;191333;UFP;UFPE;59610;171
GBIF;Bryophyta;Octoblepharaceae;Octoblepharum albidum;Lindenb.;-7.366111;-39.297778;Batista, WVM;179a;Batista, WVSM;191315;UFP;UFPE;59610;171
GBIF;Bryophyta;Octoblepharaceae;Octoblepharum albidum;Lindenb.;-7.366111;-39.297778;Batista, WVM;180a;Batista, WVSM;170673;UFP;UFPE;59610;171
GBIF;Bryophyta;Octoblepharaceae;Octoblepharum albidum;Lindenb.;-7.365278;-39.309444;Batista, WVM;209c;Batista, WVSM;134303;UFP;UFPE;59610;171
GBIF;Bryophyta;Octoblepharaceae;Octoblepharum albidum;Lindenb.;-7.365278;-39.309444;Batista, WVM;213d;Batista, WVSM;134302;UFP;UFPE;59610;171
GBIF;Bryophyta;Octoblepharaceae;Octoblepharum albidum;Lindenb.;-7.365278;-39.309444;Batista, WVM;215a;Batista, WVSM;191328;UFP;UFPE;59610;171
GBIF;Bryophyta;Octoblepharaceae;Octoblepharum albidum;(Sw.) Lindenb.;-7.365278;-39.309444;Batista, WVM;217a;Batista, WVSM;191329;UFP;UFPE;59610;171
GBIF;Bryophyta;Octoblepharaceae;Octoblepharum albidum;(Sw.) Lindenb.;-7.365278;-39.309444;Batista, WVM;220a;Batista, WVSM;191331;UFP;UFPE;59610;171
GBIF;Bryophyta;Octoblepharaceae;Octoblepharum albidum;(Sw.) Lindenb.;-7.365278;-39.309444;Batista, WVM;224a;Batista, WVSM;191320;UFP;UFPE;59610;171
GBIF;Marchantiophyta;Lejeuneaceae;Schiffneriolejeunea polycarpa;(Sw.) Lindenb.;-7.366111;-39.297778;Batista, WVM;179c;Batista, W. V. S. M.;85018A;UFP;UFPE;59610;171
GBIF;Marchantiophyta;Lejeuneaceae;Schiffneriolejeunea polycarpa;Lindenb.;-7.365278;-39.309444;Batista, WVM;216d;Batista, W. V. S. M.;85023A;UFP;UFPE;59610;171
GBIF;Bryophyta;Stereophyllaceae;Stereophyllum radiculosum;Lindenb.;-7.366111;-39.297778;Batista, WVM;175b;Batista, WVSM;88410;UFP;UFPE;59610;171
GBIF;Bryophyta;Sematophyllaceae;Brittonodoxa subpinnata;Lindenb.;-7.398794;-39.271394;Batista, WVM;124b;Batista, WVSM;84433;UFP;UFPE;59923;172
GBIF;Bryophyta;Sematophyllaceae;Brittonodoxa subpinnata;(Schwägr.) R.H. Zander;-7.398794;-39.271394;Batista, WVM;130d;Batista, WVSM;84438;UFP;UFPE;59923;172
GBIF;Bryophyta;Sematophyllaceae;Brittonodoxa subpinnata;(Bartram ex Hedw.) Paris;-7.398794;-39.271394;Batista, WVM;133d;Batista, WVSM;84439;UFP;UFPE;59923;172
GBIF;Bryophyta;Sematophyllaceae;Brittonodoxa subpinnata;(Spruce) Broth.;-7.398794;-39.271394;Batista, WVM;134a;Batista, WVSM;84436;UFP;UFPE;59923;172
GBIF;Bryophyta;Sematophyllaceae;Brittonodoxa subpinnata;Hedw.;-7.398794;-39.271394;Batista, WVM;135a;Batista, WVSM;84445;UFP;UFPE;59923;172
GBIF;Bryophyta;Sematophyllaceae;Brittonodoxa subpinnata;Hedw.;-7.398794;-39.271394;Batista, WVM;136c;Batista, WVSM;84342;UFP;UFPE;59923;172
GBIF;Bryophyta;Sematophyllaceae;Brittonodoxa subpinnata;Hedw.;-7.398794;-39.271394;Batista, WVM;140a;Batista, WVSM;84403;UFP;UFPE;59923;172
GBIF;Bryophyta;Sematophyllaceae;Brittonodoxa subpinnata;Hedw.;-7.395833;-39.288611;Batista, WVM;142a;Batista, WVSM;84412;UFP;UFPE;59923;172
GBIF;Bryophyta;Sematophyllaceae;Brittonodoxa subpinnata;Hedw.;-7.395833;-39.288611;Batista, WVM;143a;Batista, WVSM;84295;UFP;UFPE;59923;172
GBIF;Bryophyta;Sematophyllaceae;Brittonodoxa subpinnata;Hedw.;-7.395833;-39.288611;Batista, WVM;144a;Batista, WVSM;84347;UFP;UFPE;59923;172
GBIF;Bryophyta;Sematophyllaceae;Brittonodoxa subpinnata;Hedw.;-7.395833;-39.288611;Batista, WVM;148e;Batista, WVSM;84305;UFP;UFPE;59923;172
GBIF;Bryophyta;Sematophyllaceae;Brittonodoxa subpinnata;Hedw.;-7.395833;-39.288611;Batista, WVM;149d;Batista, WVSM;84308;UFP;UFPE;59923;172
GBIF;Bryophyta;Sematophyllaceae;Brittonodoxa subpinnata;Hedw.;-7.395833;-39.288611;Batista, WVM;150c;Batista, WVSM;84331;UFP;UFPE;59923;172
GBIF;Bryophyta;Sematophyllaceae;Brittonodoxa subpinnata;Hedw.;-7.395833;-39.288611;Batista, WVM;151e;Batista, WVSM;84391;UFP;UFPE;59923;172
GBIF;Bryophyta;Sematophyllaceae;Brittonodoxa subpinnata;Hedw.;-7.395833;-39.288611;Batista, WVM;152b;Batista, WVSM;84314;UFP;UFPE;59923;172
GBIF;Bryophyta;Sematophyllaceae;Brittonodoxa subpinnata;Hedw.;-7.395833;-39.288611;Batista, WVM;155c;Batista, WVSM;84414;UFP;UFPE;59923;172
GBIF;Bryophyta;Sematophyllaceae;Brittonodoxa subpinnata;Hedw.;-7.395833;-39.288611;Batista, WVM;156d;Batista, WVSM;84424;UFP;UFPE;59923;172
GBIF;Bryophyta;Sematophyllaceae;Brittonodoxa subpinnata;(Raddi) Schiffn.;-7.395833;-39.288611;Batista, WVM;158a;"Bordin, J; Batista, WVSM";84423;UFP;UFPE;59923;172
GBIF;Bryophyta;Calymperaceae;Calymperes afzelii;(Raddi) Schiffn.;-7.398794;-39.271394;Batista, WVM;122g;Batista, WVSM;29425;UFP;UFPE;59923;172
GBIF;Bryophyta;Calymperaceae;Calymperes afzelii;(Raddi) Schiffn.;-7.398794;-39.271394;Batista, WVM;123d;Batista, WVSM;29428;UFP;UFPE;59923;172
GBIF;Marchantiophyta;Lejeuneaceae;Cololejeunea camillei;(F. Weber) Trevis.;-7.398794;-39.271394;Batista, WVM;131d;Batista, W. V. S. M.;64178;UFP;UFPE;59923;172
GBIF;Bryophyta;Fissidentaceae;Fissidens elegans;(F. Weber) Trevis.;-7.398794;-39.271394;Batista, WVM;122f;Batista, WVSM;51609;UFP;UFPE;59923;172
GBIF;Bryophyta;Fissidentaceae;Fissidens elegans;(F. Weber) Trevis.;-7.398794;-39.271394;Batista, WVM;125c;Batista, WVSM;51628;UFP;UFPE;59923;172
GBIF;Bryophyta;Fissidentaceae;Fissidens elegans;(F. Weber) Trevis.;-7.395833;-39.288611;Batista, WVM;146d;Batista, WVSM;51549;UFP;UFPE;59923;172
GBIF;Bryophyta;Fissidentaceae;Fissidens elegans;(F. Weber) Trevis.;-7.395833;-39.288611;Batista, WVM;147c;Batista, WVSM;51588;UFP;UFPE;59923;172
GBIF;Bryophyta;Fissidentaceae;Fissidens elegans;(F. Weber) Trevis.;-7.395833;-39.288611;Batista, WVM;158e;Batista, WVSM;51550;UFP;UFPE;59923;172
GBIF;Bryophyta;Fissidentaceae;Fissidens pallidinervis;(F. Weber) Trevis.;-7.398794;-39.271394;Batista, WVM;128c;Batista, WVSM;77953;UFP;UFPE;59923;172
GBIF;Bryophyta;Fissidentaceae;Fissidens pallidinervis;(Hook.) Spruce;-7.398794;-39.271394;Batista, WVM;129b;Batista, WVSM;72196;UFP;UFPE;59923;172
GBIF;Bryophyta;Fissidentaceae;Fissidens pallidinervis;(F. Weber) Schiffn.;-7.398794;-39.271394;Batista, WVM;131a;"Bordin, J; Batista, WVSM";77838;UFP;UFPE;59923;172
GBIF;Marchantiophyta;Frullaniaceae;Frullania dusenii;(Spruce) Steph.;-7.398794;-39.271394;Batista, WVM;141a;Batista, W. V. S. M.;70468;UFP;UFPE;59923;172
GBIF;Marchantiophyta;Frullaniaceae;Frullania dusenii;(Spreng.) W.R. Buck;-7.398794;-39.271394;Batista, WVM;138d;Batista, W. V. S. M.;70470;UFP;UFPE;59923;172
GBIF;Marchantiophyta;Frullaniaceae;Frullania dusenii;(Spreng.) W.R. Buck;-7.398794;-39.271394;Batista, WVM;139c;Batista, W. V. S. M.;77201;UFP;UFPE;59923;172
GBIF;Marchantiophyta;Frullaniaceae;Frullania ericoides;(Spreng.) W.R. Buck;-7.398794;-39.271394;Batista, WVM;135c;Batista, W. V. S. M.;119980;UFP;UFPE;59923;172
GBIF;Marchantiophyta;Frullaniaceae;Frullania ericoides;(Spreng.) W.R. Buck;-7.398794;-39.271394;Batista, WVM;122b;Batista, W. V. S. M.;84572;UFP;UFPE;59923;172
GBIF;Marchantiophyta;Frullaniaceae;Frullania ericoides;(Spreng.) W.R. Buck;-7.398794;-39.271394;Batista, WVM;122a;"Bordin, J; Batista, WVSM";96227;UFP;UFPE;59923;172
GBIF;Marchantiophyta;Frullaniaceae;Frullania ericoides;(Hedw.) D.V. Valente, P.E.A.S. Câmara & D.F. Peralta;-7.395833;-39.288611;Batista, WVM;152c;Batista, W. V. S. M.;119961;UFP;UFPE;59923;172
GBIF;Marchantiophyta;Frullaniaceae;Frullania ericoides;(Hedw.) D.V. Valente, P.E.A.S. Câmara & D.F. Peralta;-7.395833;-39.288611;Batista, WVM;146c;Batista, W. V. S. M.;119987;UFP;UFPE;59923;172
GBIF;Marchantiophyta;Frullaniaceae;Frullania kunzei;(Hedw.) D.V. Valente, P.E.A.S. Câmara & D.F. Peralta;-7.395833;-39.288611;Batista, WVM;161b;Batista, W. V. S. M.;70207;UFP;UFPE;59923;172
GBIF;Marchantiophyta;Frullaniaceae;Frullania kunzei;(Hedw.) D.V. Valente, P.E.A.S. Câmara & D.F. Peralta;-7.395833;-39.288611;Batista, WVM;143d;Batista, W. V. S. M.;70205;UFP;UFPE;59923;172
GBIF;Marchantiophyta;Frullaniaceae;Frullania kunzei;(Hedw.) D.V. Valente, P.E.A.S. Câmara & D.F. Peralta;-7.393578;-39.282486;Batista, WVM;16a;Batista, W. V. S. M.;70388;UFP;UFPE;59923;172
GBIF;Bryophyta;Pterobryaceae;Jaegerina scariosa;(Hook.) D.V. Valente, P.E.A.S. Câmara & D.F. Peralta;-7.398794;-39.271394;Batista, WVM;128d;Batista, WVSM;51773;UFP;UFPE;59923;172
GBIF;Bryophyta;Pterobryaceae;Jaegerina scariosa;(Hook.) D.V. Valente, P.E.A.S. Câmara & D.F. Peralta;-7.398794;-39.271394;Batista, WVM;129c;Batista, WVSM;77768;UFP;UFPE;59923;172
GBIF;Bryophyta;Pterobryaceae;Jaegerina scariosa;(Hook.) D.V. Valente, P.E.A.S. Câmara & D.F. Peralta;-7.398794;-39.271394;Batista, WVM;132b;Batista, WVSM;77749;UFP;UFPE;59923;172
GBIF;Bryophyta;Pterobryaceae;Jaegerina scariosa;(Hook.) D.V. Valente, P.E.A.S. Câmara & D.F. Peralta;-7.395833;-39.288611;Batista, WVM;145c;Batista, WVSM;79387;UFP;UFPE;59923;172
GBIF;Bryophyta;Pterobryaceae;Jaegerina scariosa;(Hook.) D.V. Valente, P.E.A.S. Câmara & D.F. Peralta;-7.395833;-39.288611;Batista, WVM;148d;Batista, WVSM;79670;UFP;UFPE;59923;172
GBIF;Bryophyta;Pterobryaceae;Jaegerina scariosa;(Hook.) D.V. Valente, P.E.A.S. Câmara & D.F. Peralta;-7.395833;-39.288611;Batista, WVM;149c;Batista, WVSM;109041;UFP;UFPE;59923;172
GBIF;Bryophyta;Pterobryaceae;Jaegerina scariosa;(Hook.) D.V. Valente, P.E.A.S. Câmara & D.F. Peralta;-7.395833;-39.288611;Batista, WVM;151a;Batista, WVSM;109045;UFP;UFPE;59923;172
GBIF;Bryophyta;Pterobryaceae;Jaegerina scariosa;(Hook.) D.V. Valente, P.E.A.S. Câmara & D.F. Peralta;-7.395833;-39.288611;Batista, WVM;159a;Batista, WVSM;51686;UFP;UFPE;59923;172
GBIF;Bryophyta;Pterobryaceae;Jaegerina scariosa;(Hook.) D.V. Valente, P.E.A.S. Câmara & D.F. Peralta;-7.395833;-39.288611;Batista, WVM;146a;"Bordin, J; Batista, WVSM";51824;UFP;UFPE;59923;172
GBIF;Marchantiophyta;Lejeuneaceae;Lejeunea flava;(Hook.) D.V. Valente, P.E.A.S. Câmara & D.F. Peralta;-7.395833;-39.288611;Batista, WVM;149f;Batista, W. V. S. M.;96482;UFP;UFPE;59923;172
GBIF;Marchantiophyta;Lejeuneaceae;Lejeunea phyllobola;(Hook.) D.V. Valente, P.E.A.S. Câmara & D.F. Peralta;-7.398794;-39.271394;Batista, WVM;138b;Batista, W. V. S. M.;79659;UFP;UFPE;59923;172
GBIF;Marchantiophyta;Lejeuneaceae;Lejeunea phyllobola;(Schleich. ex Schwägr.) J.R. Spence;-7.398794;-39.271394;Batista, WVM;134c;Batista, W. V. S. M.;109048;UFP;UFPE;59923;172
GBIF;Marchantiophyta;Lejeuneaceae;Lejeunea phyllobola;(Schleich. ex Schwägr.) J.R. Spence;-7.398794;-39.271394;Batista, WVM;136b;Batista, W. V. S. M.;77742;UFP;UFPE;59923;172
GBIF;Marchantiophyta;Lejeuneaceae;Lejeunea phyllobola;(Nees) Grolle;-7.398794;-39.271394;Batista, WVM;133b;Batista, W. V. S. M.;79237;UFP;UFPE;59923;172
GBIF;Marchantiophyta;Lejeuneaceae;Lejeunea phyllobola;(Nees) Grolle;-7.398794;-39.271394;Batista, WVM;139b;Batista, W. V. S. M.;51376;UFP;UFPE;59923;172
GBIF;Marchantiophyta;Lejeuneaceae;Lejeunea phyllobola;(Nees) Grolle;-7.398794;-39.271394;Batista, WVM;128b;Batista, W. V. S. M.;51394;UFP;UFPE;59923;172
GBIF;Marchantiophyta;Lejeuneaceae;Lejeunea phyllobola;(Nees) Grolle;-7.398794;-39.271394;Batista, WVM;122e;Batista, W. V. S. M.;51480;UFP;UFPE;59923;172
GBIF;Marchantiophyta;Lejeuneaceae;Lejeunea phyllobola;(Nees) Grolle;-7.398794;-39.271394;Batista, WVM;127c;Batista, W. V. S. M.;77309;UFP;UFPE;59923;172
GBIF;Marchantiophyta;Lejeuneaceae;Lejeunea phyllobola;(Nees) Grolle;-7.398794;-39.271394;Batista, WVM;137b;Batista, W. V. S. M.;51491;UFP;UFPE;59923;172
GBIF;Marchantiophyta;Lejeuneaceae;Lejeunea phyllobola;(Nees) Grolle;-7.398794;-39.271394;Batista, WVM;132c;Batista, W. V. S. M.;79555;UFP;UFPE;59923;172
GBIF;Marchantiophyta;Lejeuneaceae;Lejeunea phyllobola;(Hedw.) Mitt.;-7.398794;-39.271394;Batista, WVM;130b;Batista, W. V. S. M.;79554;UFP;UFPE;59923;172
GBIF;Marchantiophyta;Lejeuneaceae;Lejeunea phyllobola;(Hedw.) Mitt.;-7.398794;-39.271394;Batista, WVM;123c;Batista, W. V. S. M.;79553;UFP;UFPE;59923;172
GBIF;Marchantiophyta;Lejeuneaceae;Lejeunea phyllobola;(Hedw.) Mitt.;-7.395833;-39.288611;Batista, WVM;155a;Batista, W. V. S. M.;79552;UFP;UFPE;59923;172
GBIF;Marchantiophyta;Lejeuneaceae;Lejeunea phyllobola;(Hedw.) Mitt.;-7.395833;-39.288611;Batista, WVM;159b;Batista, W. V. S. M.;109036;UFP;UFPE;59923;172
GBIF;Marchantiophyta;Lejeuneaceae;Lejeunea phyllobola;(Hedw.) Mitt.;-7.395833;-39.288611;Batista, WVM;160b;Batista, W. V. S. M.;51733;UFP;UFPE;59923;172
GBIF;Marchantiophyta;Lejeuneaceae;Lejeunea phyllobola;(Hedw.) Mitt.;-7.395833;-39.288611;Batista, WVM;153b;Batista, W. V. S. M.;123764;UFP;UFPE;59923;172
GBIF;Marchantiophyta;Lejeuneaceae;Lejeunea phyllobola;(Hedw.) Mitt.;-7.395833;-39.288611;Batista, WVM;158b;Batista, W. V. S. M.;79095;UFP;UFPE;59923;172
GBIF;Marchantiophyta;Lejeuneaceae;Lejeunea phyllobola;(Hedw.) Mitt.;-7.395833;-39.288611;Batista, WVM;147d;Batista, W. V. S. M.;79153;UFP;UFPE;59923;172
GBIF;Marchantiophyta;Lejeuneaceae;Lejeunea phyllobola;(Hedw.) Mitt.;-7.395833;-39.288611;Batista, WVM;152a;Batista, W. V. S. M.;79152;UFP;UFPE;59923;172
GBIF;Marchantiophyta;Lejeuneaceae;Lejeunea phyllobola;(Hedw.) Mitt.;-7.395833;-39.288611;Batista, WVM;156b;Batista, W. V. S. M.;79154;UFP;UFPE;59923;172
GBIF;Marchantiophyta;Lejeuneaceae;Lejeunea phyllobola;(Hedw.) Mitt.;-7.395833;-39.288611;Batista, WVM;150a;Batista, W. V. S. M.;109039;UFP;UFPE;59923;172
GBIF;Marchantiophyta;Lejeuneaceae;Lejeunea phyllobola;(Hedw.) Mitt.;-7.395833;-39.288611;Batista, WVM;149a;Batista, W. V. S. M.;79650;UFP;UFPE;59923;172
GBIF;Marchantiophyta;Lejeuneaceae;Lejeunea phyllobola;(Hedw.) Mitt.;-7.395833;-39.288611;Batista, WVM;157b;Batista, W. V. S. M.;109059;UFP;UFPE;59923;172
GBIF;Marchantiophyta;Lejeuneaceae;Lejeunea phyllobola;(Hedw.) Mitt.;-7.395833;-39.288611;Batista, WVM;151b;Batista, W. V. S. M.;79667;UFP;UFPE;59923;172
GBIF;Marchantiophyta;Lejeuneaceae;Lejeunea phyllobola;(Hedw.) Mitt.;-7.395833;-39.288611;Batista, WVM;144b;Batista, W. V. S. M.;79668;UFP;UFPE;59923;172
GBIF;Marchantiophyta;Lejeuneaceae;Lejeunea phyllobola;(Hedw.) Mitt.;-7.395833;-39.288611;Batista, WVM;148a;Batista, W. V. S. M.;109056;UFP;UFPE;59923;172
GBIF;Marchantiophyta;Lejeuneaceae;Lejeunea phyllobola;(Hedw.) Mitt.;-7.395833;-39.288611;Batista, WVM;142c;Batista, W. V. S. M.;109057;UFP;UFPE;59923;172
GBIF;Marchantiophyta;Lejeuneaceae;Lejeunea phyllobola;(Hedw.) Mitt.;-7.395833;-39.288611;Batista, WVM;143b;Batista, W. V. S. M.;109034;UFP;UFPE;59923;172
GBIF;Marchantiophyta;Lejeuneaceae;Lejeunea phyllobola;(Hedw.) Mitt.;-7.395833;-39.288611;Batista, WVM;145a;Batista, W. V. S. M.;51753;UFP;UFPE;59923;172
GBIF;Marchantiophyta;Lejeuneaceae;Lejeunea phyllobola;(Hedw.) Mitt.;-7.395833;-39.288611;Batista, WVM;154a;Batista, W. V. S. M.;51809;UFP;UFPE;59923;172
GBIF;Bryophyta;Sematophyllaceae;Microcalpe subsimplex;(Hedw.) Mitt.;-7.398794;-39.271394;Batista, WVM;124a;Batista, WVSM;090250;UFP;UFPE;59923;172
GBIF;Bryophyta;Sematophyllaceae;Microcalpe subsimplex;(Hedw.) Mitt.;-7.398794;-39.271394;Batista, WVM;125b;Batista, WVSM;090249;UFP;UFPE;59923;172
GBIF;Bryophyta;Sematophyllaceae;Microcalpe subsimplex;(Hedw.) Mitt.;-7.398794;-39.271394;Batista, WVM;126b;Batista, WVSM;133052;UFP;UFPE;59923;172
GBIF;Bryophyta;Sematophyllaceae;Microcalpe subsimplex;(Hedw.) Brid.;-7.398794;-39.271394;Batista, WVM;127b;Batista, WVSM;133060;UFP;UFPE;59923;172
GBIF;Bryophyta;Sematophyllaceae;Microcalpe subsimplex;(Hedw.) Brid.;-7.398794;-39.271394;Batista, WVM;129e;Batista, WVSM;133043;UFP;UFPE;59923;172
GBIF;Bryophyta;Sematophyllaceae;Microcalpe subsimplex;(Hedw.) Brid.;-7.398794;-39.271394;Batista, WVM;131c;Batista, WVSM;133059;UFP;UFPE;59923;172
GBIF;Bryophyta;Sematophyllaceae;Microcalpe subsimplex;(Hedw.) Brid.;-7.398794;-39.271394;Batista, WVM;133e;Batista, WVSM;133053;UFP;UFPE;59923;172
GBIF;Bryophyta;Sematophyllaceae;Microcalpe subsimplex;(Hedw.) Brid.;-7.398794;-39.271394;Batista, WVM;138c;Batista, WVSM;133044;UFP;UFPE;59923;172
GBIF;Bryophyta;Sematophyllaceae;Microcalpe subsimplex;(Hedw.) Brid.;-7.395833;-39.288611;Batista, WVM;147e;Batista, WVSM;133045;UFP;UFPE;59923;172
GBIF;Marchantiophyta;Lejeuneaceae;Microlejeunea bullata;(Hedw.) Brid.;-7.398794;-39.271394;Batista, WVM;135d;Batista, W. V. S. M.;133033;UFP;UFPE;59923;172
GBIF;Marchantiophyta;Lejeuneaceae;Microlejeunea bullata;(Hedw.) Brid.;-7.398794;-39.271394;Batista, WVM;139d;Batista, W. V. S. M.;133035;UFP;UFPE;59923;172
GBIF;Marchantiophyta;Lejeuneaceae;Microlejeunea bullata;(Hedw.) Brid.;-7.398794;-39.271394;Batista, WVM;122c;Batista, W. V. S. M.;133038;UFP;UFPE;59923;172
GBIF;Marchantiophyta;Lejeuneaceae;Microlejeunea bullata;(Hedw.) Brid.;-7.398794;-39.271394;Batista, WVM;123b;Batista, W. V. S. M.;133031;UFP;UFPE;59923;172
GBIF;Marchantiophyta;Lejeuneaceae;Microlejeunea bullata;(Hedw.) Brid.;-7.398794;-39.271394;Batista, WVM;124d;Batista, W. V. S. M.;133032;UFP;UFPE;59923;172
GBIF;Marchantiophyta;Lepidoziaceae;Micropterygium trachyphyllum;(Hedw.) Brid.;-7.395833;-39.288611;Batista, WVM;145e;Batista, W. V. S. M.;191472;UFP;UFPE;59923;172
GBIF;Bryophyta;Leucobryaceae;Ochrobryum gardneri;(Hedw.) Brid.;-7.398794;-39.271394;Batista, WVM;133f;Batista, WVSM;70764;UFP;UFPE;59923;172
GBIF;Bryophyta;Leucobryaceae;Ochrobryum gardneri;(Hedw.) Brid.;-7.398794;-39.271394;Batista, WVM;134d;Batista, WVSM;191454;UFP;UFPE;59923;172
GBIF;Bryophyta;Leucobryaceae;Ochrobryum gardneri;K. Yamada;-7.395833;-39.288611;Batista, WVM;142e;Batista, WVSM;150165;UFP;UFPE;59923;172
GBIF;Bryophyta;Leucobryaceae;Ochrobryum gardneri;K. Yamada;-7.395833;-39.288611;Batista, WVM;161cx;Batista, WVSM;150168;UFP;UFPE;59923;172
GBIF;Bryophyta;Leucobryaceae;Ochrobryum gardneri;Gottsche;-7.393578;-39.282486;Batista, WVM;16c;Batista, WVSM;191422;UFP;UFPE;59923;172
GBIF;Bryophyta;Octoblepharaceae;Octoblepharum albidum;Mitt. ex Steph.;-7.398794;-39.271394;Batista, WVM;122d;Batista, WVSM;70193;UFP;UFPE;59923;172
GBIF;Bryophyta;Octoblepharaceae;Octoblepharum albidum;Mitt. ex Steph.;-7.398794;-39.271394;Batista, WVM;124c;Batista, WVSM;70192;UFP;UFPE;59923;172
GBIF;Bryophyta;Octoblepharaceae;Octoblepharum albidum;Mitt. ex Steph.;-7.398794;-39.271394;Batista, WVM;126a;Batista, WVSM;70198;UFP;UFPE;59923;172
GBIF;Bryophyta;Octoblepharaceae;Octoblepharum albidum;Mitt. ex Steph.;-7.398794;-39.271394;Batista, WVM;130c;Batista, WVSM;70195;UFP;UFPE;59923;172
GBIF;Bryophyta;Octoblepharaceae;Octoblepharum albidum;Mitt. ex Steph.;-7.398794;-39.271394;Batista, WVM;136e;Batista, WVSM;71763;UFP;UFPE;59923;172
GBIF;Bryophyta;Octoblepharaceae;Octoblepharum albidum;Mitt. ex Steph.;-7.398794;-39.271394;Batista, WVM;129a;"Bordin, J; Batista, WVSM";70191;UFP;UFPE;59923;172
GBIF;Bryophyta;Octoblepharaceae;Octoblepharum albidum;Mitt. ex Steph.;-7.395833;-39.288611;Batista, WVM;142d;Batista, WVSM;70621B;UFP;UFPE;59923;172
GBIF;Bryophyta;Octoblepharaceae;Octoblepharum albidum;(Schiffn.) A. Evans;-7.395833;-39.288611;Batista, WVM;156e;Batista, WVSM;22579;UFP;UFPE;59923;172
GBIF;Bryophyta;Octoblepharaceae;Octoblepharum albidum;(Schiffn.) A. Evans;-7.395833;-39.288611;Batista, WVM;159c;Batista, WVSM;191332;UFP;UFPE;59923;172
GBIF;Bryophyta;Octoblepharaceae;Octoblepharum albidum;(Schiffn.) A. Evans;-7.395833;-39.288611;Batista, WVM;161a;Batista, WVSM;191323;UFP;UFPE;59923;172
GBIF;Bryophyta;Octoblepharaceae;Octoblepharum albidum;(Schiffn.) A. Evans;-7.393578;-39.282486;Batista, WVM;16b;Batista, WVSM;191327;UFP;UFPE;59923;172
GBIF;Marchantiophyta;Plagiochilaceae;Plagiochila raddiana;(Schiffn.) A. Evans;-7.398794;-39.271394;Batista, WVM;133c;Batista, W. V. S. M.;191177;UFP;UFPE;59923;172
GBIF;Marchantiophyta;Lejeuneaceae;Pycnolejeunea contigua;(Schiffn.) A. Evans;-7.398794;-39.271394;Batista, WVM;136d;Batista, W. V. S. M.;71828B;UFP;UFPE;59923;172
GBIF;Marchantiophyta;Lejeuneaceae;Schiffneriolejeunea polycarpa;(Schiffn.) A. Evans;-7.398794;-39.271394;Batista, WVM;140b;Batista, W. V. S. M.;85024B;UFP;UFPE;59923;172
GBIF;Marchantiophyta;Lejeuneaceae;Schiffneriolejeunea polycarpa;(Schiffn.) A. Evans;-7.398794;-39.271394;Batista, WVM;136a;Batista, W. V. S. M.;85025C;UFP;UFPE;59923;172
GBIF;Marchantiophyta;Lejeuneaceae;Schiffneriolejeunea polycarpa;(Schiffn.) A. Evans;-7.398794;-39.271394;Batista, WVM;123e;Batista, W. V. S. M.;85026A;UFP;UFPE;59923;172
GBIF;Marchantiophyta;Lejeuneaceae;Schiffneriolejeunea polycarpa;(Schiffn.) L. Söderstr. & A. Hagborg;-7.398794;-39.271394;Batista, WVM;141b;Batista, W. V. S. M.;85029B;UFP;UFPE;59923;172
GBIF;Marchantiophyta;Lejeuneaceae;Schiffneriolejeunea polycarpa;(Schiffn.) L. Söderstr. & A. Hagborg;-7.398794;-39.271394;Batista, WVM;135b;Batista, W. V. S. M.;85013C;UFP;UFPE;59923;172
GBIF;Marchantiophyta;Lejeuneaceae;Schiffneriolejeunea polycarpa;(Schiffn.) L. Söderstr. & A. Hagborg;-7.398794;-39.271394;Batista, WVM;130a;Batista, W. V. S. M.;85017B;UFP;UFPE;59923;172
GBIF;Marchantiophyta;Lejeuneaceae;Schiffneriolejeunea polycarpa;(Schiffn.) L. Söderstr. & A. Hagborg;-7.398794;-39.271394;Batista, WVM;137a;Batista, W. V. S. M.;85018C;UFP;UFPE;59923;172
GBIF;Marchantiophyta;Lejeuneaceae;Schiffneriolejeunea polycarpa;(Brid.) Paris;-7.398794;-39.271394;Batista, WVM;138a;Batista, W. V. S. M.;85030B;UFP;UFPE;59923;172
GBIF;Marchantiophyta;Lejeuneaceae;Schiffneriolejeunea polycarpa;(Brid.) Paris;-7.398794;-39.271394;Batista, WVM;139a;Batista, W. V. S. M.;85014B;UFP;UFPE;59923;172
GBIF;Marchantiophyta;Lejeuneaceae;Schiffneriolejeunea polycarpa;(Müll. Hal.) E. Britton & Dixon;-7.398794;-39.271394;Batista, WVM;132a;Batista, W. V. S. M.;85021B;UFP;UFPE;59923;172
GBIF;Marchantiophyta;Lejeuneaceae;Schiffneriolejeunea polycarpa;(Hornsch.) Hampe;-7.398794;-39.271394;Batista, WVM;129d;Batista, W. V. S. M.;85013B;UFP;UFPE;59923;172
GBIF;Marchantiophyta;Lejeuneaceae;Schiffneriolejeunea polycarpa;(Hornsch.) Hampe;-7.398794;-39.271394;Batista, WVM;133a;Batista, W. V. S. M.;85025A;UFP;UFPE;59923;172
GBIF;Marchantiophyta;Lejeuneaceae;Schiffneriolejeunea polycarpa;(Hornsch.) Hampe;-7.398794;-39.271394;Batista, WVM;134b;Batista, W. V. S. M.;85016D;UFP;UFPE;59923;172
GBIF;Marchantiophyta;Lejeuneaceae;Schiffneriolejeunea polycarpa;(Hornsch.) Hampe;-7.398794;-39.271394;Batista, WVM;127a;Batista, W. V. S. M.;85012B;UFP;UFPE;59923;172
GBIF;Marchantiophyta;Lejeuneaceae;Schiffneriolejeunea polycarpa;(Hornsch.) Hampe;-7.398794;-39.271394;Batista, WVM;131b;Batista, W. V. S. M.;85022B;UFP;UFPE;59923;172
GBIF;Marchantiophyta;Lejeuneaceae;Schiffneriolejeunea polycarpa;(Hornsch.) Hampe;-7.398794;-39.271394;Batista, WVM;123a;Batista, W. V. S. M.;85026B;UFP;UFPE;59923;172
GBIF;Marchantiophyta;Lejeuneaceae;Schiffneriolejeunea polycarpa;(Hornsch.) Hampe;-7.398794;-39.271394;Batista, WVM;125a;"Bordin, J; Batista, WVSM";85020;UFP;UFPE;59923;172
GBIF;Marchantiophyta;Lejeuneaceae;Schiffneriolejeunea polycarpa;(Hornsch.) Hampe;-7.398794;-39.271394;Batista, WVM;128a;"Bordin, J; Batista, WVSM";85018B;UFP;UFPE;59923;172
GBIF;Marchantiophyta;Lejeuneaceae;Schiffneriolejeunea polycarpa;(Hornsch.) Hampe;-7.395833;-39.288611;Batista, WVM;155b;Batista, W. V. S. M.;85023B;UFP;UFPE;59923;172
GBIF;Marchantiophyta;Lejeuneaceae;Schiffneriolejeunea polycarpa;(Hedw.) Austin;-7.395833;-39.288611;Batista, WVM;151c;Batista, W. V. S. M.;85027;UFP;UFPE;59923;172
GBIF;Marchantiophyta;Lejeuneaceae;Schiffneriolejeunea polycarpa;(Hedw.) Austin;-7.395833;-39.288611;Batista, WVM;156c;Batista, W. V. S. M.;85028;UFP;UFPE;59923;172
GBIF;Marchantiophyta;Lejeuneaceae;Schiffneriolejeunea polycarpa;(With.) Grolle;-7.395833;-39.288611;Batista, WVM;158c;Batista, W. V. S. M.;85026C;UFP;UFPE;59923;172
GBIF;Marchantiophyta;Lejeuneaceae;Schiffneriolejeunea polycarpa;(Spruce) Pagán;-7.395833;-39.288611;Batista, WVM;143c;Batista, W. V. S. M.;85015B;UFP;UFPE;59923;172
GBIF;Marchantiophyta;Lejeuneaceae;Schiffneriolejeunea polycarpa;(Spruce) Pagán;-7.395833;-39.288611;Batista, WVM;148b;Batista, W. V. S. M.;85016B;UFP;UFPE;59923;172
GBIF;Marchantiophyta;Lejeuneaceae;Schiffneriolejeunea polycarpa;(Spruce) Pagán;-7.395833;-39.288611;Batista, WVM;150b;Batista, W. V. S. M.;85016E;UFP;UFPE;59923;172
GBIF;Marchantiophyta;Lejeuneaceae;Schiffneriolejeunea polycarpa;(Spruce) Pagán;-7.395833;-39.288611;Batista, WVM;145b;Batista, W. V. S. M.;85024C;UFP;UFPE;59923;172
GBIF;Marchantiophyta;Lejeuneaceae;Schiffneriolejeunea polycarpa;(Spruce) Pagán;-7.395833;-39.288611;Batista, WVM;149b;Batista, W. V. S. M.;85012C;UFP;UFPE;59923;172
GBIF;Marchantiophyta;Lejeuneaceae;Schiffneriolejeunea polycarpa;(Spruce) Meenks;-7.395833;-39.288611;Batista, WVM;144c;Batista, W. V. S. M.;85029D;UFP;UFPE;59923;172
GBIF;Marchantiophyta;Lejeuneaceae;Schiffneriolejeunea polycarpa;Jovet-Ast;-7.395833;-39.288611;Batista, WVM;142b;Batista, W. V. S. M.;85015A;UFP;UFPE;59923;172
GBIF;Marchantiophyta;Lejeuneaceae;Schiffneriolejeunea polycarpa;Jovet-Ast;-7.395833;-39.288611;Batista, WVM;147a;"Bordin, J; Batista, WVSM";85016A;UFP;UFPE;59923;172
GBIF;Bryophyta;Stereophyllaceae;Stereophyllum radiculosum;Jovet-Ast;-7.395833;-39.288611;Batista, WVM;145d;Batista, WVSM;84865C;UFP;UFPE;59923;172
GBIF;Bryophyta;Stereophyllaceae;Stereophyllum radiculosum;Jovet-Ast;-7.395833;-39.288611;Batista, WVM;146b;Batista, WVSM;134692;UFP;UFPE;59923;172
GBIF;Bryophyta;Stereophyllaceae;Stereophyllum radiculosum;Jovet-Ast;-7.395833;-39.288611;Batista, WVM;147b;Batista, WVSM;134693;UFP;UFPE;59923;172
GBIF;Bryophyta;Stereophyllaceae;Stereophyllum radiculosum;Jovet-Ast;-7.395833;-39.288611;Batista, WVM;148c;Batista, WVSM;126986;UFP;UFPE;59923;172
GBIF;Bryophyta;Stereophyllaceae;Stereophyllum radiculosum;Jovet-Ast;-7.395833;-39.288611;Batista, WVM;151d;Batista, WVSM;126986;UFP;UFPE;59923;172
GBIF;Bryophyta;Stereophyllaceae;Stereophyllum radiculosum;Steph.;-7.395833;-39.288611;Batista, WVM;153a;Batista, WVSM;88391;UFP;UFPE;59923;172
GBIF;Bryophyta;Stereophyllaceae;Stereophyllum radiculosum;Steph.;-7.395833;-39.288611;Batista, WVM;156a;Batista, WVSM;090810;UFP;UFPE;59923;172
GBIF;Bryophyta;Stereophyllaceae;Stereophyllum radiculosum;Steph.;-7.395833;-39.288611;Batista, WVM;157a;Batista, WVSM;191245;UFP;UFPE;59923;172
GBIF;Bryophyta;Stereophyllaceae;Stereophyllum radiculosum;Steph.;-7.395833;-39.288611;Batista, WVM;158d;Batista, WVSM;191244;UFP;UFPE;59923;172
GBIF;Bryophyta;Stereophyllaceae;Stereophyllum radiculosum;Steph.;-7.395833;-39.288611;Batista, WVM;160a;Batista, WVSM;191246;UFP;UFPE;59923;172
GBIF;Bryophyta;Calymperaceae;Syrrhopodon ligulatus;Steph.;-7.395833;-39.288611;Batista, WVM;142f;Batista, WVSM;74223;UFP;UFPE;59923;172
GBIF;Bryophyta;Calymperaceae;Syrrhopodon parasiticus;Steph.;-7.395833;-39.288611;Batista, WVM;143e;Batista, WVSM;191260;UFP;UFPE;59923;172
GBIF;Bryophyta;Calymperaceae;Syrrhopodon parasiticus;Steph.;-7.395833;-39.288611;Batista, WVM;144d;Batista, WVSM;191253;UFP;UFPE;59923;172
GBIF;Bryophyta;Calymperaceae;Syrrhopodon parasiticus;Steph.;-7.395833;-39.288611;Batista, WVM;148f;Batista, WVSM;191257;UFP;UFPE;59923;172
GBIF;Bryophyta;Calymperaceae;Syrrhopodon parasiticus;Steph.;-7.395833;-39.288611;Batista, WVM;149e;Batista, WVSM;191254;UFP;UFPE;59923;172
GBIF;Marchantiophyta;Ricciaceae;Riccia wainionis;Steph.;-12.430278;-39.251389;Vital, D. M.;1950;Peralta, D. F.;84993E;SP-BRYOPHYTA;IBt;60071;173
GBIF;Bryophyta;Pottiaceae;Hydrogonium orientale;Steph.;-8.133889;-39.233611;Oliveira, T;A1114;Oliveira, T;87089;UFP;UFPE;60207;174
GBIF;Bryophyta;Pottiaceae;Hydrogonium orientale;Steph.;-8.133889;-39.233611;Oliveira, T;A2115;Oliveira, T;87097;UFP;UFPE;60207;174
GBIF;Bryophyta;Pottiaceae;Hydrogonium orientale;Steph.;-8.133889;-39.233611;Oliveira, T;A3116;Oliveira, T;87080;UFP;UFPE;60207;174
GBIF;Bryophyta;Pottiaceae;Hydrogonium orientale;Steph.;-8.133889;-39.233611;Oliveira, T;A4117;Oliveira, T;87079;UFP;UFPE;60207;174
GBIF;Marchantiophyta;Ricciaceae;Riccia squamata;Steph.;-9.958056;-39.148333;Vital, D. M.;8121;Vital, D. M.;84973B;SP-BRYOPHYTA;IBt;61068;175
GBIF;Bryophyta;Pottiaceae;Weissia controversa;Lindenb. & Hampe;-9.95;-39.15;Vital, D.M.;8122;Vital, D.M.;090233;SP-BRYOPHYTA;IBt;61068;175
GBIF;Bryophyta;Bryaceae;Bryum argenteum;Lindenb. & Hampe;-8.133333;-39.166667;Vital, D.M.;8189;Vital, D.M.;49700;SP-BRYOPHYTA;IBt;61131;176
GBIF;Bryophyta;Archidiaceae;Archidium microthecium;Lindenb. & Hampe;-8.074167;-39.169167;Vital, D.M.;8192;Peralta, D.F.;550131;SP-BRYOPHYTA;IBt;61133;177
GBIF;Marchantiophyta;Corsiniaceae;Cronisia weddellii;Lindenb. & Hampe;-8.074167;-39.169167;Vital, D. M.;8188;Vital, D. M.;131870;SP-BRYOPHYTA;IBt;61133;177
GBIF;Anthocerotophyta;Notothyladaceae;Notothylas breutelii;Lindenb. & Hampe;-8.074167;-39.169167;Vital, D.M.;8192;Peralta, D.F.;150164;SP-BRYOPHYTA;IBt;61133;177
GBIF;Marchantiophyta;Ricciaceae;Riccia squamata;Lindenb. & Hampe;-8.074167;-39.169167;Vital, D. M.;8191;Peralta, D. F.;84972D;SP-BRYOPHYTA;IBt;61133;177
GBIF;Marchantiophyta;Ricciaceae;Riccia vitalii;Lindenb. & Hampe;-8.074167;-39.169167;Vital, D. M.;8191;Peralta, D. F.;85006E;SP-BRYOPHYTA;IBt;61133;177
GBIF;Marchantiophyta;Lejeuneaceae;Cololejeunea contractiloba;Lindenb. & Hampe;-7.406075;-39.169722;Batista, WVM;204a;Batista, W. V. S. M.;146825;UFP;UFPE;61156;178
GBIF;Bryophyta;Stereophyllaceae;Entodontopsis leucostega;Lindenb. & Hampe;-7.406075;-39.169722;Batista, WVM;204b;Batista, WVSM;51424;UFP;UFPE;61156;178
GBIF;Bryophyta;Fabroniaceae;Fabronia ciliaris;Lindenb. & Hampe;-7.406075;-39.169722;Batista, WVM;205a;Batista, WVSM;51561;UFP;UFPE;61156;178
GBIF;Bryophyta;Fissidentaceae;Fissidens gardneri;Lindenb. & Hampe;-7.406075;-39.169722;Batista, WVM;205b;Batista, WVSM;51590;UFP;UFPE;61156;178
GBIF;Bryophyta;Fissidentaceae;Fissidens radicans;Lindenb. & Hampe;-7.406075;-39.169722;Batista, WVM;204c;Batista, WVSM;72232;UFP;UFPE;61156;178
GBIF;Marchantiophyta;Frullaniaceae;Frullania ericoides;Lindenb. & Hampe;-7.406075;-39.169722;Batista, WVM;200a;Batista, W. V. S. M.;72051;UFP;UFPE;61156;178
GBIF;Marchantiophyta;Frullaniaceae;Frullania ericoides;Steph.;-7.406075;-39.169722;Batista, WVM;201a;Batista, W. V. S. M.;72053;UFP;UFPE;61156;178
GBIF;Marchantiophyta;Frullaniaceae;Frullania ericoides;Steph.;-7.406075;-39.169722;Batista, WVM;199a;Batista, W. V. S. M.;72052;UFP;UFPE;61156;178
GBIF;Marchantiophyta;Frullaniaceae;Frullania ericoides;Steph.;-7.406075;-39.169722;Batista, WVM;206a;Batista, W. V. S. M.;79179;UFP;UFPE;61156;178
GBIF;Marchantiophyta;Frullaniaceae;Frullania ericoides;Steph.;-7.406075;-39.169722;Batista, WVM;202a;Batista, W. V. S. M.;79177;UFP;UFPE;61156;178
GBIF;Marchantiophyta;Frullaniaceae;Frullania ericoides;Steph.;-7.406075;-39.169722;Batista, WVM;207a;Batista, W. V. S. M.;119971;UFP;UFPE;61156;178
GBIF;Marchantiophyta;Frullaniaceae;Frullania ericoides;Bisch.;-7.406075;-39.169722;Batista, WVM;208a;Batista, W. V. S. M.;119981;UFP;UFPE;61156;178
GBIF;Marchantiophyta;Lejeuneaceae;Lejeunea phyllobola;Bisch.;-7.406075;-39.169722;Batista, WVM;200b;Batista, W. V. S. M.;109060;UFP;UFPE;61156;178
GBIF;Marchantiophyta;Lejeuneaceae;Lejeunea phyllobola;Bisch.;-7.406075;-39.169722;Batista, WVM;199b;Batista, W. V. S. M.;79658;UFP;UFPE;61156;178
GBIF;Bryophyta;Stereophyllaceae;Stereophyllum radiculosum;Bisch.;-7.406075;-39.169722;Batista, WVM;201b;Batista, WVSM;84864A;UFP;UFPE;61156;178
GBIF;Bryophyta;Stereophyllaceae;Stereophyllum radiculosum;Nees;-7.406075;-39.169722;Batista, WVM;203a;Batista, WVSM;84862A;UFP;UFPE;61156;178
GBIF;Bryophyta;Archidiaceae;Archidium ohioense;Nees;-8.074167;-39.119167;Vital, D.M.;8187;Vital, D.M.;089593;SP-BRYOPHYTA;IBt;61436;179
GBIF;Marchantiophyta;Corsiniaceae;Cronisia fimbriata;Nees;-8.074167;-39.119167;Vital, D. M.;1980;Vital, D. M.;135533;SP-BRYOPHYTA;IBt;61436;179
GBIF;Bryophyta;Pterobryaceae;Orthostichopsis tortipilis;Nees;-4.418332;-39.044;Gomes, M.A.F.;;Nascimento, M. G. M. & Peralta, D. F.;71856;PC;MNHN;62468;180
GBIF;Marchantiophyta;Ricciaceae;Riccia mauryana;Nees;-8.703889;-38.9825;Vital, D. M.;8184;Vital, D. M.;84972E;SP-BRYOPHYTA;IBt;62938;181
GBIF;Marchantiophyta;Ricciaceae;Riccia vitalii;Nees;-8.703889;-38.9825;Vital, D. M.;8185;Vital, D. M.;85002A;SP-BRYOPHYTA;IBt;62938;181
GBIF;Bryophyta;Orthotrichaceae;Groutiella tomentosa;Nees;-4.208262253;-38.97425731;"Yano, O.; Mello, Z.R.";13862;Lima,  J. S.;96468;HUSC;UNISANTA;63412;182
GBIF;Bryophyta;Orthotrichaceae;Groutiella tumidula;Nees;-4.208262253;-38.97425731;"Yano, O.; Mello, Z.R.";13895;Lima,  J. S.;79646;HUSC;UNISANTA;63412;182
GBIF;Bryophyta;Pterobryaceae;Jaegerina scariosa;Nees;-4.213056;-38.974167;"Freitas, AJM; Loiola, MIB; Soares Neto, RL";3;Camara, P.E.A.S.;77312;UB;UNB;63412;182
GBIF;Marchantiophyta;Lejeuneaceae;Lejeunea flava;Nees;-4.208262253;-38.97425731;"Yano, O.;Mello, Z.R.";;M.G.M. Nascimento & D.F. Peralta;79563;PC;MNHN;63412;182
GBIF;Bryophyta;Octoblepharaceae;Octoblepharum albidum;Nees;-4.208262253;-38.97425731;"Yano, O; Mello, ZR";13865;Peralta, D. F.;150143;ICN;UFRGS;63412;182
GBIF;Bryophyta;Bartramiaceae;Philonotis hastata;Nees;-4.208262253;-38.97425731;"Yano, O.; Mello, Z.R.";13893;Peralta, D. F.;75871;HUSC;UNISANTA;63412;182
GBIF;Bryophyta;Bartramiaceae;Philonotis sphaericarpa;Nees;-4.208262253;-38.97425731;"Yano, O; Mello, ZR";13877;Peralta, D. F.;76300;ICN;UFRGS;63412;182
GBIF;Bryophyta;Phyllogoniaceae;Phyllogonium viride;Nees;-4.213056;-38.974167;"Freitas, AJM; Loiola, MIB; Soares Neto, RL";6;Camara, P.E.A.S.;76230;UB;UNB;63412;182
GBIF;Bryophyta;Calymperaceae;Calymperes erosum;Nees;-4.265278;-38.931944;"Chaves, BE; Lopes, RMB; Fortes, AS; Souza, AKA; Nunes, TVA";105;Faria, A.L. A.;29422;UB;UNB;63726;183
GBIF;Bryophyta;Calymperaceae;Calymperes lonchophyllum;Nees;-4.265278;-38.931944;"Chaves, BE; Lopes, RMB; Fortes, AS; Souza, AKA; Nunes, TVA";106;Faria, A.L. A.;137662;UB;UNB;63726;183
GBIF;Bryophyta;Sematophyllaceae;Donnellia commutata;Nees;-4.265278;-38.931944;"Chaves, BE; Lopes, RMB; Fortes, AS; Souza, AKA; Nunes, TVA";102;Faria, A.L. A.;51700;UB;UNB;63726;183
GBIF;Bryophyta;Sematophyllaceae;Donnellia commutata;Jovet-Ast;-4.265278;-38.931944;"Chaves, BE; Lopes, RMB; Fortes, AS; Souza, AKA; Nunes, TVA";113;Faria, A.L. A.;51664;UB;UNB;63726;183
GBIF;Bryophyta;Pylaisiadelphaceae;Isopterygium tenerum;Jovet-Ast;-4.265278;-38.931944;"Chaves, BE; Lopes, RMB; Fortes, AS; Souza, AKA; Nunes, TVA";109;Faria, A.L. A.;79138;UB;UNB;63726;183
GBIF;Bryophyta;Pterobryaceae;Jaegerina scariosa;Jovet-Ast;-4.265278;-38.931944;"Chaves, BE; Lopes, RMB; Fortes, AS; Souza, AKA; Nunes, TVA";107;Faria, A.L. A.;77776;UB;UNB;63726;183
GBIF;Bryophyta;Pterobryaceae;Jaegerina scariosa;Jovet-Ast;-4.265278;-38.931944;"Chaves, BE; Lopes, RMB; Fortes, AS; Souza, AKA; Nunes, TVA";108;Faria, A.L. A.;77305;UB;UNB;63726;183
GBIF;Bryophyta;Pterobryaceae;Jaegerina scariosa;Jovet-Ast;-4.265278;-38.931944;"Chaves, BE; Lopes, RMB; Fortes, AS; Souza, AKA; Nunes, TVA";112;Faria, A.L. A.;77306;UB;UNB;63726;183
GBIF;Bryophyta;Leucobryaceae;Ochrobryum gardneri;Jovet-Ast;-4.265278;-38.931944;"Chaves, BE; Lopes, RMB; Fortes, AS; Souza, AKA; Nunes, TVA";110;Faria, A.L. A.;73346;UB;UNB;63726;183
GBIF;Bryophyta;Octoblepharaceae;Octoblepharum albidum;Jovet-Ast;-4.265278;-38.931944;"Chaves, BE; Lopes, RMB; Fortes, AS; Souza, AKA; Nunes, TVA";111;Faria, A.L. A.;090259;UB;UNB;63726;183
speciesLink;Anthocerotophyta;Notothyladaceae;Phaeoceros laevis;Jovet-Ast;-4.263329983;-38.93310165;M. Almeida-Neto;161;D.F. Peralta;71852;SJRP-BRYOPHYTA;UNESP-IBILCE;63726;183
GBIF;Marchantiophyta;Plagiochilaceae;Plagiochila corrugata;Jovet-Ast;-4.265278;-38.931944;"Chaves, BE; Lopes, RMB; Fortes, AS; Souza, AKA; Nunes, TVA";99;Faria, ALA;150125;UB;UNB;63726;183
GBIF;Bryophyta;Orthotrichaceae;Schlotheimia jamesonii;Jovet-Ast;-4.265278;-38.931944;"Chaves, BE; Lopes, RMB; Fortes, AS; Souza, AKA; Nunes, TVA";100;Faria, A.L. A.;85063C;UB;UNB;63726;183
GBIF;Bryophyta;Orthotrichaceae;Schlotheimia jamesonii;Jovet-Ast;-4.265278;-38.931944;"Chaves, BE; Lopes, RMB; Fortes, AS; Souza, AKA; Nunes, TVA";98;Faria, A.L. A.;85059D;UB;UNB;63726;183
GBIF;Marchantiophyta;Lejeuneaceae;Caudalejeunea lehmanniana;Jovet-Ast;-4.234167;-38.926667;"Loiola, MIB; et al.";1702;Bastos, C.;119688-A;UB;UNB;63727;184
GBIF;Marchantiophyta;Frullaniaceae;Frullania gibbosa;Jovet-Ast;-4.225484811;-38.92684277;Loiola, M.I.B.;1652;Camara, P.E.A.S.;63492;EAC;UFC;63727;184
GBIF;Marchantiophyta;Frullaniaceae;Frullania gibbosa;Jovet-Ast;-4.225484811;-38.92684277;Loiola, M.I.B.;1665;Lima, J.S.;70156;EAC;UFC;63727;184
GBIF;Bryophyta;Pylaisiadelphaceae;Isopterygium tenerum;Jovet-Ast;-4.234222;-38.926639;Loiola, M.I.B.;1692;Sousa, R.V.;79438;EAC;UFC;63727;184
GBIF;Anthocerotophyta;Notothyladaceae;Phaeoceros laevis;Jovet-Ast;-4.234167;-38.926667;"Loiola, MIB; et al.";1688;Amelio, LA;71844;UB;UNB;63727;184
GBIF;Bryophyta;Racopilaceae;Racopilum tomentosum;Jovet-Ast;-4.222222;-38.930278;"Loiola, MIB; et al.";1681;Camara, P.E.A.S.;71709;UB;UNB;63727;184
GBIF;Bryophyta;Bryaceae;Rosulabryum huillense;Jovet-Ast;-4.313611;-38.906944;"Chaves, BE; Lopes, RMB; Fortes, AS; Souza, AKA; Nunes, TVA";124;Faria, A.L. A.;PC0735771;UB;UNB;64038;185
GBIF;Bryophyta;Calymperaceae;Calymperes palisotii;Jovet-Ast;-4.313611;-38.906944;"Chaves, BE; Lopes, RMB; Fortes, AS; Souza, AKA; Nunes, TVA";126;Faria, A.L. A.;64122;UB;UNB;64038;185
GBIF;Bryophyta;Calymperaceae;Calymperes palisotii;Jovet-Ast;-4.313611;-38.906944;"Chaves, BE; Lopes, RMB; Fortes, AS; Souza, AKA; Nunes, TVA";127;Faria, A.L. A.;64132;UB;UNB;64038;185
GBIF;Bryophyta;Sematophyllaceae;Donnellia commutata;Jovet-Ast;-4.313611;-38.906944;"Chaves, BE; Lopes, RMB; Fortes, AS; Souza, AKA; Nunes, TVA";120;Camara, P.E.A.S.;51775;UB;UNB;64038;185
GBIF;Bryophyta;Sematophyllaceae;Donnellia commutata;Jovet-Ast;-4.313611;-38.906944;"Chaves, BE; Lopes, RMB; Fortes, AS; Souza, AKA; Nunes, TVA";118;Faria, A.L. A.;51821;UB;UNB;64038;185
GBIF;Bryophyta;Sematophyllaceae;Donnellia commutata;Jovet-Ast;-4.313611;-38.906944;"Chaves, BE; Lopes, RMB; Fortes, AS; Souza, AKA; Nunes, TVA";119;Faria, A.L. A.;51731;UB;UNB;64038;185
GBIF;Bryophyta;Sematophyllaceae;Jirivanaea cuspidifera;Jovet-Ast;-4.313611;-38.906944;"Chaves, BE; Lopes, RMB; Fortes, AS; Souza, AKA; Nunes, TVA";121;Evangelista, M.;77769;UB;UNB;64038;185
GBIF;Bryophyta;Bartramiaceae;Philonotis hastata;Jovet-Ast;-4.313611;-38.906944;"Chaves, BE; Lopes, RMB; Fortes, AS; Souza, AKA; Nunes, TVA";116;Faria, A.L. A.;76240;UB;UNB;64038;185
GBIF;Bryophyta;Bruchiaceae;Trematodon vaginatus;Jovet-Ast;-4.313611;-38.906944;"Chaves, BE; Lopes, RMB; Fortes, AS; Souza, AKA; Nunes, TVA";122;Faria, A.L. A.;87275;UB;UNB;64038;185
GBIF;Bryophyta;Orthotrichaceae;Pseudomacromitrium punctatum;Jovet-Ast;-4.236944;-38.916944;"Freitas, AJM; Loiola, MIB; Soares Neto, RL";16;Camara, P.E.A.S.;RB01355899;UB;UNB;64041;186
GBIF;Marchantiophyta;Ricciaceae;Riccia vitalii;Jovet-Ast;-6.401111;-38.862222;Vital, D. M.;1979;Vital, D. M.;84997B;SP-BRYOPHYTA;IBt;64277;187
GBIF;Bryophyta;Stereophyllaceae;Entodontopsis leucostega;Jovet-Ast;-4.328611;-38.884722;Camara, PEAS;704b;Camara, P.E.A.S.;51499;UB;UNB;64350;188
GBIF;Bryophyta;Orthotrichaceae;Schlotheimia jamesonii;Jovet-Ast;-4.328611;-38.884722;Camara, PEAS;704a;Camara, P.E.A.S.;85066B;UB;UNB;64350;188
GBIF;Marchantiophyta;Lejeuneaceae;Cheilolejeunea ovalis;Jovet-Ast;-3.8856;-38.7239;K. Santos;4433;Gradstein, S. R.;119220;NY;NYBG;65854;189
GBIF;Marchantiophyta;Lejeuneaceae;Cheilolejeunea ovalis;Jovet-Ast;-3.885555;-38.723889;"Santos, K; Diogo, IJ; Nobre, G";4433;Gradstein, S. R.;119389;UB;UNB;65854;189
speciesLink;Marchantiophyta;Herbertaceae;Herbertus bivittatus;Jovet-Ast;-3.893758013;-38.72266828;M. Almeida Neto;58;D.F. Peralta;79170;SJRP-BRYOPHYTA;UNESP-IBILCE;65854;189
GBIF;Bryophyta;Leucobryaceae;Leucobryum albicans;Jovet-Ast;-3.894167;-38.720833;"E.C. Tomaz;Soares, A.,Tomaz, E.C.";177;Peralta, D. F.;96471;UFRN;UFRN;65854;189
GBIF;Bryophyta;Sphagnaceae;Sphagnum perichaetiale;Jovet-Ast;-3.894201259;-38.72241801;"K. Santos; I.J.S. Diogo & E. Favila";4605;Costa, D.P.;84901G;RB;JBRJ;65854;189
GBIF;Bryophyta;Brachytheciaceae;Squamidium brasiliense;Jovet-Ast;-3.894201259;-38.72241801;"K. Santos; I.J.S. Diogo & E. Favila";4604;Costa, D.P.;84909A;RB;JBRJ;65854;189
GBIF;Bryophyta;Stereophyllaceae;Entodontopsis leucostega;Jovet-Ast;-3.888060208;-38.71271557;"Yano, O; Mello, ZR";13954;Peralta, D. F.;51450;HUCS;UCS;66137;190
GBIF;Marchantiophyta;Plagiochilaceae;Plagiochila martiana;Jovet-Ast;-3.888083;-38.704444;"Yano, O; Mello, ZR";14012;Peralta, D. F.;191183;HUCS;UCS;66137;190
GBIF;Marchantiophyta;Ricciaceae;Riccia squamata;Jovet-Ast;-3.898249934;-38.69755988;Vital, D. M.;1319;Vital, D. M.;84979A;SP-BRYOPHYTA;IBt;66137;190
GBIF;Bryophyta;Stereophyllaceae;Entodontopsis leucostega;Jovet-Ast;-3.890833;-38.685556;Vital, D.M.;1321;Vital, D.M.;51355;SP-BRYOPHYTA;IBt;66419;191
speciesLink;Marchantiophyta;Herbertaceae;Herbertus bivittatus;Jovet-Ast;-3.891692747;-38.68324523;M. Almeida Neto;63;D.F. Peralta;77994;SJRP-BRYOPHYTA;UNESP-IBILCE;66419;191
speciesLink;Marchantiophyta;Herbertaceae;Herbertus bivittatus;Jovet-Ast;-3.891692747;-38.68324523;M. Almeida Neto;59;D.F. Peralta;79214;SJRP-BRYOPHYTA;UNESP-IBILCE;66419;191
GBIF;Bryophyta;Leucobryaceae;Leucobryum albicans;Jovet-Ast;-3.890833;-38.685556;Hell, K.G.;1081;Hell, K.G.;79121;SP-BRYOPHYTA;IBt;66419;191
GBIF;Bryophyta;Leucobryaceae;Leucobryum albicans;Jovet-Ast;-3.890833;-38.685556;Hell, K.G.;1085;Hell, K.G.;79115;SP-BRYOPHYTA;IBt;66419;191
GBIF;Bryophyta;Leucobryaceae;Leucobryum albicans;Jovet-Ast;-3.890833;-38.685556;Hell, K.G.;1086;Hell, K.G.;79113;SP-BRYOPHYTA;IBt;66419;191
GBIF;Bryophyta;Octoblepharaceae;Octoblepharum albidum;Jovet-Ast;-3.890833;-38.685556;Vital, D.M.;1320;Vital, D.M.;191305;SP-BRYOPHYTA;IBt;66419;191
GBIF;Bryophyta;Octoblepharaceae;Octoblepharum albidum;Jovet-Ast;-3.890833;-38.685556;Hell, K.G.;1016;Hell, K.G.;090255;SP-BRYOPHYTA;IBt;66419;191
speciesLink;Marchantiophyta;Aneuraceae;Riccardia glaziovii;Jovet-Ast;-3.89083004;-38.68560028;M. Almeida Neto;385;D.F. Peralta;84972G;SJRP-BRYOPHYTA;UNESP-IBILCE;66419;191
GBIF;Marchantiophyta;Corsiniaceae;Cronisia fimbriata;Jovet-Ast;-9.756111;-38.631389;Vital, D. M.;8175;Vital, D. M.;131847;SP-BRYOPHYTA;IBt;66497;192
GBIF;Marchantiophyta;Frullaniaceae;Frullania ericoides;Jovet-Ast;-9.756111;-38.631389;Vital, D. M.;8176;Vital, D. M.;79068;SP-BRYOPHYTA;IBt;66497;192
GBIF;Marchantiophyta;Frullaniaceae;Frullania ericoides;Jovet-Ast;-9.756111;-38.631389;Vital, D. M.;8168;Vital, D. M.;72139;SP-BRYOPHYTA;IBt;66497;192
GBIF;Bryophyta;Orthotrichaceae;Groutiella tomentosa;Jovet-Ast;-9.756111;-38.631389;Vital, D. M.;8168;Vital, D. M.;96463;SP-BRYOPHYTA;IBt;66497;192
GBIF;Marchantiophyta;Lejeuneaceae;Myriocoleopsis minutissima;Jovet-Ast;-9.756111;-38.631389;Vital, D. M.;8166;"Vital, D. M.; Giancotti, C.";191440;SP-BRYOPHYTA;IBt;66497;192
GBIF;Marchantiophyta;Ricciaceae;Riccia planobiconvexa;Jovet-Ast;-9.756111;-38.631389;Vital, D. M.;8158;Vital, D. M.;84982C;SP-BRYOPHYTA;IBt;66497;192
GBIF;Bryophyta;Bryaceae;Anomobryum apiculatum;Jovet-Ast;-3.714167;-38.641389;"Chaves, BE; Lopes, RMB";80;Faria, A.L. A.;090008;UB;UNB;66707;193
GBIF;Bryophyta;Bryaceae;Rosulabryum capillare;Jovet-Ast;-3.714167;-38.641389;"Chaves, BE; Lopes, RMB";78;Faria, A.L. A.;28932;UB;UNB;66707;193
GBIF;Bryophyta;Bryaceae;Rosulabryum capillare;Jovet-Ast;-3.714167;-38.641389;"Chaves, BE; Lopes, RMB";91;Faria, A.L. A.;51261;UB;UNB;66707;193
GBIF;Bryophyta;Bryaceae;Imbribryum subapiculatum;Jovet-Ast;-3.714167;-38.641389;"Chaves, BE; Lopes, RMB";88;Canestraro, B. K.;28261;UB;UNB;66707;193
GBIF;Bryophyta;Pottiaceae;Hyophila involuta;Jovet-Ast;-3.714167;-38.641389;"Chaves, BE; Lopes, RMB";77;Faria, A.L. A.;70414;UB;UNB;66707;193
GBIF;Bryophyta;Pottiaceae;Hyophila involuta;Jovet-Ast;-3.714167;-38.641389;"Chaves, BE; Lopes, RMB";79;Faria, A.L. A.;70193;UB;UNB;66707;193
GBIF;Bryophyta;Pottiaceae;Hyophila involuta;Jovet-Ast;-3.714167;-38.641389;"Chaves, BE; Lopes, RMB";82;Faria, A.L. A.;84749;UB;UNB;66707;193
GBIF;Bryophyta;Pottiaceae;Hyophila involuta;Jovet-Ast;-3.714167;-38.641389;"Chaves, BE; Lopes, RMB";90;Faria, A.L. A.;84752;UB;UNB;66707;193
GBIF;Bryophyta;Pottiaceae;Hyophila involuta;Jovet-Ast;-3.714167;-38.641389;"Chaves, BE; Lopes, RMB";93;Faria, A.L. A.;61648;UB;UNB;66707;193
GBIF;Marchantiophyta;Lejeuneaceae;Myriocoleopsis minutissima;Jovet-Ast;-3.714167;-38.641389;"Chaves, BE; Lopes, RMB";81;Faria, ALA;150160;UB;UNB;66707;193
GBIF;Bryophyta;Leucobryaceae;Ochrobryum gardneri;Jovet-Ast;-3.714167;-38.641389;"Chaves, BE; Lopes, RMB";85;Faria, A.L. A.;70206;UB;UNB;66707;193
GBIF;Bryophyta;Leucobryaceae;Ochrobryum gardneri;Jovet-Ast;-3.714167;-38.641389;"Chaves, BE; Lopes, RMB";86;Faria, A.L. A.;70260;UB;UNB;66707;193
GBIF;Bryophyta;Leucobryaceae;Ochrobryum gardneri;Jovet-Ast;-3.714167;-38.641389;"Chaves, BE; Lopes, RMB";89;Faria, A.L. A.;70252;UB;UNB;66707;193
GBIF;Bryophyta;Octoblepharaceae;Octoblepharum albidum;Jovet-Ast;-3.714167;-38.641389;"Chaves, BE; Lopes, RMB";87;Faria, A.L. A.;090257;UB;UNB;66707;193
GBIF;Bryophyta;Archidiaceae;Archidium ohioense;Jovet-Ast;-9.75;-38.616667;Vital, D.M.;8172;Vital, D.M.;87085;SP-BRYOPHYTA;IBt;66778;194
GBIF;Bryophyta;Bryaceae;Bryum argenteum;Jovet-Ast;-9.75;-38.616667;Vital, D.M.;8173;Vital, D.M.;64202;SP-BRYOPHYTA;IBt;66778;194
GBIF;Bryophyta;Bryaceae;Rosulabryum billarderii;Jovet-Ast;-9.75;-38.616667;Vital, D.M.;8169;Vital, D.M.;28270;SP-BRYOPHYTA;IBt;66778;194
GBIF;Bryophyta;Bryaceae;Rosulabryum capillare;Jovet-Ast;-9.75;-38.616667;Vital, D.M.;8160;Vital, D.M.;131818;SP-BRYOPHYTA;IBt;66778;194
GBIF;Bryophyta;Bryaceae;Rosulabryum capillare;Jovet-Ast;-9.75;-38.616667;Vital, D.M.;8174;Vital, D.M.;131820;SP-BRYOPHYTA;IBt;66778;194
GBIF;Bryophyta;Dicranellaceae;Eccremidium exiguum;Jovet-Ast;-9.75;-38.62;Vital, D.M.;8171;Vital, D.M.;61624;NY;NYBG;66778;194
GBIF;Bryophyta;Fabroniaceae;Fabronia macroblepharis;Jovet-Ast;-9.75;-38.616667;Vital, D.M.;8161;Vital, D.M.;51583;SP-BRYOPHYTA;IBt;66778;194
GBIF;Bryophyta;Fissidentaceae;Fissidens guianensis;Jovet-Ast;-9.75;-38.616667;Vital, D.M.;8167;Vital, D.M.;77950;SP-BRYOPHYTA;IBt;66778;194
GBIF;Bryophyta;Fissidentaceae;Fissidens zollingeri;Steph.;-9.75;-38.616667;Vital, D.M.;8159;Vital, D.M.;77835;SP-BRYOPHYTA;IBt;66778;194
GBIF;Bryophyta;Helicophyllaceae;Helicophyllum torquatum;Steph.;-9.75;-38.616667;Vital, D.M.;8162;Vital, D.M.;51386;SP-BRYOPHYTA;IBt;66778;194
GBIF;Bryophyta;Helicophyllaceae;Helicophyllum torquatum;Steph.;-9.75;-38.616667;Vital, D.M.;8164;Vital, D.M.;51403;SP-BRYOPHYTA;IBt;66778;194
GBIF;Bryophyta;Orthotrichaceae;Pseudomacromitrium punctatum;Steph.;-9.75;-38.616667;Vital, D.M.;8163;Vital, D.M.;123682;SP-BRYOPHYTA;IBt;66778;194
GBIF;Bryophyta;Octoblepharaceae;Octoblepharum albidum;Steph.;-9.75;-38.616667;Vital, D.M.;8165;Vital, D.M.;79905;SP-BRYOPHYTA;IBt;66778;194
speciesLink;Marchantiophyta;Pallaviciniaceae;Symphyogyna brasiliensis;Steph.;-3.98416996;-38.62030029;M. Almeida-Neto;252;D.F. Peralta;090811;SJRP-BRYOPHYTA;UNESP-IBILCE;66979;195
GBIF;Bryophyta;Archidiaceae;Archidium ohioense;Steph.;-8.42;-38.58;Vital, D.M.;8183;Vital, D.M.;089586;HUSC;UNISANTA;67106;196
GBIF;Bryophyta;Stereophyllaceae;Entodontopsis leucostega;Steph.;-4.003611;-38.599722;Chaves, BE;97;Faria, A.L. A.;51444;UB;UNB;67260;197
GBIF;Bryophyta;Archidiaceae;Archidium ohioense;Steph.;-8.733333;-38.533333;Vital, D.M.;8182;Vital, D.M.;089587;SP-BRYOPHYTA;IBt;67662;198
GBIF;Bryophyta;Octoblepharaceae;Octoblepharum albidum;Steph.;-3.717222;-38.543056;Hell, K.G.;1087;Hell, K.G.;191299;SP-BRYOPHYTA;IBt;67837;199
speciesLink;Bryophyta;Leucobryaceae;Campylopus griseus;Steph.;-9.810879983;-38.49221546;"Santos, R.G.P. 143; Lira, M.R.P. & Barros, E.M.";;Dias, M.S.;119681-A;R-BRYOPHYTA;MN;67908;200
speciesLink;Bryophyta;Orthotrichaceae;Schlotheimia rugifolia;Steph.;-9.809470925;-38.49309878;"Santos, R.G.P. 141; Lira, M.R.P. & Barros, E.M.";;Dias, M.S.;84956A;R-BRYOPHYTA;MN;67908;200
speciesLink;Bryophyta;Splachnaceae;Tetraplodon mnioides;Steph.;-9.810879983;-38.49221546;"Santos, R.G.P. 142; Lira, M.R.P. & Barros, E.M.";;Dias, M.S.;171404;R-BRYOPHYTA;MN;67908;200
GBIF;Marchantiophyta;Corsiniaceae;Cronisia weddellii;Steph.;-4.300278;-38.497778;Vital, D. M.;1975;Peralta, D. F.;131869;SP-BRYOPHYTA;IBt;68100;201
GBIF;Marchantiophyta;Ricciaceae;Riccia vitalii;Steph.;-4.300278;-38.497778;Vital, D. M.;1976;Vital, D. M.;85003A;SP-BRYOPHYTA;IBt;68100;201
speciesLink;Bryophyta;Pottiaceae;Hyophila involuta;Steph.;-3.833484466;-38.49358265;Dias, M.S.;1427;Dias, M.S.;70466;R-BRYOPHYTA;MN;68116;202
GBIF;Marchantiophyta;Ricciaceae;Riccia wainionis;(R.S. Williams) J.R. Spence;-10.075;-38.480833;"Eiten, G.; Eiten, L.T.";4979;Peralta, D. F.;84866A;SP-BRYOPHYTA;IBt;68182;203
GBIF;Bryophyta;Bryaceae;Rosulabryum densifolium;(R.S. Williams) J.R. Spence;-10.621667;-38.44275;Prata, AP;1339;Dantas, F. S.;80416;ASE;UFS;68448;204
GBIF;Bryophyta;Bryaceae;Gemmabryum coronatum;(R.S. Williams) J.R. Spence;-9.716667;-38.316667;Vital, D.M.;8177;Vital, D.M.;100884314;SP-BRYOPHYTA;IBt;69604;205
GBIF;Bryophyta;Pottiaceae;Hydrogonium orientale;(Schwägr.) J.R. Spence;-7.935833;-38.302778;Oliveira, TA;12;Oliveira, T;089597;UFP;UFPE;69945;206
GBIF;Bryophyta;Pottiaceae;Hydrogonium orientale;(Schwägr.) J.R. Spence;-7.935833;-38.302778;Oliveira, TA;2;Oliveira, T;87096;UFP;UFPE;69945;206
GBIF;Bryophyta;Pottiaceae;Hydrogonium orientale;(Schwägr.) J.R. Spence;-7.935833;-38.302778;Silva, TO;198;Silva, TO;49708;UFP;UFPE;69945;206
GBIF;Bryophyta;Pottiaceae;Hydrogonium orientale;(Schwägr.) J.R. Spence;-7.935833;-38.302778;Silva, TO;199;Silva, TO;49710;UFP;UFPE;69945;206
GBIF;Bryophyta;Pottiaceae;Hydrogonium orientale;(Hedw.) J.R. Spence;-7.935833;-38.302778;Silva, TO;204;Silva, TO;49709;UFP;UFPE;69945;206
GBIF;Bryophyta;Pottiaceae;Hydrogonium orientale;(Hedw.) J.R. Spence;-7.935833;-38.302778;Silva, TO;208;Silva, TO;28926;UFP;UFPE;69945;206
GBIF;Bryophyta;Archidiaceae;Archidium ohioense;(Hedw.) J.R. Spence;-9.216667;-38.266667;Vital, D.M.;8180;Vital, D.M.;87084;SP-BRYOPHYTA;IBt;70175;207
GBIF;Marchantiophyta;Ricciaceae;Riccia vitalii;(Hedw.) J.R. Spence;-5.520833;-38.271667;Vital, D. M.;1978;"Peralta, D.F.; Nascimento, M.G.M.";85001D;HUSC;UNISANTA;70304;208
GBIF;Marchantiophyta;Ricciaceae;Riccia wainionis;(Hedw.) J.R. Spence;-5.520833;-38.271667;Vital, D. M.;1977;Vital, D. M.;090803;SP-BRYOPHYTA;IBt;70304;208
GBIF;Bryophyta;Stereophyllaceae;Entodontopsis leucostega;(Hedw.) J.R. Spence;-11.316667;-38.233333;Vital, D.M.;5985;Peralta, D. F.;70482;SP-BRYOPHYTA;IBt;70375;209
GBIF;Bryophyta;Erpodiaceae;Venturiella glaziovii;(Hedw.) J.R. Spence;-11.316667;-38.233333;Vital, D.M.;5986;Vital, D.M.;96233;SP-BRYOPHYTA;IBt;70375;209
GBIF;Bryophyta;Fabroniaceae;Fabronia ciliaris var. polycarpa;(Hedw.) J.R. Spence;-11.316667;-38.233333;Vital, D.M.;5972;Vital, D.M.;51585;SP-BRYOPHYTA;IBt;70375;209
GBIF;Bryophyta;Fabroniaceae;Fabronia ciliaris var. polycarpa;(Hedw.) J.R. Spence;-11.316667;-38.233333;Vital, D.M.;5974;Vital, D.M.;51578;SP-BRYOPHYTA;IBt;70375;209
GBIF;Marchantiophyta;Frullaniaceae;Frullania brasiliensis;(Hedw.) J.R. Spence;-11.316667;-38.233333;Vital, D. M.;5983;Peralta, D. F.;72015;SP-BRYOPHYTA;IBt;70375;209
GBIF;Bryophyta;Pylaisiadelphaceae;Isopterygium tenerifolium;(Hedw.) J.R. Spence;-11.316667;-38.233333;Vital, D.M.;5975;Peralta, D. F.;51502;SP-BRYOPHYTA;IBt;70375;209
GBIF;Marchantiophyta;Lejeuneaceae;Lejeunea trinitensis;(Hedw.) J.R. Spence;-11.316667;-38.233333;Vital, D. M.;5984;Bastos, C.;79099;SP-BRYOPHYTA;IBt;70375;209
GBIF;Bryophyta;Octoblepharaceae;Octoblepharum albidum;(Hedw.) J.R. Spence;-11.316667;-38.233333;Vital, D.M.;5976;Vital, D.M.;79591;SP-BRYOPHYTA;IBt;70375;209
GBIF;Bryophyta;Pottiaceae;Tortella humilis;(Hedw.) J.R. Spence;-11.316667;-38.233333;Vital, D.M.;5973;Vital, D.M.;090235;SP-BRYOPHYTA;IBt;70375;209
GBIF;Bryophyta;Archidiaceae;Archidium ohioense;(Hedw.) J.R. Spence;-9.8;-38.25;Vital, D.M.;8152;Vital, D.M.;089589;SP-BRYOPHYTA;IBt;70428;210
GBIF;Bryophyta;Archidiaceae;Archidium ohioense;(Hedw.) J.R. Spence;-9.8;-38.25;Vital, D.M.;8155;Vital, D.M.;87083;SP-BRYOPHYTA;IBt;70428;210
GBIF;Bryophyta;Bryaceae;Rosulabryum capillare;(Hedw.) J.R. Spence;-9.8;-38.25;Vital, D.M.;8154;Vital, D.M.;131819;SP-BRYOPHYTA;IBt;70428;210
GBIF;Bryophyta;Helicophyllaceae;Helicophyllum torquatum;(Hedw.) J.R. Spence;-9.8;-38.25;Vital, D.M.;8156;Vital, D.M.;77995;SP-BRYOPHYTA;IBt;70428;210
GBIF;Bryophyta;Helicophyllaceae;Helicophyllum torquatum;(Hedw.) J.R. Spence;-9.8;-38.25;Vital, D.M.;8157;Vital, D.M.;79175;SP-BRYOPHYTA;IBt;70428;210
GBIF;Bryophyta;Pottiaceae;Weissia controversa;(Hedw.) J.R. Spence;-9.8;-38.25;Vital, D.M.;8151;Vital, D.M.;190324;SP-BRYOPHYTA;IBt;70428;210
GBIF;Bryophyta;Pottiaceae;Trichostomum brachydontium;(Hedw.) J.R. Spence;-9.833333;-38.216667;"Brian M. Boom;Scott A. Mori";1061;Zander, R.H;112684;MOBOT;MO;70698;211
GBIF;Bryophyta;Archidiaceae;Archidium microthecium;(Hedw.) J.R. Spence;-9.4;-38.2;Vital, D.M.;8178;Vital, D.M.;550287;SP-BRYOPHYTA;IBt;70713;212
GBIF;Marchantiophyta;Ricciaceae;Riccia vitalii;(Hedw.) J.R. Spence;-9.39252759;-38.19697414;Vital, D. M.;8179;Yano, O.;85003B;SP-BRYOPHYTA;IBt;70982;213
GBIF;Bryophyta;Archidiaceae;Archidium ohioense;(Hedw.) J.R. Spence;-10;-38.15;Vital, D.M.;8135;Vital, D.M.;089585;SP-BRYOPHYTA;IBt;71229;214
GBIF;Bryophyta;Archidiaceae;Archidium ohioense;(Hedw.) J.R. Spence;-10;-38.15;Vital, D.M.;8136;Vital, D.M.;089599;SP-BRYOPHYTA;IBt;71229;214
GBIF;Marchantiophyta;Corsiniaceae;Cronisia fimbriata;(Hedw.) J.R. Spence;-10.008333;-38.164167;Vital, D. M.;8141;Vital, D. M.;135528;SP-BRYOPHYTA;IBt;71229;214
GBIF;Marchantiophyta;Corsiniaceae;Cronisia fimbriata;(Hedw.) J.R. Spence;-10.008333;-38.164167;Vital, D. M.;8153;Vital, D. M.;132079;SP-BRYOPHYTA;IBt;71229;214
GBIF;Marchantiophyta;Corsiniaceae;Cronisia weddellii;(Hedw.) J.R. Spence;-10.008333;-38.164167;Vital, D. M.;8126;Vital, D. M.;133017;SP-BRYOPHYTA;IBt;71229;214
GBIF;Marchantiophyta;Corsiniaceae;Cronisia weddellii;(Hedw.) J.R. Spence;-10.008333;-38.164167;Vital, D. M.;8150;Vital, D. M.;132078;SP-BRYOPHYTA;IBt;71229;214
GBIF;Bryophyta;Stereophyllaceae;Entodontopsis leucostega;(Hedw.) J.R. Spence;-10;-38.15;Vital, D.M.;8129;Vital, D.M.;51486;SP-BRYOPHYTA;IBt;71229;214
GBIF;Bryophyta;Fabroniaceae;Fabronia ciliaris;(Brid.) Ochyra;-10;-38.15;Vital, D.M.;8131;Vital, D.M.;51573;SP-BRYOPHYTA;IBt;71229;214
GBIF;Bryophyta;Fabroniaceae;Fabronia macroblepharis;(Brid.) Ochyra;-10;-38.15;Vital, D.M.;8132;Vital, D.M.;51625;SP-BRYOPHYTA;IBt;71229;214
GBIF;Bryophyta;Fissidentaceae;Fissidens crispus;(Brid.) Ochyra;-10;-38.15;Vital, D.M.;8125;Vital, D.M.;51613;SP-BRYOPHYTA;IBt;71229;214
GBIF;Bryophyta;Fissidentaceae;Fissidens crispus;(Brid.) Ochyra;-10;-38.15;Vital, D.M.;8143;Vital, D.M.;51551;SP-BRYOPHYTA;IBt;71229;214
GBIF;Marchantiophyta;Fossombroniaceae;Fossombronia porphyrorhiza;(Brid.) Ochyra;-10.008333;-38.164167;Vital, D. M.;8142;Vital, D. M.;71948;SP-BRYOPHYTA;IBt;71229;214
GBIF;Marchantiophyta;Frullaniaceae;Frullania ericoides;(Brid.) Ochyra;-10.008333;-38.164167;Vital, D. M.;8127;Vital, D. M.;79074;SP-BRYOPHYTA;IBt;71229;214
GBIF;Marchantiophyta;Frullaniaceae;Frullania ericoides;(Brid.) Ochyra;-10.008333;-38.164167;Vital, D. M.;8128;Vital, D. M.;79067;SP-BRYOPHYTA;IBt;71229;214
GBIF;Marchantiophyta;Frullaniaceae;Frullania riojaneirensis;(Brid.) Ochyra;-10.008333;-38.164167;Vital, D. M.;8128;Vital, D. M.;71876;SP-BRYOPHYTA;IBt;71229;214
GBIF;Marchantiophyta;Lejeuneaceae;Myriocoleopsis minutissima;(Brid.) Ochyra;-10.008333;-38.164167;Vital, D. M.;8124;"Vital, D. M.; Giancotti, C.";191438;SP-BRYOPHYTA;IBt;71229;214
GBIF;Marchantiophyta;Lejeuneaceae;Myriocoleopsis minutissima;(Brid.) Ochyra;-10.008333;-38.164167;Vital, D. M.;8130;Vital, D. M.;191463;SP-BRYOPHYTA;IBt;71229;214
GBIF;Bryophyta;Octoblepharaceae;Octoblepharum albidum;(Brid.) Ochyra;-10;-38.15;Vital, D.M.;8133;Vital, D.M.;79907;SP-BRYOPHYTA;IBt;71229;214
GBIF;Marchantiophyta;Ricciaceae;Riccia lindmanii;(Brid.) Ochyra;-10.008333;-38.164167;Vital, D. M.;8137;Vital, D. M.;84989B;SP-BRYOPHYTA;IBt;71229;214
GBIF;Marchantiophyta;Ricciaceae;Riccia lindmanii;(Brid.) Ochyra;-10.008333;-38.164167;Vital, D. M.;8139;Vital, D. M.;84978B;SP-BRYOPHYTA;IBt;71229;214
GBIF;Marchantiophyta;Ricciaceae;Riccia squamata;(Welw. & Duby) Ochyra;-10.008333;-38.164167;Vital, D. M.;8148;Vital, D. M.;84972C;SP-BRYOPHYTA;IBt;71229;214
GBIF;Marchantiophyta;Ricciaceae;Riccia oerstediana;(Welw. & Duby) Ochyra;-10.008333;-38.164167;Vital, D. M.;8140;Vital, D. M.;84985B;SP-BRYOPHYTA;IBt;71229;214
GBIF;Marchantiophyta;Ricciaceae;Riccia oerstediana;(Ångstr.) Grolle;-10.008333;-38.164167;Vital, D. M.;8139;Vital, D. M.;84980A;SP-BRYOPHYTA;IBt;71229;214
GBIF;Marchantiophyta;Ricciaceae;Riccia oerstediana;(Ångstr.) Grolle;-10.008333;-38.164167;Vital, D. M.;8149;Vital, D. M.;84987A;SP-BRYOPHYTA;IBt;71229;214
GBIF;Marchantiophyta;Ricciaceae;Riccia subdepilata;(Hampe) Enroth;-10.008333;-38.164167;Vital, D. M.;8146;Jovet-Ast, S.;84983A;SP-BRYOPHYTA;IBt;71229;214
GBIF;Marchantiophyta;Ricciaceae;Riccia subdepilata;(Hampe) Enroth;-10.008333;-38.164167;Vital, D. M.;8147;Jovet-Ast, S.;84984B;SP-BRYOPHYTA;IBt;71229;214
GBIF;Bryophyta;Archidiaceae;Archidium julicaule;(Hampe) Enroth;-7.820833;-38.152778;Vital, D. M.;5432;Peralta, D. F.;50113;SP-BRYOPHYTA;IBt;71305;215
GBIF;Marchantiophyta;Ricciaceae;Riccia vitalii;(Nees) Gradst.;-7.820833;-38.152778;Vital, D. M.;5432;Peralta, D. F.;85011A;SP-BRYOPHYTA;IBt;71305;215
GBIF;Marchantiophyta;Cyathodiaceae;Cyathodium cavernarum;(Nees) Gradst.;-7.866709304;-38.12051605;"Yano, O.; Andrade Lima, D.";2994;Yano, O.;87077;SP-BRYOPHYTA;IBt;71569;216
GBIF;Bryophyta;Callicostaceae;Cyclodictyon albicans;(Nees) Gradst.;-7.866709304;-38.12051605;Yano, O.;3003;Yano, O.;87075;NY;NYBG;71569;216
GBIF;Bryophyta;Callicostaceae;Cyclodictyon albicans;(Nees) Gradst.;-7.866709304;-38.12051605;"Yano, O.; Andrade Lima, D.";3001;"Yano, O.; Peralta, D.F.; Bordin, J. (2010)";87074;SP-BRYOPHYTA;IBt;71569;216
GBIF;Bryophyta;Callicostaceae;Cyclodictyon albicans;(Nees) Gradst.;-7.866709304;-38.12051605;"Yano, O.; Andrade Lima, D.";3003;"Yano, O.; Peralta, D.F.; Bordin, J. (2010)";87076;SP-BRYOPHYTA;IBt;71569;216
GBIF;Bryophyta;Fissidentaceae;Fissidens flaccidus;(Nees) Gradst.;-7.866709304;-38.12051605;"Yano, O.; Andrade Lima, D.";2999;Bordin, J.;51545;SP-BRYOPHYTA;IBt;71569;216
GBIF;Bryophyta;Helicophyllaceae;Helicophyllum torquatum;(Nees) Gradst.;-7.866709304;-38.12051605;"Yano, O.; Brito, J.Z.";3000;Yano, O.;71701;HUSC;UNISANTA;71569;216
GBIF;Anthocerotophyta;Notothyladaceae;Phaeoceros laevis;(Nees) Gradst.;-7.867538249;-38.1204517;"Yano, O.; Andrade Lima, D.";2997;"Yano, O.; Andrade Lima, D.";71850;SP-BRYOPHYTA;IBt;71569;216
GBIF;Bryophyta;Bartramiaceae;Philonotis elongata;(Nees) Gradst.;-7.866709304;-38.12051605;"Yano, O.; Andrade Lima, D.";2996;Yano, O.;76224;SP-BRYOPHYTA;IBt;71569;216
GBIF;Bryophyta;Orthostichellaceae;Scabrellifolium substriatum;(Nees) Gradst.;-7.867517014;-38.12037657;Olga Yano, D. Andrade-Lima;2998;"Yano, O.; Andrade Lima, D.";71710;BOT;NHMUK;71569;216
GBIF;Bryophyta;Orthostichellaceae;Scabrellifolium substriatum;(Nees) Gradst.;-7.866709304;-38.12051605;"Yano, O.; Andrade Lima, D.";2998;Yano, O.;71827;SP-BRYOPHYTA;IBt;71569;216
GBIF;Bryophyta;Orthostichellaceae;Scabrellifolium substriatum;(Nees) Gradst.;-7.866709304;-38.12051605;Yano, O.;2998;Yano, O.;71764;NY;NYBG;71569;216
GBIF;Bryophyta;Racopilaceae;Racopilum tomentosum;(Nees) Gradst.;-7.866709304;-38.12051605;"Yano, O.; Andrade Lima, D.";3002;Yano, O.;76305;SP-BRYOPHYTA;IBt;71569;216
GBIF;Bryophyta;Pottiaceae;Tortella humilis;(Nees) Gradst.;-7.866709304;-38.12051605;"Yano, O.; Andrade Lima, D.";3004;Yano, O.;089802;SP-BRYOPHYTA;IBt;71569;216
GBIF;Bryophyta;Stereophyllaceae;Entodontopsis leucostega;(Nees) Gradst.;-10.73756227;-38.10707492;Dantas, FS;73;Dantas, F. S.;51519;ASE;UFS;71729;217
GBIF;Bryophyta;Fabroniaceae;Fabronia ciliaris;(Nees) Gradst.;-10.73756227;-38.10707492;Dantas, FS;72;Dantas, F. S.;51552;ASE;UFS;71729;217
GBIF;Marchantiophyta;Corsiniaceae;Cronisia fimbriata;(Nees) Gradst.;-10.003;-38.0951;Vital, D. M.;8134;Vital, D. M.;133011;HUFABC;UFABC;71755;218
speciesLink;Bryophyta;Bryaceae;Bryum argenteum;(Nees) Gradst.;-7.838059902;-38.10169983;"Heringer, E.P. 923; Lima, D.A.; Sobrinho, J.P.L. & Sarmento, A.C.";;Peralta, D.F.;49738;R-BRYOPHYTA;MN;71830;219
GBIF;Bryophyta;Stereophyllaceae;Entodontopsis leucostega;(Nees) Gradst.;-7.838056;-38.101667;"Yano, O.; Andrade Lima, D.";2987;Yano, O.;123774;SP-BRYOPHYTA;IBt;71830;219
GBIF;Bryophyta;Stereophyllaceae;Entodontopsis cultelliformis;(Nees) Gradst.;-7.838056;-38.101667;"Yano, O.; Andrade Lima, D.";2985;Yano, O.;96234;SP-BRYOPHYTA;IBt;71830;219
GBIF;Bryophyta;Fabroniaceae;Fabronia ciliaris;(Nees) Gradst.;-7.838056;-38.101667;"Yano, O.; Andrade Lima, D.";2980;Yano, O.;96230;SP-BRYOPHYTA;IBt;71830;219
GBIF;Bryophyta;Fabroniaceae;Fabronia ciliaris;(Nees) Gradst.;-7.838056;-38.101667;"Yano, O.; Andrade Lima, D.";2981;Yano, O.;71637;SP-BRYOPHYTA;IBt;71830;219
GBIF;Marchantiophyta;Frullaniaceae;Frullania ericoides;(Nees) Gradst.;-7.838056;-38.101667;Olga Yano, D. Andrade-Lima;2990;Yano, O.;96446;BOT;NHMUK;71830;219
GBIF;Marchantiophyta;Frullaniaceae;Frullania ericoides;(Nees) Gradst.;-7.838056;-38.101667;"Yano, O.; Andrade Lima, D.";2986;Yano, O.;96442;SP-BRYOPHYTA;IBt;71830;219
GBIF;Marchantiophyta;Frullaniaceae;Frullania ericoides;(Nees) Gradst.;-7.838056;-38.101667;"Yano, O.; Andrade Lima, D.";2990;Yano, O.;96443;SP-BRYOPHYTA;IBt;71830;219
GBIF;Marchantiophyta;Frullaniaceae;Frullania ericoides;(Nees) Gradst.;-7.838056;-38.101667;O. Yano;2990;Yano, O.;96430;NY;NYBG;71830;219
GBIF;Marchantiophyta;Lejeuneaceae;Frullanoides tristis;(Nees) Gradst.;-7.838056;-38.101667;"Yano, O.; Andrade Lima, D.";2989;Yano, O.;72463;SP-BRYOPHYTA;IBt;71830;219
GBIF;Bryophyta;Helicophyllaceae;Helicophyllum torquatum;(Nees) Gradst.;-7.838056;-38.101667;"Yano, O.; Brito, J.Z.";2979;Yano, O.;79400;HUSC;UNISANTA;71830;219
GBIF;Marchantiophyta;Lejeuneaceae;Lejeunea deplanata;(Nees) Gradst.;-7.838056;-38.101667;"Yano, O.; Andrade Lima, D.";2983;Yano, O.;77744;SP-BRYOPHYTA;IBt;71830;219
GBIF;Marchantiophyta;Lejeuneaceae;Lejeunea phyllobola;(Nees) Gradst.;-7.838056;-38.101667;"Yano, O.; Andrade Lima, D.";2991;Yano, O.;79656;SP-BRYOPHYTA;IBt;71830;219
GBIF;Marchantiophyta;Lejeuneaceae;Lejeunea phyllobola;(Nees) Gradst.;-7.838056;-38.101667;O. Yano;2991;Yano, O.;79657;NY;NYBG;71830;219
GBIF;Marchantiophyta;Lejeuneaceae;Microlejeunea epiphylla;(Nees) Gradst.;-7.838056;-38.101667;"Yano, O.; Andrade Lima, D.";2984;Yano, O.;87503;SP-BRYOPHYTA;IBt;71830;219
GBIF;Bryophyta;Thuidiaceae;Pelekium involvens;(Nees) Gradst.;-7.838056;-38.101667;"Yano, O.; Andrade Lima, D.";2988;Yano, O.;71841;SP-BRYOPHYTA;IBt;71830;219
GBIF;Anthocerotophyta;Notothyladaceae;Phaeoceros laevis;(Nees) Gradst.;-7.838056;-38.101667;"Yano, O.; Andrade Lima, D.";2993;"Yano, O.; Andrade Lima, D.";71858;SP-BRYOPHYTA;IBt;71830;219
GBIF;Bryophyta;Bartramiaceae;Philonotis cernua;(Nees) Gradst.;-7.838056;-38.101667;"Yano, O.; Andrade Lima, D.";2992;Yano, O.;71851;SP-BRYOPHYTA;IBt;71830;219
GBIF;Marchantiophyta;Aytoniaceae;Plagiochasma rupestre;(Nees) Gradst.;-7.838056;-38.101667;"Yano, O.; Andrade Lima, D.";2995;Yano, O.;191515;SP-BRYOPHYTA;IBt;71830;219
GBIF;Bryophyta;Pottiaceae;Trichostomum brachydontium;(Nees) Gradst.;-7.838056;-38.101667;"Yano, O.; Andrade Lima, D.";2982;"Yano, O.; Peralta, D.F.; Bordin, J. (2010)";112680;SP-BRYOPHYTA;IBt;71830;219
GBIF;Bryophyta;Bryaceae;Brachymenium radiculosum;(Nees) Gradst.;-8.65716;-38.03008;"Yano, O.; Andrade Lima, D.";2935;Yano, O.;64146;SP-BRYOPHYTA;IBt;72326;220
GBIF;Bryophyta;Leucobryaceae;Campylopus arctocarpus;(Nees) Gradst.;-8.65716;-38.03008;"Yano, O.; Andrade Lima, D.";2698;Yano, O.;119661;SP-BRYOPHYTA;IBt;72326;220
GBIF;Bryophyta;Leucobryaceae;Campylopus arctocarpus;(Nees) Gradst.;-8.65716;-38.03008;"Yano, O.; Andrade Lima, D.";2944;Yano, O.;119474;SP-BRYOPHYTA;IBt;72326;220
GBIF;Bryophyta;Leucobryaceae;Campylopus heterostachys;(Nees) Gradst.;-8.65716;-38.03008;"Yano, O.; Andrade Lima, D.";2912;Yano, O.;119293;SP-BRYOPHYTA;IBt;72326;220
GBIF;Bryophyta;Stereophyllaceae;Entodontopsis leucostega;(Nees) Gradst.;-8.65716;-38.03008;"Yano, O.; Andrade Lima, D.";2966;Yano, O.;51518;SP-BRYOPHYTA;IBt;72326;220
GBIF;Bryophyta;Erpodiaceae;Venturiella coronata;(Nees) Gradst.;-8.65716;-38.03008;"Yano, O.; Brito, J.Z.";2915;Yano, O.;96237;SP-BRYOPHYTA;IBt;72326;220
GBIF;Bryophyta;Fabroniaceae;Fabronia ciliaris;(Nees) Gradst.;-8.65716;-38.03008;"Yano, O.; Andrade Lima, D.";2916;Yano, O.;51643;SP-BRYOPHYTA;IBt;72326;220
GBIF;Bryophyta;Fissidentaceae;Fissidens goyazensis;(Nees) Gradst.;-8.65716;-38.03008;"Yano, O.; Andrade Lima, D.";2965;Bordin, J.;77183;SP-BRYOPHYTA;IBt;72326;220
GBIF;Bryophyta;Dicranaceae;Holomitrium crispulum;(Nees) Gradst.;-8.65716;-38.03008;"Yano, O.; Brito, J.Z.";2923;Yano, O.;72137;SP-BRYOPHYTA;IBt;72326;220
GBIF;Bryophyta;Pterobryaceae;Jaegerina scariosa;(Nees) Gradst.;-8.65716;-38.03008;"Yano, O.; Andrade Lima, D.";2938;Yano, O.;112538;SP-BRYOPHYTA;IBt;72326;220
GBIF;Bryophyta;Sematophyllaceae;Jirivanaea galipensis;(Nees) Gradst.;-8.65716;-38.03008;"Yano, O.; Andrade Lima, D.";2913;Yano, O.;79559;SP-BRYOPHYTA;IBt;72326;220
GBIF;Bryophyta;Callicostaceae;Lepidopilidium nitens;(Nees) Gradst.;-8.65716;-38.03008;"Yano, O.; Andrade Lima, D.";2939;"Yano, O.; Peralta, D.F.; Bordin, J. (2010)";109061;SP-BRYOPHYTA;IBt;72326;220
GBIF;Bryophyta;Callicostaceae;Lepidopilidium nitens;(Nees) Gradst.;-8.65716;-38.03008;"Yano, O.; Andrade Lima, D.";2954;"Yano, O.; Peralta, D.F.; Bordin, J. (2010)";109042;SP-BRYOPHYTA;IBt;72326;220
GBIF;Bryophyta;Orthotrichaceae;Macrocoma tenuis;(Nees) Gradst.;-8.65716;-38.03008;"Yano, O.; Brito, J.Z.";2925;Yano, O.;123679;HUSC;UNISANTA;72326;220
GBIF;Bryophyta;Sematophyllaceae;Microcalpe subsimplex;(Nees) Gradst.;-8.65716;-38.03008;"Yano, O.; Andrade Lima, D.";2961;Yano, O.;11458;SP-BRYOPHYTA;IBt;72326;220
GBIF;Bryophyta;Leucobryaceae;Ochrobryum gardneri;(Nees) Gradst.;-8.65716;-38.03008;"Yano, O.; Brito, J.Z.";2908;Yano, O.;70963;SP-BRYOPHYTA;IBt;72326;220
GBIF;Bryophyta;Leucobryaceae;Ochrobryum gardneri;(Nees) Gradst.;-8.65716;-38.03008;"Yano, O.; Brito, J.Z.";2946;Yano, O.;150170;SP-BRYOPHYTA;IBt;72326;220
GBIF;Bryophyta;Octoblepharaceae;Octoblepharum albidum;(Nees) Gradst.;-8.65716;-38.03008;"Yano, O.; Brito, J.Z.";2936;Yano, O.;73552;SP-BRYOPHYTA;IBt;72326;220
GBIF;Bryophyta;Pterobryaceae;Orthostichopsis tetragona;(Nees) Gradst.;-8.65716;-38.03008;"Lima, V.C.; Brito, J.Z. de";s.n.;"Yano, O.; Peralta, D.F.; Bordin, J. (2010)";76307A;SP-BRYOPHYTA;IBt;72326;220
GBIF;Bryophyta;Pterobryaceae;Orthostichopsis tetragona;(Nees) Gradst.;-8.65716;-38.03008;"Lima, V.C.;de Brito, J.Z.";;"Yano, O.; Peralta, D.F.; Bordin, J. (2010)";222448;PC;MNHN;72326;220
GBIF;Bryophyta;Bartramiaceae;Philonotis uncinata;(Nees) Gradst.;-8.65716;-38.03008;"Yano, O.; Andrade Lima, D.";2907;Yano, O.;75929;SP-BRYOPHYTA;IBt;72326;220
GBIF;Bryophyta;Rutenbergiaceae;Pseudocryphaea domingensis;(Nees) Gradst.;-8.65716;-38.03008;"Lima, V.C.; Brito, J.Z. de";s.n.;"Yano, O.; Peralta, D.F.; Bordin, J. (2010)";75848;SP-BRYOPHYTA;IBt;72326;220
GBIF;Bryophyta;Racopilaceae;Racopilum tomentosum;(Nees) Gradst.;-8.65716;-38.03008;"Yano, O.; Brito, J.Z.";2924;Yano, O.;71829;SP-BRYOPHYTA;IBt;72326;220
GBIF;Bryophyta;Racopilaceae;Racopilum tomentosum;(Nees) Gradst.;-8.65716;-38.03008;Yano, O.;2924;Yano, O.;76283B;CESJ;UFJF;72326;220
GBIF;Bryophyta;Bryaceae;Rhodobryum beyrichianum;(Nees) Gradst.;-8.65716;-38.03008;"Yano, O.; Brito, J.Z.";2952;Yano, O.;85050B;SP-BRYOPHYTA;IBt;72326;220
GBIF;Bryophyta;Bryaceae;Rhodobryum beyrichianum;(Nees) Gradst.;-8.65716;-38.03008;Yano, O.;2952;Yano, O.;85049B;CESJ;UFJF;72326;220
GBIF;Bryophyta;Orthotrichaceae;Schlotheimia jamesonii;(Nees) Gradst.;-8.65716;-38.03008;"Yano, O.; Andrade Lima, D.";2953;Yano, O.;85070B;SP-BRYOPHYTA;IBt;72326;220
GBIF;Bryophyta;Brachytheciaceae;Squamidium brasiliense;(Nees) Gradst.;-8.65716;-38.03008;"Yano, O.; Brito, J.Z.";2945;Yano, O.;84902B;SP-BRYOPHYTA;IBt;72326;220
GBIF;Bryophyta;Brachytheciaceae;Squamidium brasiliense;(Nees) Gradst.;-8.65716;-38.03008;"Yano, O.; Brito, J.Z.";2949;Yano, O.;84907B;SP-BRYOPHYTA;IBt;72326;220
GBIF;Bryophyta;Calymperaceae;Syrrhopodon prolifer;(Nees) Gradst.;-8.65716;-38.03008;"Yano, O.; Andrade Lima, D.";2909;Yano, O.;88388;SP-BRYOPHYTA;IBt;72326;220
GBIF;Bryophyta;Calymperaceae;Syrrhopodon prolifer;(Nees) Gradst.;-8.65716;-38.03008;"Yano, O.; Andrade Lima, D.";2942;Yano, O.;88389;SP-BRYOPHYTA;IBt;72326;220
GBIF;Bryophyta;Calymperaceae;Syrrhopodon prolifer;(Nees) Gradst.;-8.65716;-38.03008;Yano, O.;2909;Yano, O.;88390;CESJ;UFJF;72326;220
GBIF;Bryophyta;Pottiaceae;Tortella humilis;(Nees) Gradst.;-8.65716;-38.03008;"Yano, O.; Andrade Lima, D.";2905;Yano, O.;213355;SP-BRYOPHYTA;IBt;72326;220
GBIF;Bryophyta;Pottiaceae;Weissia controversa;(Nees) Gradst.;-8.65716;-38.03008;"Yano, O.; Andrade Lima, D.";2906;Yano, O.;190322;SP-BRYOPHYTA;IBt;72326;220
GBIF;Bryophyta;Archidiaceae;Archidium ohioense;(Nees) Gradst.;-7.822633073;-38.05539963;Silva, TO;16;Silva, TO;089588;UFP;UFPE;72355;221
GBIF;Marchantiophyta;Lejeuneaceae;Brachiolejeunea phyllorhiza;(Nees) Gradst.;-7.822633073;-38.05539963;Oliveira, T;57;Silva, T. O.;64121;UFP;UFPE;72355;221
GBIF;Marchantiophyta;Lejeuneaceae;Brachiolejeunea phyllorhiza;(Nees) Gradst.;-7.822633073;-38.05539963;Silva, TO;s.n.;Silva, T. O.;64130;UFP;UFPE;72355;221
GBIF;Marchantiophyta;Lejeuneaceae;Brachiolejeunea phyllorhiza;(Nees) Gradst.;-7.822633073;-38.05539963;Silva, TO;239;Silva, T. O.;64134;UFP;UFPE;72355;221
GBIF;Marchantiophyta;Lejeuneaceae;Brachiolejeunea phyllorhiza;(Nees) Gradst.;-7.822633073;-38.05539963;Silva, TO;211;Silva, T. O.;64252;UFP;UFPE;72355;221
GBIF;Bryophyta;Bryaceae;Bryum argenteum;Mitt.;-7.822633073;-38.05539963;Silva, TO;222;Silva, TO;49698;UFP;UFPE;72355;221
GBIF;Bryophyta;Bryaceae;Bryum argenteum;Müll. Hal.;-7.822633073;-38.05539963;Silva, TO;243;Silva, TO;49735;UFP;UFPE;72355;221
GBIF;Bryophyta;Bryaceae;Bryum argenteum;Müll. Hal.;-7.822633073;-38.05539963;Silva, TO;2b;Silva, TO;49736;UFP;UFPE;72355;221
GBIF;Bryophyta;Bryaceae;Bryum argenteum;Müll. Hal.;-7.822633073;-38.05539963;Silva, TO;s.n.;Silva, TO;49695;UFP;UFPE;72355;221
GBIF;Bryophyta;Bryaceae;Rosulabryum capillare;(Arn.) Brid.;-7.822633073;-38.05539963;Silva, TO;2a;Silva, TO;49741;UFP;UFPE;72355;221
GBIF;Bryophyta;Bryaceae;Bryum orthodontioides;(Arn.) Brid.;-7.822633073;-38.05539963;Silva, TO;213;Silva, TO;29432;UFP;UFPE;72355;221
GBIF;Bryophyta;Bryaceae;Bryum orthodontioides;(Arn.) Brid.;-7.822633073;-38.05539963;Silva, TO;4;Silva, TO;29431;UFP;UFPE;72355;221
GBIF;Bryophyta;Leucobryaceae;Campylopus heterostachys;(Arn.) Brid.;-7.822633073;-38.05539963;Silva, TO;31a;Silva, TO;119554;UFP;UFPE;72355;221
GBIF;Bryophyta;Leucobryaceae;Campylopus occultus;(Arn.) Brid.;-7.822633073;-38.05539963;Silva, TO;223;Silva, TO;119358;UFP;UFPE;72355;221
GBIF;Bryophyta;Leucobryaceae;Campylopus occultus;(Arn.) Brid.;-7.822633073;-38.05539963;Silva, TO;282;Silva, TO;119686-A;UFP;UFPE;72355;221
GBIF;Bryophyta;Leucobryaceae;Campylopus pilifer;(Arn.) Brid.;-7.822633073;-38.05539963;Oliveira, T;23;Silva, TO;119568;UFP;UFPE;72355;221
GBIF;Bryophyta;Leucobryaceae;Campylopus pilifer;(Arn.) Brid.;-7.822633073;-38.05539963;Silva, TO;258;Silva, TO;119406;UFP;UFPE;72355;221
GBIF;Bryophyta;Leucobryaceae;Campylopus pilifer;(Arn.) Brid.;-7.822633073;-38.05539963;Silva, TO;279;Silva, TO;119337;UFP;UFPE;72355;221
GBIF;Bryophyta;Leucobryaceae;Campylopus pilifer;(Arn.) Brid.;-7.822633073;-38.05539963;Silva, TO;2c;Silva, TO;119683-A;UFP;UFPE;72355;221
GBIF;Bryophyta;Leucobryaceae;Campylopus pilifer;(Arn.) Brid.;-7.822633073;-38.05539963;Oliveira, T;41;Silva, TO;119714;UFP;UFPE;72355;221
GBIF;Bryophyta;Leucobryaceae;Campylopus savannarum;(Arn.) Brid.;-7.82275;-38.055389;Silva, TO;224;Silva, TO;119354;UFP;UFPE;72355;221
GBIF;Bryophyta;Leucobryaceae;Campylopus savannarum;(Arn.) Brid.;-7.822633073;-38.05539963;Oliveira, T;08;Silva, TO;119342;UFP;UFPE;72355;221
GBIF;Bryophyta;Leucobryaceae;Campylopus savannarum;(Arn.) Brid.;-7.822633073;-38.05539963;Silva, TO;16;Silva, TO;119565;UFP;UFPE;72355;221
GBIF;Bryophyta;Leucobryaceae;Campylopus savannarum;(Arn.) Brid.;-7.822633073;-38.05539963;Oliveira, T;20;Silva, TO;119605;UFP;UFPE;72355;221
GBIF;Bryophyta;Leucobryaceae;Campylopus savannarum;(Arn.) Brid.;-7.822633073;-38.05539963;Oliveira, T;21;Silva, TO;119512;UFP;UFPE;72355;221
GBIF;Bryophyta;Leucobryaceae;Campylopus savannarum;(Arn.) Brid.;-7.822633073;-38.05539963;Silva, TO;235;Silva, TO;119548;UFP;UFPE;72355;221
GBIF;Bryophyta;Leucobryaceae;Campylopus savannarum;(Arn.) Brid.;-7.822633073;-38.05539963;Silva, TO;24;Silva, TO;119272;UFP;UFPE;72355;221
GBIF;Bryophyta;Leucobryaceae;Campylopus savannarum;(Arn.) Brid.;-7.822633073;-38.05539963;Silva, TO;252;Silva, TO;119521;UFP;UFPE;72355;221
GBIF;Bryophyta;Leucobryaceae;Campylopus savannarum;(Arn.) Brid.;-7.822633073;-38.05539963;Silva, TO;262;Silva, TO;119665;UFP;UFPE;72355;221
GBIF;Bryophyta;Leucobryaceae;Campylopus savannarum;(Arn.) Brid.;-7.822633073;-38.05539963;Silva, TO;264;Silva, TO;119624;UFP;UFPE;72355;221
GBIF;Bryophyta;Leucobryaceae;Campylopus savannarum;(Arn.) Brid.;-7.822633073;-38.05539963;Oliveira, T;269;Silva, TO;119602;UFP;UFPE;72355;221
GBIF;Bryophyta;Leucobryaceae;Campylopus savannarum;(Arn.) Brid.;-7.822633073;-38.05539963;Silva, TO;278;Silva, TO;119531;UFP;UFPE;72355;221
GBIF;Bryophyta;Leucobryaceae;Campylopus savannarum;(Arn.) Brid.;-7.822633073;-38.05539963;Oliveira, T;284;Silva, TO;119505;UFP;UFPE;72355;221
GBIF;Bryophyta;Leucobryaceae;Campylopus savannarum;(Arn.) Brid.;-7.822633073;-38.05539963;Silva, TO;288;Silva, TO;119612;UFP;UFPE;72355;221
GBIF;Bryophyta;Leucobryaceae;Campylopus savannarum;(Arn.) Brid.;-7.822633073;-38.05539963;Silva, TO;32b;Silva, TO;119567;UFP;UFPE;72355;221
GBIF;Bryophyta;Leucobryaceae;Campylopus savannarum;(Arn.) Brid.;-7.822633073;-38.05539963;Oliveira, T;33;Silva, TO;119648;UFP;UFPE;72355;221
GBIF;Bryophyta;Leucobryaceae;Campylopus savannarum;(Arn.) Brid.;-7.822633073;-38.05539963;Oliveira, T;56;Silva, TO;119630;UFP;UFPE;72355;221
GBIF;Bryophyta;Leucobryaceae;Campylopus savannarum;(Arn.) Brid.;-7.822633073;-38.05539963;Oliveira, T;59;Silva, TO;119426;UFP;UFPE;72355;221
GBIF;Bryophyta;Leucobryaceae;Campylopus savannarum;(Arn.) Brid.;-7.822633073;-38.05539963;Oliveira, T;66;Silva, TO;119279;UFP;UFPE;72355;221
GBIF;Bryophyta;Leucobryaceae;Campylopus savannarum;(Arn.) Brid.;-7.822633073;-38.05539963;Oliveira, T;68;Silva, TO;119352;UFP;UFPE;72355;221
GBIF;Bryophyta;Sematophyllaceae;Donnellia commutata;(Arn.) Brid.;-7.82275;-38.055389;Silva, TO;A76s.n.;Silva, TO;51735;UFP;UFPE;72355;221
GBIF;Bryophyta;Sematophyllaceae;Donnellia commutata;(Arn.) Brid.;-7.822633073;-38.05539963;Silva, TO;236;Silva, TO;51736;UFP;UFPE;72355;221
GBIF;Bryophyta;Sematophyllaceae;Donnellia commutata;(Arn.) Brid.;-7.822633073;-38.05539963;Silva, TO;32b;Silva, TO;51768;UFP;UFPE;72355;221
GBIF;Bryophyta;Sematophyllaceae;Donnellia commutata;(Arn.) Brid.;-7.822633073;-38.05539963;Silva, TO;38;Silva, TO;61628;UFP;UFPE;72355;221
GBIF;Bryophyta;Entodontaceae;Entodon beyrichii;(Arn.) Brid.;-7.822633073;-38.05539963;Silva, TO;227;Silva, TO;79055;UFP;UFPE;72355;221
GBIF;Bryophyta;Fabroniaceae;Fabronia ciliaris;(Arn.) Brid.;-7.822633073;-38.05539963;Silva, TO;219;Silva, TO;96225;UFP;UFPE;72355;221
GBIF;Bryophyta;Fabroniaceae;Fabronia ciliaris;(Arn.) Brid.;-7.822633073;-38.05539963;Silva, TO;237;Silva, TO;51612;UFP;UFPE;72355;221
GBIF;Bryophyta;Fissidentaceae;Fissidens pallidinervis;(Hook.) Schwägr.;-7.822633073;-38.05539963;Oliveira, T;65;Silva, TO;77957;UFP;UFPE;72355;221
GBIF;Marchantiophyta;Frullaniaceae;Frullania gibbosa;(Hook.) Schwägr.;-7.822633073;-38.05539963;Silva, TO;13b;Silva, T. O.;63488;UFP;UFPE;72355;221
GBIF;Marchantiophyta;Frullaniaceae;Frullania gibbosa;(Hook.) Schwägr.;-7.822633073;-38.05539963;Silva, TO;245;Silva, T. O.;63489;UFP;UFPE;72355;221
GBIF;Marchantiophyta;Frullaniaceae;Frullania glomerata;(Hook.) Schwägr.;-7.822633073;-38.05539963;Silva, TO;11;Silva, T. O.;63472;UFP;UFPE;72355;221
GBIF;Marchantiophyta;Frullaniaceae;Frullania kunzei;(Hook.) Schwägr.;-7.822633073;-38.05539963;Oliveira, T;44;Silva, T. O.;71898;UFP;UFPE;72355;221
GBIF;Marchantiophyta;Frullaniaceae;Frullania kunzei;(Hook.) Schwägr.;-7.822633073;-38.05539963;Oliveira, T;11;Silva, T. O.;71897;UFP;UFPE;72355;221
GBIF;Marchantiophyta;Frullaniaceae;Frullania kunzei;(Hook.) Schwägr.;-7.822633073;-38.05539963;Silva, TO;s.n.;Silva, T. O.;71863;UFP;UFPE;72355;221
GBIF;Bryophyta;Orthotrichaceae;Macrocoma tenuis;(Hook.) Schwägr.;-7.822633073;-38.05539963;Silva, TO;238;Silva, TO;123700;UFP;UFPE;72355;221
GBIF;Marchantiophyta;Metzgeriaceae;Metzgeria conjugata;(Hook.) Schwägr.;-7.822633073;-38.05539963;Silva, TO;6;Silva, T. O.;42107;UFP;UFPE;72355;221
GBIF;Marchantiophyta;Metzgeriaceae;Metzgeria lechleri;(Hook.) Schwägr.;-7.822633073;-38.05539963;Silva, TO;246;Silva, T. O.;146844;UFP;UFPE;72355;221
GBIF;Marchantiophyta;Metzgeriaceae;Metzgeria lechleri;(Hook.) Schwägr.;-7.822633073;-38.05539963;Silva, TO;215;Silva, T. O.;133028;UFP;UFPE;72355;221
GBIF;Marchantiophyta;Metzgeriaceae;Metzgeria lechleri;(Hook.) Schwägr.;-7.822633073;-38.05539963;Silva, TO;247;Silva, T. O.;42233;UFP;UFPE;72355;221
GBIF;Bryophyta;Octoblepharaceae;Octoblepharum albidum;(Hook.) Schwägr.;-7.822633073;-38.05539963;Silva, TO;248;Silva, TO;70259;UFP;UFPE;72355;221
GBIF;Bryophyta;Bartramiaceae;Philonotis cernua;(Hook.) Schwägr.;-7.822633073;-38.05539963;Silva, TO;14a;Silva, TO;71893;UFP;UFPE;72355;221
GBIF;Marchantiophyta;Ricciaceae;Riccia vitalii;(Hook.) Schwägr.;-7.822633073;-38.05539963;Silva, TO;244;Silva, T. O.;85009C;UFP;UFPE;72355;221
GBIF;Bryophyta;Orthotrichaceae;Schlotheimia rugifolia;(Hook.) Schwägr.;-7.822633073;-38.05539963;Silva, TO;255;Silva, TO;84960A;UFP;UFPE;72355;221
GBIF;Bryophyta;Cryphaeaceae;Schoenobryum concavifolium;(Hook.) Schwägr.;-7.822633073;-38.05539963;Silva, TO;233;Silva, TO;84871;UFP;UFPE;72355;221
GBIF;Bryophyta;Calymperaceae;Syrrhopodon gaudichaudii;(Hook.) Schwägr.;-7.82275;-38.055389;Silva, TO;A12s.n.;Silva, TO;73035;UFP;UFPE;72355;221
GBIF;Bryophyta;Calymperaceae;Syrrhopodon gaudichaudii;(Hook.) Schwägr.;-7.822633073;-38.05539963;Silva, TO;14b;Silva, TO;73203;UFP;UFPE;72355;221
GBIF;Bryophyta;Calymperaceae;Syrrhopodon gaudichaudii;(Hook.) Schwägr.;-7.822633073;-38.05539963;Silva, TO;289;Silva, TO;72117;UFP;UFPE;72355;221
GBIF;Bryophyta;Pottiaceae;Tortella humilis;(Hook.) Schwägr.;-7.822633073;-38.05539963;Silva, TO;283;Silva, TO;089804;UFP;UFPE;72355;221
GBIF;Bryophyta;Pottiaceae;Tortella humilis;(Hook.) Schwägr.;-7.822633073;-38.05539963;Silva, TO;35;Silva, TO;87270;UFP;UFPE;72355;221
GBIF;Bryophyta;Pottiaceae;Tortella humilis;(Hook.) Schwägr.;-7.8225;-38.055;Oliveira, TA;29;Oliveira, T;87272;UFP;UFPE;72355;221
GBIF;Bryophyta;Pottiaceae;Weisiopsis nigeriana;(Hook.) Schwägr.;-7.822633073;-38.05539963;Silva, TO;32a;Silva, TO;96202;UFP;UFPE;72355;221
GBIF;Bryophyta;Pottiaceae;Weisiopsis nigeriana;(Hook.) Schwägr.;-7.822633073;-38.05539963;Silva, TO;s.n.;Silva, TO;96200;UFP;UFPE;72355;221
GBIF;Marchantiophyta;Lejeuneaceae;Anoplolejeunea conferta;(Hook.) Schwägr.;-8.658633732;-38.0185414;"Yano, O.; Andrade Lima, D.";2970;Yano, O.;50119;SP-BRYOPHYTA;IBt;72586;222
GBIF;Marchantiophyta;Lejeuneaceae;Archilejeunea juliformis;(Hook.) Schwägr.;-8.658633732;-38.0185414;"Yano, O.; Andrade Lima, D.";2927;Yano, O.;87088;SP-BRYOPHYTA;IBt;72586;222
GBIF;Marchantiophyta;Lejeuneaceae;Archilejeunea juliformis;(Hook.) Schwägr.;-8.658633732;-38.0185414;"Yano, O.; Andrade Lima, D.";2950;Yano, O.;089592;SP-BRYOPHYTA;IBt;72586;222
GBIF;Marchantiophyta;Lejeuneaceae;Bryopteris diffusa;(Hook.) Schwägr.;-8.658633732;-38.0185414;"Yano, O.; Andrade Lima, D.";2937;Yano, O.;87505;SP-BRYOPHYTA;IBt;72586;222
GBIF;Marchantiophyta;Lejeuneaceae;Ceratolejeunea cornuta;(Hook.) Schwägr.;-8.658633732;-38.0185414;"Yano, O.; Andrade Lima, D.";2934;Yano, O.;119688;SP-BRYOPHYTA;IBt;72586;222
GBIF;Marchantiophyta;Lejeuneaceae;Cheilolejeunea xanthocarpa;(Hook.) Schwägr.;-8.658633732;-38.0185414;"Yano, O.; Andrade Lima, D.";2930;Yano, O.;64115;SP-BRYOPHYTA;IBt;72586;222
GBIF;Marchantiophyta;Lejeuneaceae;Cololejeunea cardiocarpa;(Hook.) Schwägr.;-8.658633732;-38.0185414;"Yano, O.; Andrade Lima, D.";2917;Yano, O.;131874;SP-BRYOPHYTA;IBt;72586;222
GBIF;Marchantiophyta;Frullaniaceae;Frullania ericoides;(Hook.) Schwägr.;-8.658633732;-38.0185414;"Yano, O.; Andrade Lima, D.";2941;Yano, O.;72140;SP-BRYOPHYTA;IBt;72586;222
GBIF;Marchantiophyta;Frullaniaceae;Frullania kunzei;(Hook.) Schwägr.;-8.658633732;-38.0185414;"Yano, O.; Andrade Lima, D.";2972;Yano, O.;72474;SP-BRYOPHYTA;IBt;72586;222
GBIF;Marchantiophyta;Frullaniaceae;Frullania riojaneirensis;(Hook.) Schwägr.;-8.658633732;-38.0185414;"Yano, O.; Andrade Lima, D.";2922;Yano, O.;70395;SP-BRYOPHYTA;IBt;72586;222
GBIF;Marchantiophyta;Lejeuneaceae;Harpalejeunea stricta;(Hook.) Schwägr.;-8.658633732;-38.0185414;"Yano, O.; Andrade Lima, D.";2932;Yano, O.;79648;SP-BRYOPHYTA;IBt;72586;222
GBIF;Marchantiophyta;Lejeuneaceae;Lejeunea deplanata;(Hook.) Schwägr.;-8.658633732;-38.0185414;"Yano, O.; Andrade Lima, D.";2964;Yano, O.;77320;SP-BRYOPHYTA;IBt;72586;222
GBIF;Marchantiophyta;Lejeuneaceae;Lejeunea deplanata;(Hook.) Schwägr.;-8.658633732;-38.0185414;"Yano, O.; Andrade Lima, D.";2919;Yano, O.;77295;SP-BRYOPHYTA;IBt;72586;222
GBIF;Marchantiophyta;Lejeuneaceae;Lejeunea flava;(Hook.) Schwägr.;-8.658633732;-38.0185414;"Yano, O.; Andrade Lima, D.";2969;Yano, O.;51532;SP-BRYOPHYTA;IBt;72586;222
GBIF;Marchantiophyta;Lejeuneaceae;Lejeunea oligoclada;(Hook.) Schwägr.;-8.658633732;-38.0185414;"Yano, O.; Andrade Lima, D.";2963;Yano, O.;79091;SP-BRYOPHYTA;IBt;72586;222
GBIF;Marchantiophyta;Lejeuneaceae;Lejeunea rionegrensis;(Hook.) Schwägr.;-8.658633732;-38.0185414;"Yano, O.; Andrade Lima, D.";2960;Yano, O.;79147;SP-BRYOPHYTA;IBt;72586;222
GBIF;Bryophyta;Callicostaceae;Lepidopilidium nitens;(Hook.) Schwägr.;-8.658492513;-38.01862596;Olga Yano, D. Andrade-Lima;2939;"Yano, O.; Andrade Lima, D.";109038;BOT;NHMUK;72586;222
GBIF;Marchantiophyta;Lophocoleaceae;Lophocolea platensis;(Hook.) Schwägr.;-8.658633732;-38.0185414;"Yano, O.; Andrade Lima, D.";2933;Yano, O.;RB01355993;SP-BRYOPHYTA;IBt;72586;222
GBIF;Marchantiophyta;Lejeuneaceae;Marchesinia brachiata;(Hook.) Schwägr.;-8.658633732;-38.0185414;"Yano, O.; Andrade Lima, D.";2973;Yano, O.;42128;SP-BRYOPHYTA;IBt;72586;222
GBIF;Marchantiophyta;Metzgeriaceae;Metzgeria ciliata;(Hook.) Schwägr.;-8.658633732;-38.0185414;"Yano, O.; Andrade Lima, D.";2957;Costa, D.P.;42137;SP-BRYOPHYTA;IBt;72586;222
GBIF;Marchantiophyta;Metzgeriaceae;Metzgeria ciliata;(Hook.) Schwägr.;-8.658633732;-38.0185414;"Yano, O.; Andrade Lima, D.";2971;Yano, O.;42136;SP-BRYOPHYTA;IBt;72586;222
GBIF;Marchantiophyta;Metzgeriaceae;Metzgeria conjugata;(Hook.) Schwägr.;-8.658633732;-38.0185414;"Yano, O.; Andrade Lima, D.";2958;Yano, O.;42132;SP-BRYOPHYTA;IBt;72586;222
GBIF;Marchantiophyta;Metzgeriaceae;Metzgeria fruticola;(Hook.) Schwägr.;-8.658633732;-38.0185414;"Yano, O.; Andrade Lima, D.";2943;Yano, O.;42127;SP-BRYOPHYTA;IBt;72586;222
GBIF;Marchantiophyta;Plagiochilaceae;Plagiochila corrugata;(Hook.) Schwägr.;-8.658633732;-38.0185414;"Yano, O.; Andrade Lima, D.";2955;Yano, O.;134293;SP-BRYOPHYTA;IBt;72586;222
GBIF;Marchantiophyta;Plagiochilaceae;Plagiochila disticha;(Hook.) Schwägr.;-8.658633732;-38.0185414;"Yano, O.; Andrade Lima, D.";2959;Yano, O.;191195;SP-BRYOPHYTA;IBt;72586;222
GBIF;Marchantiophyta;Plagiochilaceae;Plagiochila disticha;(Hook.) Schwägr.;-8.658633732;-38.0185414;"Yano, O.; Andrade Lima, D.";2928;Yano, O.;191199;SP-BRYOPHYTA;IBt;72586;222
GBIF;Marchantiophyta;Plagiochilaceae;Plagiochila disticha;(Hook.) Schwägr.;-8.658633732;-38.0185414;"Yano, O.; Andrade Lima, D.";2911;Yano, O.;150127;SP-BRYOPHYTA;IBt;72586;222
GBIF;Marchantiophyta;Plagiochilaceae;Plagiochila martiana;(Hook.) Schwägr.;-8.658633732;-38.0185414;"Yano, O.; Andrade Lima, D.";2967;Yano, O.;191203;SP-BRYOPHYTA;IBt;72586;222
GBIF;Marchantiophyta;Radulaceae;Radula quadrata;(Hook.) Schwägr.;-8.658633732;-38.0185414;"Yano, O.; Andrade Lima, D.";2929;Yano, O.;76235;SP-BRYOPHYTA;IBt;72586;222
GBIF;Marchantiophyta;Lejeuneaceae;Schiffneriolejeunea polycarpa;(Hook.) Schwägr.;-8.658633732;-38.0185414;"Yano, O.; Andrade Lima, D.";2962;Yano, O.;85021A;SP-BRYOPHYTA;IBt;72586;222
GBIF;Marchantiophyta;Lepidoziaceae;Telaranea pecten;(Hook.) Schwägr.;-8.658633732;-38.0185414;"Yano, O.; Andrade Lima, D.";2931;Yano, O.;209916;SP-BRYOPHYTA;IBt;72586;222
GBIF;Bryophyta;Pterobryaceae;Calyptothecium duplicatum;(Hook.) Schwägr.;-8.901667;-37.823889;"Yano, O.; Andrade Lima, D.";2975;Yano, O.;64193;SP-BRYOPHYTA;IBt;74340;223
GBIF;Bryophyta;Pterobryaceae;Calyptothecium duplicatum;(Hook.) Schwägr.;-8.901582194;-37.82386755;Olga Yano, D. Andrade-Lima;2975;"Yano, O.; Andrade Lima, D.";64226;BOT;NHMUK;74340;223
GBIF;Bryophyta;Fissidentaceae;Fissidens submarginatus;(Hook.) Schwägr.;-8.901667;-37.823889;"Yano, O.; Andrade Lima, D.";2902;Bordin, J.;72200;SP-BRYOPHYTA;IBt;74340;223
GBIF;Marchantiophyta;Corsiniaceae;Cronisia weddellii;(Hook.) Schwägr.;-6.770278;-37.801667;Vital, D. M.;2907;Vital, D. M.;131870;SP-BRYOPHYTA;IBt;74415;224
GBIF;Marchantiophyta;Ricciaceae;Riccia squamata;(Hook.) Schwägr.;-6.770278;-37.801667;Vital, D. M.;2910;Vital, D. M.;84986E;SP-BRYOPHYTA;IBt;74415;224
GBIF;Marchantiophyta;Ricciaceae;Riccia vitalii;(Hook.) Schwägr.;-6.770278;-37.801667;Vital, D. M.;2912;Vital, D. M.;84995D;SP-BRYOPHYTA;IBt;74415;224
GBIF;Marchantiophyta;Ricciaceae;Riccia vitalii;(Hook.) Schwägr.;-6.770278;-37.801667;Vital, D. M.;2909;Vital, D. M.;84996B;SP-BRYOPHYTA;IBt;74415;224
GBIF;Marchantiophyta;Ricciaceae;Riccia wainionis;(Hook.) Schwägr.;-6.770278;-37.801667;Vital, D. M.;2911;Peralta, D. F.;88406;SP-BRYOPHYTA;IBt;74415;224
GBIF;Marchantiophyta;Ricciaceae;Riccia wainionis;(Hook.) Schwägr.;-6.770278;-37.801667;Vital, D. M.;2908;Peralta, D. F.;88406;SP-BRYOPHYTA;IBt;74415;224
GBIF;Marchantiophyta;Lejeuneaceae;Bryopteris diffusa;(Hook.) Schwägr.;-11.0687994;-37.72471684;Dantas, FS;271;Dantas, F. S.;87504;ASE;UFS;74993;225
GBIF;Marchantiophyta;Lejeuneaceae;Bryopteris diffusa;(Hook.) Schwägr.;-11.0687994;-37.72471684;Dantas, FS;264;Dantas, F. S.;87508;ASE;UFS;74993;225
GBIF;Marchantiophyta;Lejeuneaceae;Bryopteris diffusa;(Hook.) Schwägr.;-11.0687994;-37.72471684;Gomes, E;180;Dantas, F. S.;132998;ASE;UFS;74993;225
GBIF;Bryophyta;Bryaceae;Rosulabryum densifolium;(Hook.) Schwägr.;-11.0687994;-37.72471684;Dantas, FS;113;Dantas, F. S.;80153;ASE;UFS;74993;225
GBIF;Bryophyta;Calymperaceae;Calymperes afzelii;(Hook.) Schwägr.;-11.0687994;-37.72471684;Dantas, FS;266;Dantas, F. S.;28268;ASE;UFS;74993;225
GBIF;Bryophyta;Calymperaceae;Calymperes palisotii;(Hook.) Schwägr.;-11.0687994;-37.72471684;Dantas, FS;263;Dantas, F. S.;90178868;ASE;UFS;74993;225
GBIF;Bryophyta;Stereophyllaceae;Entodontopsis leucostega;(Hook.) Schwägr.;-11.0687994;-37.72471684;Dantas, FS;105;Dantas, F. S.;51420;ASE;UFS;74993;225
GBIF;Bryophyta;Stereophyllaceae;Entodontopsis leucostega;(Hook.) Schwägr.;-11.0687994;-37.72471684;Dantas, FS;280;Dantas, F. S.;51497;ASE;UFS;74993;225
GBIF;Bryophyta;Stereophyllaceae;Entodontopsis nitens;(Hook.) Schwägr.;-11.0687994;-37.72471684;Dantas, FS;102;Dantas, F. S.;96722;ASE;UFS;74993;225
GBIF;Bryophyta;Stereophyllaceae;Entodontopsis nitens;(Hook.) Schwägr.;-11.0687994;-37.72471684;Dantas, FS;109;Dantas, F. S.;51442;ASE;UFS;74993;225
GBIF;Bryophyta;Fissidentaceae;Fissidens zollingeri;(Hook.) Schwägr.;-11.0687994;-37.72471684;Dantas, FS;108;Dantas, F. S.;72374;ASE;UFS;74993;225
GBIF;Bryophyta;Fissidentaceae;Fissidens zollingeri;(Hook.) Schwägr.;-11.0687994;-37.72471684;Dantas, FS;282;Dantas, F. S.;72573;ASE;UFS;74993;225
GBIF;Bryophyta;Orthotrichaceae;Groutiella apiculata;(Hook.) Schwägr.;-11.0687994;-37.72471684;Dantas, FS;261;Dantas, F. S.;72481;ASE;UFS;74993;225
GBIF;Bryophyta;Orthotrichaceae;Groutiella apiculata;(Hook.) Schwägr.;-11.0687994;-37.72471684;Dantas, FS;270;Dantas, F. S.;79229;ASE;UFS;74993;225
GBIF;Bryophyta;Orthotrichaceae;Groutiella tomentosa;(Hook.) Schwägr.;-11.0687994;-37.72471684;Dantas, FS;104;Dantas, F. S.;72495;ASE;UFS;74993;225
GBIF;Bryophyta;Orthotrichaceae;Groutiella tomentosa;(Hook.) Schwägr.;-11.0687994;-37.72471684;Dantas, FS;277;Dantas, F. S.;72493;ASE;UFS;74993;225
GBIF;Bryophyta;Orthotrichaceae;Groutiella tumidula;D.F. Peralta & R. Ristow;-11.0687994;-37.72471684;Dantas, FS;107;Dantas, F. S.;96486;ASE;UFS;74993;225
GBIF;Bryophyta;Orthotrichaceae;Groutiella tumidula;D.F. Peralta & R. Ristow;-11.0687994;-37.72471684;Dantas, FS;114;Dantas, F. S.;96483;ASE;UFS;74993;225
GBIF;Bryophyta;Pterobryaceae;Henicodium geniculatum;Hook. & Wilson;-11.0687994;-37.72471684;Dantas, FS;265;Dantas, F. S.;79431;ASE;UFS;74993;225
GBIF;Bryophyta;Neckeraceae;Neckeropsis undulata;Hook. & Wilson;-11.0687994;-37.72471684;Dantas, FS;110;Dantas, F. S.;191455;ASE;UFS;74993;225
GBIF;Bryophyta;Octoblepharaceae;Octoblepharum albidum;Hook. & Wilson;-11.0687994;-37.72471684;Dantas, FS;267;Dantas, F. S.;79590;ASE;UFS;74993;225
GBIF;Bryophyta;Octoblepharaceae;Octoblepharum albidum;Hook. & Wilson;-11.0687994;-37.72471684;Dantas, FS;95;Dantas, F. S.;84300;ASE;UFS;74993;225
GBIF;Bryophyta;Rutenbergiaceae;Pseudocryphaea domingensis;Hook. & Wilson;-11.0687994;-37.72471684;Dantas, FS;260;Dantas, F. S.;71828A;ASE;UFS;74993;225
GBIF;Bryophyta;Rutenbergiaceae;Pseudocryphaea domingensis;Hook. & Wilson;-11.0687994;-37.72471684;Dantas, FS;279;Dantas, F. S.;76238;ASE;UFS;74993;225
GBIF;Bryophyta;Rutenbergiaceae;Pseudocryphaea domingensis;Hook. & Wilson;-11.0687994;-37.72471684;Dantas, FS;96;Dantas, F. S.;75853;ASE;UFS;74993;225
GBIF;Bryophyta;Racopilaceae;Racopilum tomentosum;Hook. & Wilson;-11.0687994;-37.72471684;Dantas, FS;111;Dantas, F. S.;75858;ASE;UFS;74993;225
GBIF;Bryophyta;Bryaceae;Rhodobryum beyrichianum;Hook. & Wilson;-11.0687994;-37.72471684;Viana, G;607;Dantas, F. S.;85056;ASE;UFS;74993;225
GBIF;Marchantiophyta;Ricciaceae;Riccia oerstediana;Hook. & Wilson;-11.0687994;-37.72471684;Dantas, FS;97;Dantas, F. S.;84973E;ASE;UFS;74993;225
GBIF;Marchantiophyta;Ricciaceae;Riccia oerstediana;Hook. & Wilson;-11.0687994;-37.72471684;Dantas, FS;276;Dantas, F. S.;84991B;ASE;UFS;74993;225
GBIF;Marchantiophyta;Ricciaceae;Riccia vitalii;(Sw. ex Hedw.) Brid.;-11.0687994;-37.72471684;Dantas, FS;274;Dantas, F. S.;85001A;ASE;UFS;74993;225
GBIF;Bryophyta;Cryphaeaceae;Schoenobryum concavifolium;(Sw. ex Hedw.) Brid.;-11.0687994;-37.72471684;Dantas, FS;103;Dantas, F. S.;84873A;ASE;UFS;74993;225
GBIF;Bryophyta;Calymperaceae;Syrrhopodon parasiticus;(Sw. ex Hedw.) Brid.;-11.0687994;-37.72471684;Dantas, FS;268;Dantas, F. S.;74224;ASE;UFS;74993;225
GBIF;Bryophyta;Brachytheciaceae;Zelometeorium patulum;(Sw. ex Hedw.) Brid.;-11.0687994;-37.72471684;Dantas, FS;112;Dantas, F. S.;111522;ASE;UFS;74993;225
GBIF;Bryophyta;Brachytheciaceae;Zelometeorium patulum;(Sw. ex Hedw.) Brid.;-11.0687994;-37.72471684;Dantas, FS;262;Dantas, F. S.;111531;ASE;UFS;74993;225
GBIF;Bryophyta;Brachytheciaceae;Zelometeorium patulum;(Sw. ex Hedw.) Brid.;-11.0687994;-37.72471684;Dantas, FS;272;Dantas, F. S.;111527;ASE;UFS;74993;225
GBIF;Bryophyta;Brachytheciaceae;Zelometeorium patulum;(Sw. ex Hedw.) Brid.;-11.0687994;-37.72471684;Dantas, FS;98;Dantas, F. S.;111526;ASE;UFS;74993;225
GBIF;Bryophyta;Archidiaceae;Archidium ohioense;(Sw. ex Hedw.) Brid.;-10.863611;-37.628611;Dantas, FS;76;Dantas, F. S.;089594;ASE;UFS;75686;226
GBIF;Bryophyta;Stereophyllaceae;Entodontopsis leucostega;(Sw. ex Hedw.) Brid.;-10.863611;-37.628611;Dantas, FS;79;Dantas, F. S.;51380;ASE;UFS;75686;226
GBIF;Bryophyta;Stereophyllaceae;Entodontopsis nitens;(Sw. ex Hedw.) Brid.;-10.863611;-37.628611;Dantas, FS;82;Dantas, F. S.;51459;ASE;UFS;75686;226
GBIF;Bryophyta;Fissidentaceae;Fissidens biformis;(Sw. ex Hedw.) Brid.;-10.863611;-37.628611;Dantas, FS;77;Dantas, F. S.;51559;ASE;UFS;75686;226
GBIF;Bryophyta;Orthotrichaceae;Groutiella tomentosa;(Sw. ex Hedw.) Brid.;-10.863611;-37.628611;Dantas, FS;88;Dantas, F. S.;72497;ASE;UFS;75686;226
GBIF;Bryophyta;Orthotrichaceae;Groutiella tomentosa;(Sw. ex Hedw.) Brid.;-10.863611;-37.628611;Dantas, FS;90;Dantas, F. S.;72476;ASE;UFS;75686;226
GBIF;Bryophyta;Pterobryaceae;Henicodium geniculatum;(Sw. ex Hedw.) Brid.;-10.863611;-37.628611;Dantas, FS;81;Dantas, F. S.;79692;ASE;UFS;75686;226
GBIF;Bryophyta;Octoblepharaceae;Octoblepharum albidum;(Sw. ex Hedw.) Brid.;-10.863611;-37.628611;Dantas, FS;78;Dantas, F. S.;84301;ASE;UFS;75686;226
GBIF;Bryophyta;Octoblepharaceae;Octoblepharum albidum;(Sw. ex Hedw.) Brid.;-10.863611;-37.628611;Dantas, FS;92;Dantas, F. S.;84311;ASE;UFS;75686;226
GBIF;Bryophyta;Pterobryaceae;Orthostichopsis tetragona;(Sw. ex Hedw.) Brid.;-10.863611;-37.628611;Matos, GMA;323;Dantas, F. S.;76218;ASE;UFS;75686;226
GBIF;Marchantiophyta;Plagiochilaceae;Plagiochila raddiana;(Sw. ex Hedw.) Brid.;-10.863611;-37.628611;Dantas, FS;86;Souza, A. M.;191194;ASE;UFS;75686;226
GBIF;Bryophyta;Cryphaeaceae;Schoenobryum concavifolium;(Sw. ex Hedw.) Brid.;-10.863611;-37.628611;Dantas, FS;80;Dantas, F. S.;84880A;ASE;UFS;75686;226
GBIF;Bryophyta;Cryphaeaceae;Schoenobryum concavifolium;(Sw. ex Hedw.) Brid.;-10.863611;-37.628611;Dantas, FS;87;Dantas, F. S.;84879A;ASE;UFS;75686;226
GBIF;Bryophyta;Calymperaceae;Syrrhopodon parasiticus;(Sw. ex Hedw.) Brid.;-10.863611;-37.628611;Dantas, FS;93;Dantas, F. S.;74220;ASE;UFS;75686;226
GBIF;Bryophyta;Archidiaceae;Archidium julicaule;(Sw. ex Hedw.) Brid.;-6.909722;-37.600833;Vital, D. M.;2906;Vital, D. M.;22360;SP-BRYOPHYTA;IBt;76049;227
GBIF;Marchantiophyta;Ricciaceae;Riccia vitalii;(Sw. ex Hedw.) Brid.;-6.909722;-37.600833;Vital, D. M.;2906;Peralta, D. F.;84997A;SP-BRYOPHYTA;IBt;76049;227
GBIF;Marchantiophyta;Ricciaceae;Riccia oerstediana;(Sw. ex Hedw.) Brid.;-8.165055;-37.57425;J.A. Siqueira Filho;2150;Peralta, D. F.;84989A;HVASF;UNIVASF;76229;228
GBIF;Bryophyta;Leucobryaceae;Campylopus pilifer;(Sw. ex Hedw.) Brid.;-10.02636408;-37.56046663;Vital, D.M.;1967;Yano, O.;119689;SP-BRYOPHYTA;IBt;76383;229
GBIF;Bryophyta;Pottiaceae;Hyophila involuta;Schwägr.;-10.02636408;-37.56046663;Vital, D.M.;1966;Vital, D.M.;79428;SP-BRYOPHYTA;IBt;76383;229
GBIF;Bryophyta;Stereophyllaceae;Entodontopsis leucostega;Schwägr.;-9.716389;-37.476667;Andrade-Lima, D.;816695;"Yano, O.; Peralta, D.F.; Bordin, J. (2010)";51357;SP-BRYOPHYTA;IBt;77044;230
GBIF;Bryophyta;Stereophyllaceae;Entodontopsis leucostega;(Griff.) Gangulee;-9.716389;-37.476667;Andrade-Lima, D.;816697;"Yano, O.; Peralta, D.F.; Bordin, J. (2010)";51496;SP-BRYOPHYTA;IBt;77044;230
GBIF;Bryophyta;Stereophyllaceae;Entodontopsis nitens;(Griff.) Gangulee;-9.716389;-37.476667;Andrade-Lima, D.;816694;"Yano, O.; Peralta, D.F.; Bordin, J. (2010)";51466;SP-BRYOPHYTA;IBt;77044;230
GBIF;Bryophyta;Helicophyllaceae;Helicophyllum torquatum;(Griff.) Gangulee;-9.716389;-37.476667;Andrade-Lima, D.;816693;"Yano, O.; Peralta, D.F.; Bordin, J. (2010)";51535;SP-BRYOPHYTA;IBt;77044;230
GBIF;Bryophyta;Pottiaceae;Hyophila involuta;(Griff.) Gangulee;-9.716389;-37.476667;Andrade-Lima, D.;816696;"Yano, O.; Peralta, D.F.; Bordin, J. (2010)";84747;SP-BRYOPHYTA;IBt;77044;230
GBIF;Marchantiophyta;Frullaniaceae;Frullania ecklonii;(Griff.) Gangulee;-10.685;-37.425278;Vital, D. M.;2870;Hattori, S.;77200;SP-BRYOPHYTA;IBt;77226;231
GBIF;Marchantiophyta;Lejeuneaceae;Frullanoides corticalis;(Griff.) Gangulee;-10.685;-37.425278;Vital, D. M.;2870;Hattori, S.;72492;SP-BRYOPHYTA;IBt;77226;231
GBIF;Marchantiophyta;Lejeuneaceae;Frullanoides corticalis;(Griff.) Gangulee;-10.685;-37.425278;Vital, D. M.;2871;Yano, O.;72468;SP-BRYOPHYTA;IBt;77226;231
GBIF;Marchantiophyta;Lejeuneaceae;Frullanoides liebmanniana;(Griff.) Gangulee;-10.685;-37.425278;Vital, D. M.;2869;Yano, O.;72509;SP-BRYOPHYTA;IBt;77226;231
GBIF;Marchantiophyta;Lejeuneaceae;Frullanoides tristis;(Griff.) Gangulee;-10.685;-37.425278;Vital, D. M.;2869;Yano, O.;72462;SP-BRYOPHYTA;IBt;77226;231
GBIF;Bryophyta;Orthotrichaceae;Groutiella tomentosa;(Griff.) Gangulee;-10.685;-37.425278;Vital, D.M.;2874;Yano, O.;77170;SP-BRYOPHYTA;IBt;77226;231
GBIF;Marchantiophyta;Lejeuneaceae;Lejeunea trinitensis;(Griff.) Gangulee;-10.685;-37.425278;Vital, D. M.;2868;Yano, O.;79371;SP-BRYOPHYTA;IBt;77226;231
GBIF;Marchantiophyta;Lejeuneaceae;Microlejeunea bullata;(Griff.) Gangulee;-10.685;-37.425278;Vital, D. M.;2871;Yano, O.;133034;SP-BRYOPHYTA;IBt;77226;231
GBIF;Bryophyta;Pottiaceae;Trichostomum termitarum;(Griff.) Gangulee;-10.685;-37.425278;Vital, D.M.;2873;Yano, O.;87276;SP-BRYOPHYTA;IBt;77226;231
GBIF;Bryophyta;Leucobryaceae;Campylopus pilifer;(Welw. & Duby) Broth.;-8.537583;-37.259889;Silva, JB;426;Silva, J. B.;119421;UFP;UFPE;78537;232
GBIF;Bryophyta;Fabroniaceae;Fabronia ciliaris;(Hornsch.) Broth.;-8.537583;-37.259889;Silva, JB;427;Silva, J. B.;51633;UFP;UFPE;78537;232
GBIF;Marchantiophyta;Frullaniaceae;Frullania dusenii;(Hornsch.) Broth.;-8.537583;-37.259889;Silva, JB;425;Silva, J. B.;70489;UFP;UFPE;78537;232
GBIF;Marchantiophyta;Cephaloziaceae;Fuscocephaloziopsis crassifolia;(Hornsch.) Broth.;-8.537583;-37.259889;Silva, JB;429;Silva, J. B.;63481;UFP;UFPE;78537;232
GBIF;Bryophyta;Helicophyllaceae;Helicophyllum torquatum;(Schwägr.) W.H. Welch & H.A. Crum;-8.537583;-37.259889;Silva, JB;423;Silva, J. B.;51543;UFP;UFPE;78537;232
GBIF;Marchantiophyta;Targioniaceae;Targionia hypophylla;Müll. Hal.;-8.537583;-37.259889;Silva, JB;422;Silva, J. B.;190340;UFP;UFPE;78537;232
GBIF;Bryophyta;Pottiaceae;Tortella humilis;Müll. Hal.;-8.537583;-37.259889;Silva, JB;428;Silva, J. B.;87280;UFP;UFPE;78537;232
GBIF;Bryophyta;Cryphaeaceae;Schoenobryum concavifolium;Müll. Hal.;-9.602778;-37.248333;Andrade-Lima, D.;816692;"Yano, O.; Peralta, D.F.; Bordin, J. (2010)";84875A;SP-BRYOPHYTA;IBt;78696;233
speciesLink;Bryophyta;Callicostaceae;Callicostella pallida;Müll. Hal.;-8.591912856;-37.24710086;M.R. Pietrobom & V.S. Gomes;4631;D. F. Peralta;29426;SJRP-BRYOPHYTA;UNESP-IBILCE;78731;234
GBIF;Bryophyta;Leucobryaceae;Campylopus pilifer;Müll. Hal.;-8.585639;-37.245972;Silva, JB;405;Silva, J. B.;119551;UFP;UFPE;78731;234
GBIF;Bryophyta;Leucobryaceae;Campylopus pilifer;Müll. Hal.;-8.585639;-37.245972;Silva, JB;416;Silva, J. B.;119252;UFP;UFPE;78731;234
GBIF;Bryophyta;Leucobryaceae;Campylopus pilifer;Müll. Hal.;-8.585639;-37.245972;Silva, JB;417;Silva, J. B.;119438;UFP;UFPE;78731;234
GBIF;Bryophyta;Fabroniaceae;Fabronia ciliaris;Müll. Hal.;-8.585639;-37.245972;Silva, JB;420;Silva, J. B.;51641;UFP;UFPE;78731;234
GBIF;Bryophyta;Fabroniaceae;Fabronia ciliaris;Müll. Hal.;-8.585639;-37.245972;Silva, JB;421;Silva, J. B.;51644;UFP;UFPE;78731;234
GBIF;Bryophyta;Fabroniaceae;Fabronia ciliaris;Warnst.;-8.585639;-37.245972;Silva, JB;397;Silva, J. B.;51639;UFP;UFPE;78731;234
GBIF;Bryophyta;Fabroniaceae;Fabronia ciliaris;Warnst.;-8.585639;-37.245972;Silva, JB;398;Silva, J. B.;51638;UFP;UFPE;78731;234
GBIF;Bryophyta;Fabroniaceae;Fabronia ciliaris;H.A. Crum;-8.585639;-37.245972;Silva, JB;400;Silva, J. B.;51637;UFP;UFPE;78731;234
GBIF;Bryophyta;Fissidentaceae;Fissidens serratus;H.A. Crum;-8.585639;-37.245972;Silva, JB;404;Silva, J. B.;77849;UFP;UFPE;78731;234
GBIF;Bryophyta;Fissidentaceae;Fissidens zollingeri;Müll. Hal. ex Warnst.;-8.585639;-37.245972;Silva, JB;414;Silva, J. B.;77839;UFP;UFPE;78731;234
GBIF;Marchantiophyta;Frullaniaceae;Frullania dusenii;Müll. Hal. ex Warnst.;-8.585764063;-37.24149144;Silva, JB;415;Silva, J. B.;71663;UFP;UFPE;78731;234
GBIF;Marchantiophyta;Frullaniaceae;Frullania gibbosa;Hampe;-8.585764063;-37.24149144;Silva, JB;413;Silva, J. B.;70357;UFP;UFPE;78731;234
GBIF;Marchantiophyta;Cephaloziaceae;Fuscocephaloziopsis crassifolia;Hampe;-8.585764063;-37.24149144;Silva, JB;409;Silva, J. B.;63479;UFP;UFPE;78731;234
GBIF;Bryophyta;Sematophyllaceae;Microcalpe subsimplex;(Ehrh.) Hedw.;-8.585639;-37.245972;Silva, JB;410;Silva, J. B.;146850;UFP;UFPE;78731;234
GBIF;Marchantiophyta;Noterocladaceae;Noteroclada confluens;(Ehrh.) Hedw.;-8.585764063;-37.24149144;Silva, JB;411;Silva, J. B.;150166;UFP;UFPE;78731;234
GBIF;Bryophyta;Octoblepharaceae;Octoblepharum albidum;(Ehrh.) Hedw.;-8.585639;-37.245972;Silva, JB;412;Silva, J. B.;73350;UFP;UFPE;78731;234
speciesLink;Bryophyta;Octoblepharaceae;Octoblepharum cocuiense;(Ehrh.) Hedw.;-8.591912856;-37.24710086;M.R. Pietrobom & V.S. Gomes;4630;D.F. Peralta;170671;SJRP-BRYOPHYTA;UNESP-IBILCE;78731;234
speciesLink;Marchantiophyta;Pallaviciniaceae;Symphyogyna aspera;(Ehrh.) Hedw.;-8.591912856;-37.24710086;M.R. Pietrobom & V.S. Gomes;4629;D.F. Peralta;88408;SJRP-BRYOPHYTA;UNESP-IBILCE;78731;234
GBIF;Bryophyta;Pottiaceae;Tortella humilis;(Ehrh.) Hedw.;-8.585639;-37.245972;Silva, JB;406;Silva, J. B.;089803;UFP;UFPE;78731;234
GBIF;Bryophyta;Pottiaceae;Tortella humilis;(Ehrh.) Hedw.;-8.585639;-37.245972;Silva, JB;407;Silva, J. B.;089805;UFP;UFPE;78731;234
GBIF;Marchantiophyta;Corsiniaceae;Cronisia fimbriata;(Ehrh.) Hedw.;-8.541389;-37.244889;Reis, TR;176;Reis, T. R.;131849;UFP;UFPE;78733;235
GBIF;Marchantiophyta;Corsiniaceae;Cronisia fimbriata;(Ehrh.) Hedw.;-8.541389;-37.244889;Reis, TR;178;Reis, T. R.;133021;UFP;UFPE;78733;235
GBIF;Marchantiophyta;Ricciaceae;Riccia vitalii;(Ehrh.) Hedw.;-8.541389;-37.244889;Reis, TR;177;Reis, T. R.;85000A;UFP;UFPE;78733;235
GBIF;Marchantiophyta;Ricciaceae;Riccia vitalii;(Ehrh.) Hedw.;-8.541389;-37.244889;Reis, TR;175;Reis, T. R.;84999A;UFP;UFPE;78733;235
GBIF;Marchantiophyta;Ricciaceae;Riccia vitalii;(Ehrh.) Hedw.;-8.539444;-37.244889;Reis, TR;181;Reis, T. R.;85007B;UFP;UFPE;78733;235
GBIF;Marchantiophyta;Ricciaceae;Riccia vitalii;(Ehrh.) Hedw.;-8.539444;-37.244889;Reis, TR;182;Reis, T. R.;85001B;UFP;UFPE;78733;235
GBIF;Marchantiophyta;Ricciaceae;Riccia vitalii;(Ehrh.) Hedw.;-8.530278;-37.244889;Reis, TR;170;Reis, T. R.;84994B;UFP;UFPE;78733;235
GBIF;Marchantiophyta;Ricciaceae;Riccia vitalii;(Ehrh.) Hedw.;-8.530278;-37.244889;Reis, TR;171;Reis, T. R.;84998A;UFP;UFPE;78733;235
GBIF;Marchantiophyta;Ricciaceae;Riccia vitalii;(Ehrh.) Hedw.;-8.530278;-37.244889;Reis, TR;172;Reis, T. R.;84992C;UFP;UFPE;78733;235
GBIF;Marchantiophyta;Ricciaceae;Riccia vitalii;(Ehrh.) Hedw.;-8.528333;-37.244889;Reis, TR;169;Reis, T. R.;84993B;UFP;UFPE;78733;235
GBIF;Bryophyta;Archidiaceae;Archidium julicaule;(Ehrh.) Hedw.;-6.926667;-37.095556;Vital, D. M.;2905;Vital, D. M.;533510;SP-BRYOPHYTA;IBt;79724;236
GBIF;Marchantiophyta;Ricciaceae;Riccia squamata;(Ehrh.) Hedw.;-6.926667;-37.095556;Vital, D. M.;2905;Vital, D. M.;84980C;SP-BRYOPHYTA;IBt;79724;236
GBIF;Marchantiophyta;Ricciaceae;Riccia vitalii;(Ehrh.) Hedw.;-6.926667;-37.095556;Vital, D. M.;2904;Vital, D. M.;84992B;SP-BRYOPHYTA;IBt;79724;236
GBIF;Bryophyta;Archidiaceae;Archidium ohioense;(Ehrh.) Hedw.;-8.503611;-36.944722;Oliveira, T;99;Oliveira, T;089600;UFP;UFPE;80617;237
GBIF;Bryophyta;Bryaceae;Bryum argenteum;(Ehrh.) Hedw.;-8.503611;-36.944722;Oliveira, T;A14 103;Oliveira, T;64117;UFP;UFPE;80617;237
GBIF;Bryophyta;Bryaceae;Bryum argenteum;(Ehrh.) Hedw.;-8.503611;-36.944722;Oliveira, T;A392;Oliveira, T;64107;UFP;UFPE;80617;237
GBIF;Bryophyta;Bryaceae;Bryum argenteum;H.A. Crum;-8.503611;-36.944722;Oliveira, T;A493;Oliveira, T;64161;UFP;UFPE;80617;237
GBIF;Bryophyta;Bryaceae;Bryum argenteum;H.A. Crum;-8.503611;-36.944722;Oliveira, T;A796;Oliveira, T;64152;UFP;UFPE;80617;237
GBIF;Bryophyta;Leucobryaceae;Campylopus savannarum;H.A. Crum;-8.503611;-36.944722;Oliveira, T;A16105;Oliveira, T;79700;UFP;UFPE;80617;237
GBIF;Bryophyta;Leucobryaceae;Campylopus savannarum;H.A. Crum;-8.503611;-36.944722;Oliveira, T;100;Silva, TO;119351;UFP;UFPE;80617;237
GBIF;Bryophyta;Leucobryaceae;Campylopus savannarum;Hampe ex Müll. Hal.;-8.503611;-36.944722;Oliveira, T;101;Silva, TO;119284;UFP;UFPE;80617;237
GBIF;Bryophyta;Leucobryaceae;Campylopus savannarum;H.A. Crum;-8.503611;-36.944722;Oliveira, T;91;Silva, TO;119598;UFP;UFPE;80617;237
GBIF;Bryophyta;Leucobryaceae;Campylopus savannarum;H.A. Crum;-8.503611;-36.944722;Oliveira, T;95;Silva, TO;119532;UFP;UFPE;80617;237
GBIF;Bryophyta;Bartramiaceae;Philonotis hastata;H.A. Crum;-8.503611;-36.944722;Oliveira, T;A17106;Oliveira, T;71895;UFP;UFPE;80617;237
GBIF;Bryophyta;Bartramiaceae;Philonotis hastata;H.A. Crum;-8.503611;-36.944722;Oliveira, T;94;Silva, TO;76016;UFP;UFPE;80617;237
GBIF;Marchantiophyta;Ricciaceae;Riccia taeniiformis;H.A. Crum;-8.503611;-36.944722;Oliveira, T;A18107;Silva, T. O.;84977A;UFP;UFPE;80617;237
GBIF;Bryophyta;Fissidentaceae;Fissidens intramarginatus;H.A. Crum;-6.996667;-36.713056;Vital, D.M.;2901;Vital, D.M.;72365;SP-BRYOPHYTA;IBt;82134;238
GBIF;Bryophyta;Fissidentaceae;Fissidens submarginatus;H.A. Crum;-7;-36.72;Vital, D.M.;2901;Pursell, R. A.;72363;MOBOT;MO;82134;238
GBIF;Bryophyta;Bartramiaceae;Philonotis cernua;H.A. Crum;-6.996667;-36.713056;Vital, D.M.;2902;Vital, D.M.;71843;SP-BRYOPHYTA;IBt;82134;238
GBIF;Marchantiophyta;Ricciaceae;Riccia vitalii;H.A. Crum;-6.996667;-36.713056;Vital, D. M.;2900;Peralta, D. F.;84995B;SP-BRYOPHYTA;IBt;82134;238
GBIF;Bryophyta;Archidiaceae;Archidium julicaule;H.A. Crum;-6.945;-36.718333;Vital, D. M.;2903;Vital, D. M.;01817298;SP-BRYOPHYTA;IBt;82136;239
GBIF;Marchantiophyta;Ricciaceae;Riccia vitalii;H.A. Crum;-6.945;-36.718333;Vital, D. M.;2903;Vital, D. M.;84994C;SP-BRYOPHYTA;IBt;82136;239
GBIF;Bryophyta;Fissidentaceae;Fissidens submarginatus;H.A. Crum;-9.169722;-36.679722;Vital, D.M.;2884;Vital, D.M.;72197;SP-BRYOPHYTA;IBt;82234;240
GBIF;Bryophyta;Pottiaceae;Chionoloma angustatum;Müll. Hal.;-9.169722;-36.679722;Vital, D.M.;2885;Costa, D.P.;76222B;SP-BRYOPHYTA;IBt;82234;240
GBIF;Marchantiophyta;Ricciaceae;Riccia vitalii;Müll. Hal.;-9.169851003;-36.67921645;Vital, D. M.;2883;Yano, O.;84997D;SP-BRYOPHYTA;IBt;82234;240
GBIF;Bryophyta;Orthotrichaceae;Pseudomacromitrium punctatum;Müll. Hal.;-9.7525;-36.661111;Vital, D.M.;2882a;Yano, O.;123680;SP-BRYOPHYTA;IBt;82392;241
GBIF;Marchantiophyta;Ricciaceae;Riccia vitalii;Brid.;-9.7525;-36.661111;Vital, D. M.;2881;Yano, O.;85005A;SP-BRYOPHYTA;IBt;82392;241
GBIF;Marchantiophyta;Ricciaceae;Riccia vitalii;Brid.;-9.7525;-36.661111;Vital, D. M.;2882;Yano, O.;85009B;SP-BRYOPHYTA;IBt;82392;241
GBIF;Marchantiophyta;Ricciaceae;Riccia planobiconvexa;Brid.;-5.662634233;-36.60098109;Vital, D. M.;1974;Vital, D. M.;84980B;CESJ;UFJF;82861;242
GBIF;Bryophyta;Archidiaceae;Archidium ohioense;Brid.;-8.890278;-36.492778;Vital, D.M.;1969;Vital, D.M.;87082;SP-BRYOPHYTA;IBt;83374;243
GBIF;Bryophyta;Archidiaceae;Archidium ohioense;Brid.;-8.890278;-36.492778;Vital, D.M.;1971;Vital, D.M.;089591;SP-BRYOPHYTA;IBt;83374;243
GBIF;Bryophyta;Bryaceae;Bryum argenteum;Brid.;-8.890278;-36.492778;Vital, D.M.;1970;Vital, D.M.;64234;SP-BRYOPHYTA;IBt;83374;243
GBIF;Bryophyta;Bryaceae;Rosulabryum capillare;Brid.;-8.890278;-36.492778;Vital, D.M.;2888;Vital, D.M.;131824;SP-BRYOPHYTA;IBt;83374;243
GBIF;Bryophyta;Fabroniaceae;Fabronia ciliaris;H.A. Crum;-8.890278;-36.492778;Vital, D.M.;2887;Vital, D.M.;96448;SP-BRYOPHYTA;IBt;83374;243
GBIF;Bryophyta;Octoblepharaceae;Octoblepharum albidum;H.A. Crum;-8.890278;-36.492778;Yano, O.;137;Yano, O.;79904;SP-BRYOPHYTA;IBt;83374;243
GBIF;Bryophyta;Octoblepharaceae;Octoblepharum albidum;H.A. Crum;-8.890278;-36.492778;Yano, O.;138;Yano, O.;79908;SP-BRYOPHYTA;IBt;83374;243
GBIF;Bryophyta;Stereophyllaceae;Entodontopsis leucostega;H.A. Crum;-8.335555;-36.424167;Andrade-Lima, D.;816702;"Yano, O.; Peralta, D.F.; Bordin, J. (2010)";51411;SP-BRYOPHYTA;IBt;83675;244
GBIF;Bryophyta;Cryphaeaceae;Schoenobryum concavifolium;H.A. Crum;-8.335556;-36.424167;Andrade-Lima, D.;816703;"Yano, O.; Peralta, D.F.; Bordin, J. (2010)";84876A;SP-BRYOPHYTA;IBt;83675;244
GBIF;Bryophyta;Orthotrichaceae;Schlotheimia jamesonii;H.A. Crum;-8.185966314;-36.40146108;Araujo, L.C.F.;;Peralta, D. F.;85072C;PC;MNHN;83817;245
GBIF;Bryophyta;Pottiaceae;Hydrogonium orientale;H.A. Crum;-8.24125;-36.385806;Oliveira, TA;15;Oliveira, T;87095;UFP;UFPE;83949;246
GBIF;Bryophyta;Bryaceae;Bryum argenteum;H.A. Crum;-8.24125;-36.385806;Silva, TO;11;Silva, TO;64185;UFP;UFPE;83949;246
GBIF;Bryophyta;Bryaceae;Bryum argenteum;H.A. Crum;-8.24125;-36.385806;Silva, TO;13a;Silva, TO;137659;UFP;UFPE;83949;246
GBIF;Bryophyta;Bryaceae;Bryum argenteum;H.A. Crum;-8.24125;-36.385806;Silva, TO;25A;Silva, TO;137660;UFP;UFPE;83949;246
GBIF;Bryophyta;Bryaceae;Rosulabryum densifolium;H.A. Crum;-8.24125;-36.385806;Silva, TO;15;Silva, TO;80419;UFP;UFPE;83949;246
GBIF;Bryophyta;Leucobryaceae;Campylopus pilifer;L.;-8.24125;-36.385806;Silva, TO;20;Silva, TO;119430;UFP;UFPE;83949;246
GBIF;Bryophyta;Leucobryaceae;Campylopus savannarum;L.;-8.24125;-36.385806;Silva, TO;25;Silva, TO;119520;UFP;UFPE;83949;246
GBIF;Bryophyta;Leucobryaceae;Campylopus savannarum;L.;-8.24125;-36.385806;Silva, TO;25B;Silva, TO;119507;UFP;UFPE;83949;246
GBIF;Bryophyta;Stereophyllaceae;Entodontopsis leucostega;L.;-8.24125;-36.385806;Silva, TO;19;Silva, TO;51481;UFP;UFPE;83949;246
GBIF;Bryophyta;Stereophyllaceae;Entodontopsis leucostega;L.;-8.24125;-36.385806;Silva, TO;39;Silva, TO;51494;UFP;UFPE;83949;246
GBIF;Bryophyta;Stereophyllaceae;Entodontopsis leucostega;L.;-8.24125;-36.385806;Silva, TO;39a;Silva, TO;51425;UFP;UFPE;83949;246
GBIF;Bryophyta;Fissidentaceae;Fissidens submarginatus;L.;-8.24125;-36.385806;Silva, TO;s.n.;Silva, TO;72203;UFP;UFPE;83949;246
GBIF;Marchantiophyta;Frullaniaceae;Frullania caulisequa;L.;-8.24125;-36.385806;Silva, TO;8d;Silva, T. O.;71643;UFP;UFPE;83949;246
GBIF;Marchantiophyta;Frullaniaceae;Frullania gibbosa;L.;-8.24125;-36.385806;Silva, TO;8e;Silva, T. O.;96213;UFP;UFPE;83949;246
GBIF;Marchantiophyta;Frullaniaceae;Frullania gibbosa;L.;-8.24125;-36.385806;Silva, TO;39b;Silva, T. O.;70151;UFP;UFPE;83949;246
GBIF;Marchantiophyta;Frullaniaceae;Frullania gibbosa;L.;-8.24125;-36.385806;Silva, TO;1;Silva, T. O.;70153;UFP;UFPE;83949;246
GBIF;Marchantiophyta;Frullaniaceae;Frullania riojaneirensis;L.;-8.24125;-36.385806;Silva, TO;14;Silva, T. O.;70226;UFP;UFPE;83949;246
GBIF;Marchantiophyta;Frullaniaceae;Frullania riojaneirensis;L.;-8.24125;-36.385806;Silva, TO;17;Silva, T. O.;70398;UFP;UFPE;83949;246
GBIF;Bryophyta;Orthotrichaceae;Groutiella tomentosa;Hampe;-8.24125;-36.385806;Oliveira, TA;2;Lima,  J. S.;96470;UFP;UFPE;83949;246
GBIF;Bryophyta;Orthotrichaceae;Groutiella tomentosa;Hampe;-8.24125;-36.385806;Silva, TO;28;Silva, TO;96462;UFP;UFPE;83949;246
GBIF;Bryophyta;Orthotrichaceae;Groutiella tomentosa;Hampe;-8.24125;-36.385806;Silva, TO;39c;Silva, TO;84748;UFP;UFPE;83949;246
GBIF;Bryophyta;Pottiaceae;Hyophila involuta;Hampe;-8.24125;-36.385806;Oliveira, T A;20;Oliveira, T. A.;70204;UFP;UFPE;83949;246
GBIF;Bryophyta;Pottiaceae;Hyophila involuta;Hampe;-8.24125;-36.385806;Silva, TO;24;Silva, TO;79395;UFP;UFPE;83949;246
GBIF;Marchantiophyta;Lejeuneaceae;Lejeunea flava;Hampe;-8.24125;-36.385806;Silva, TO;21;Silva, T. O.;96453;UFP;UFPE;83949;246
GBIF;Marchantiophyta;Lejeuneaceae;Lejeunea flava;Hampe;-8.24125;-36.385806;Silva, TO;17;Silva, T. O.;84554;UFP;UFPE;83949;246
GBIF;Marchantiophyta;Lejeuneaceae;Marchesinia brachiata;Hampe;-8.24125;-36.385806;Silva, TO;12;Silva, T. O.;42139;UFP;UFPE;83949;246
GBIF;Bryophyta;Pottiaceae;Tortella humilis;Hampe;-8.24125;-36.385806;Silva, TO;8a;Silva, TO;87269;UFP;UFPE;83949;246
GBIF;Bryophyta;Sematophyllaceae;Aptychopsis estrellae;Hampe;-8.201389;-36.389167;Araujo, L.C.F.;s.n.;"Yano, O.; Peralta, D.F.; Bordin, J. (2010)";50125;SP-BRYOPHYTA;IBt;83951;247
GBIF;Marchantiophyta;Lejeuneaceae;Bryopteris diffusa;Hampe;-8.201388;-36.389168;Andrade-Lima, D.;806687;Yano, O.;133000;SP-BRYOPHYTA;IBt;83951;247
GBIF;Bryophyta;Leucobryaceae;Campylopus filifolius;Hampe;-8.201389;-36.389167;Araujo, L.C.F.;s.n.;"Yano, O.; Peralta, D.F.; Bordin, J. (2010)";119286;SP-BRYOPHYTA;IBt;83951;247
GBIF;Marchantiophyta;Lejeuneaceae;Cheilolejeunea acutangula;Hampe;-8.201389;-36.389167;Araujo, L.C.F.;s.n.;"Yano, O.; Peralta, D. F.; Bordin, J. (2011)";119394;SP-BRYOPHYTA;IBt;83951;247
GBIF;Bryophyta;Orthotrichaceae;Macromitrium regnellii;Hampe;-8.201389;-36.389167;Araujo, L.C.F.;s.n.;"Yano, O.; Peralta, D.F.; Bordin, J. (2010)";123689;SP-BRYOPHYTA;IBt;83951;247
GBIF;Bryophyta;Sematophyllaceae;Microcalpe subsimplex;Hampe;-8.201367184;-36.38917786;J. Valdevino;;Buck, W. R.;87861;NY;NYBG;83951;247
GBIF;Bryophyta;Pterobryaceae;Orthostichidium quadrangulare;P. Beauv.;-8.201389;-36.389167;Araujo, L.C.F.;s.n.;"Yano, O.; Peralta, D.F.; Bordin, J. (2010)";76266A;SP-BRYOPHYTA;IBt;83951;247
GBIF;Marchantiophyta;Plagiochilaceae;Plagiochila corrugata;P. Beauv.;-8.201389;-36.389167;Araujo, L.C.F.;s.n.;"Yano, O.; Peralta, D. F.; Bordin, J. (2011)";150171;SP-BRYOPHYTA;IBt;83951;247
GBIF;Marchantiophyta;Plagiochilaceae;Plagiochila disticha;Hampe;-8.201389;-36.389167;Andrade-Lima, D.;816679;"Yano, O.; Peralta, D. F.; Bordin, J. (2011)";191206;SP-BRYOPHYTA;IBt;83951;247
GBIF;Bryophyta;Orthotrichaceae;Schlotheimia jamesonii;Warnst.;-8.201389;-36.389167;L. C. Araujo;s.n.;Peralta, D. F.;85073A;NY;NYBG;83951;247
GBIF;Bryophyta;Orthotrichaceae;Schlotheimia jamesonii;Warnst.;-8.201389;-36.389167;Araujo, L.C.F.;s.n.;"Yano, O.; Peralta, D.F.; Bordin, J. (2010)";85076B;SP-BRYOPHYTA;IBt;83951;247
GBIF;Bryophyta;Orthotrichaceae;Schlotheimia jamesonii;Warnst.;-8.201389;-36.389167;Andrade-Lima, D.;816677;"Yano, O.; Peralta, D.F.; Bordin, J. (2010)";85077;SP-BRYOPHYTA;IBt;83951;247
GBIF;Bryophyta;Orthotrichaceae;Schlotheimia rugifolia;Warnst.;-8.201389;-36.389167;Araujo, L.C.F.;s.n.;"Yano, O.; Peralta, D.F.; Bordin, J. (2010)";84955B;SP-BRYOPHYTA;IBt;83951;247
GBIF;Bryophyta;Orthotrichaceae;Schlotheimia torquata;Warnst.;-8.201389;-36.389167;Andrade-Lima, D.;;Peralta, D. F.;84851C;PC;MNHN;83951;247
GBIF;Bryophyta;Orthotrichaceae;Schlotheimia torquata;Nees;-8.201389;-36.389167;Andrade-Lima, D.;816677;Peralta, D. F.;84856A;NY;NYBG;83951;247
GBIF;Bryophyta;Brachytheciaceae;Squamidium nigricans;Nees;-8.201367184;-36.38917786;Andrade-Lima, D.;816678;"Yano, O.; Peralta, D.F.; Bordin, J. (2010)";84863B;SP-BRYOPHYTA;IBt;83951;247
GBIF;Bryophyta;Calymperaceae;Syrrhopodon gaudichaudii;O. Yano & H.A. Crum,;-8.201367184;-36.38917786;"Yano, O.; Porto, K.C.; Gradstein, S.R.";25506;Yano, O.;72127;SP-BRYOPHYTA;IBt;83951;247
GBIF;Bryophyta;Sematophyllaceae;Trichosteleum glaziovii;O. Yano & H.A. Crum,;-8.201367184;-36.38917786;J. Valdevino;08734;Buck, W. R.;EAC00053326;NY;NYBG;83951;247
GBIF;Marchantiophyta;Metzgeriaceae;Metzgeria lechleri;O. Yano & H.A. Crum,;-8.145833;-36.370833;Costa, D. P.;3421;Costa, D.P.;146846;RB;JBRJ;83953;248
GBIF;Marchantiophyta;Lejeuneaceae;Prionolejeunea denticulata;H.A. Crum;-7.83889;-36.36833;Spruce, R.;;Spruce, R.;76308B;G;CJB;83963;249
GBIF;Bryophyta;Archidiaceae;Archidium julicaule;H.A. Crum;-7.057222;-36.362778;Vital, D. M.;2899;Vital, D. M.;02108292;SP-BRYOPHYTA;IBt;84124;250
GBIF;Bryophyta;Archidiaceae;Archidium julicaule;H.A. Crum;-7.057222;-36.362778;Vital, D. M.;2898;Vital, D. M.;72840;SP-BRYOPHYTA;IBt;84124;250
GBIF;Marchantiophyta;Corsiniaceae;Cronisia weddellii;H.A. Crum;-7.057222;-36.362778;Vital, D. M.;2898;Vital, D. M.;135530;SP-BRYOPHYTA;IBt;84124;250
GBIF;Marchantiophyta;Ricciaceae;Riccia vitalii;H.A. Crum;-7.057222;-36.362778;Vital, D. M.;2899;Vital, D. M.;84993C;SP-BRYOPHYTA;IBt;84124;250
GBIF;Bryophyta;Calymperaceae;Calymperes lonchophyllum;(Raddi) Broth.;-8.427154;-36.197935;Yano, O.;2860;Yano, O.;28239;CESJ;UFJF;84743;251
GBIF;Bryophyta;Orthotrichaceae;Pseudomacromitrium punctatum;(Raddi) Broth.;-8.427154;-36.197935;"Yano, O.; Brito, J.Z.";2849;Yano, O.;123686;HUFABC;UFABC;84743;251
GBIF;Bryophyta;Pottiaceae;Hydrogonium orientale;(Hornsch.) Broth.;-8.236389;-36.191944;Oliveira, T;145;Oliveira, T;089598;UFP;UFPE;84750;252
GBIF;Bryophyta;Pottiaceae;Hydrogonium orientale;(Hornsch.) Broth.;-8.236389;-36.191944;Oliveira, T;155;Oliveira, T;87089;UFP;UFPE;84750;252
GBIF;Bryophyta;Pottiaceae;Hydrogonium orientale;(Hornsch.) Broth.;-8.236389;-36.191944;Oliveira, T;127;Silva, TO;87099;UFP;UFPE;84750;252
GBIF;Bryophyta;Bryaceae;Bryum argenteum;(Hornsch.) Broth.;-8.236389;-36.191944;Oliveira, T;146;Oliveira, T;137657;UFP;UFPE;84750;252
GBIF;Bryophyta;Bryaceae;Bryum argenteum;(Hornsch.) Broth.;-8.236389;-36.191944;Oliveira, T;156;Oliveira, T;64131;UFP;UFPE;84750;252
GBIF;Bryophyta;Bryaceae;Bryum argenteum;(Hornsch.) Broth.;-8.236389;-36.191944;Oliveira, T;A58;Oliveira, T;64172;UFP;UFPE;84750;252
GBIF;Bryophyta;Bryaceae;Bryum argenteum;(Hornsch.) Broth.;-8.236389;-36.191944;Silva, TO;157;Silva, TO;49696;UFP;UFPE;84750;252
GBIF;Bryophyta;Bryaceae;Rosulabryum atenense;(Hornsch.) Broth.;-8.236389;-36.191944;Silva, TO;23;Silva, TO;49694;UFP;UFPE;84750;252
GBIF;Bryophyta;Bryaceae;Rosulabryum atenense;(Hornsch.) Broth.;-8.236389;-36.191944;Silva, TO;9;Silva, TO;49740;UFP;UFPE;84750;252
GBIF;Bryophyta;Bryaceae;Rosulabryum densifolium;(Hornsch.) Broth.;-8.236389;-36.191944;Silva, TO;131;Silva, TO;ALCB044746;UFP;UFPE;84750;252
GBIF;Bryophyta;Bryaceae;Bryum orthodontioides;(Hornsch.) Broth.;-8.236389;-36.191944;Silva, TO;144;Silva, TO;28257;UFP;UFPE;84750;252
GBIF;Bryophyta;Leucobryaceae;Campylopus pilifer;(Hornsch.) Broth.;-8.236389;-36.191944;Oliveira, T;133;Oliveira, T;119259;UFP;UFPE;84750;252
GBIF;Bryophyta;Leucobryaceae;Campylopus pilifer;(Hornsch.) Broth.;-8.236389;-36.191944;Oliveira, T;172;Oliveira, T;119443;UFP;UFPE;84750;252
GBIF;Bryophyta;Leucobryaceae;Campylopus pilifer;(Hornsch.) Broth.;-8.236389;-36.191944;Oliveira, T;178;Oliveira, T;112899;UFP;UFPE;84750;252
GBIF;Bryophyta;Leucobryaceae;Campylopus savannarum;(Hornsch.) Broth.;-8.236389;-36.191944;Oliveira, T;130;Oliveira, T;119581;UFP;UFPE;84750;252
GBIF;Bryophyta;Leucobryaceae;Campylopus savannarum;(Hornsch.) Broth.;-8.236389;-36.191944;Oliveira, T;132;Oliveira, T;119668;UFP;UFPE;84750;252
GBIF;Bryophyta;Leucobryaceae;Campylopus savannarum;(Taylor) Broth.;-8.236389;-36.191944;Oliveira, T;138;Oliveira, T;119626;UFP;UFPE;84750;252
GBIF;Bryophyta;Leucobryaceae;Campylopus savannarum;(Taylor) Broth.;-8.236389;-36.191944;Oliveira, T;139;Oliveira, T;119597;UFP;UFPE;84750;252
GBIF;Bryophyta;Leucobryaceae;Campylopus savannarum;(Taylor) Broth.;-8.236389;-36.191944;Oliveira, T;140;Oliveira, T;119632;UFP;UFPE;84750;252
GBIF;Bryophyta;Leucobryaceae;Campylopus savannarum;(Taylor) Broth.;-8.236389;-36.191944;Oliveira, T;141;Oliveira, T;119645;UFP;UFPE;84750;252
GBIF;Bryophyta;Leucobryaceae;Campylopus savannarum;(Taylor) Broth.;-8.236389;-36.191944;Oliveira, T;142;Oliveira, T;119639;UFP;UFPE;84750;252
GBIF;Bryophyta;Leucobryaceae;Campylopus savannarum;(Taylor) Broth.;-8.236389;-36.191944;Oliveira, T;143;Oliveira, T;119637;UFP;UFPE;84750;252
GBIF;Bryophyta;Leucobryaceae;Campylopus savannarum;(Taylor) Broth.;-8.236389;-36.191944;Oliveira, T;153;Oliveira, T;119635;UFP;UFPE;84750;252
GBIF;Bryophyta;Leucobryaceae;Campylopus savannarum;(Taylor) Broth.;-8.236389;-36.191944;Oliveira, T;159;Oliveira, T;119613;UFP;UFPE;84750;252
GBIF;Bryophyta;Leucobryaceae;Campylopus savannarum;(Taylor) Broth.;-8.236389;-36.191944;Oliveira, T;160;Oliveira, T;119606;UFP;UFPE;84750;252
GBIF;Bryophyta;Leucobryaceae;Campylopus savannarum;(Taylor) Broth.;-8.236389;-36.191944;Oliveira, T;163;Oliveira, T;119561;UFP;UFPE;84750;252
GBIF;Bryophyta;Leucobryaceae;Campylopus savannarum;(Hook.) Broth.;-8.236389;-36.191944;Oliveira, T;164;Oliveira, T;119546;UFP;UFPE;84750;252
GBIF;Bryophyta;Leucobryaceae;Campylopus savannarum;(Hook.) Spruce;-8.236389;-36.191944;Oliveira, T;167;Oliveira, T;119511;UFP;UFPE;84750;252
GBIF;Bryophyta;Leucobryaceae;Campylopus savannarum;(Hook.) Spruce;-8.236389;-36.191944;Oliveira, T;168;Oliveira, T;119340;UFP;UFPE;84750;252
GBIF;Bryophyta;Leucobryaceae;Campylopus savannarum;(Hook.) Spruce;-8.236389;-36.191944;Oliveira, T;173;Oliveira, T;119343;UFP;UFPE;84750;252
GBIF;Bryophyta;Leucobryaceae;Campylopus savannarum;(Hook.) Spruce;-8.236389;-36.191944;Oliveira, T;175;Oliveira, T;119345;UFP;UFPE;84750;252
GBIF;Bryophyta;Leucobryaceae;Campylopus savannarum;(Hook.) Spruce;-8.236389;-36.191944;Oliveira, T;A8125;Oliveira, T;119276;UFP;UFPE;84750;252
GBIF;Bryophyta;Leucobryaceae;Campylopus savannarum;(Hook.) Spruce;-8.236389;-36.191944;Silva, TO;124;Silva, TO;119275;UFP;UFPE;84750;252
GBIF;Bryophyta;Leucobryaceae;Campylopus savannarum;(Hook.) Spruce;-8.236389;-36.191944;Silva, TO;135;Silva, TO;119467;UFP;UFPE;84750;252
GBIF;Bryophyta;Leucobryaceae;Campylopus savannarum;(Hook.) Spruce;-8.236389;-36.191944;Silva, TO;137;Silva, TO;119617;UFP;UFPE;84750;252
GBIF;Bryophyta;Leucobryaceae;Campylopus savannarum;(Hook.) Spruce;-8.236389;-36.191944;Oliveira, T;149;Silva, TO;119562;UFP;UFPE;84750;252
GBIF;Bryophyta;Leucobryaceae;Campylopus savannarum;(Hook.) Spruce;-8.236389;-36.191944;Silva, TO;151;Silva, TO;119547;UFP;UFPE;84750;252
GBIF;Bryophyta;Leucobryaceae;Campylopus savannarum;(Hook.) Spruce;-8.236389;-36.191944;Silva, TO;158;Silva, TO;119633;UFP;UFPE;84750;252
GBIF;Bryophyta;Leucobryaceae;Campylopus savannarum;(Hook.) Spruce;-8.236389;-36.191944;Silva, TO;161;Silva, TO;119603;UFP;UFPE;84750;252
GBIF;Bryophyta;Leucobryaceae;Campylopus savannarum;(Hook.) Spruce;-8.236389;-36.191944;Silva, TO;169;Silva, TO;119355;UFP;UFPE;84750;252
GBIF;Bryophyta;Leucobryaceae;Campylopus savannarum;(Hook.) Spruce;-8.236389;-36.191944;Silva, TO;170;Silva, TO;119638;UFP;UFPE;84750;252
GBIF;Bryophyta;Leucobryaceae;Campylopus savannarum;(Hook.) Spruce;-8.236389;-36.191944;Silva, TO;184;Silva, TO;119296;UFP;UFPE;84750;252
GBIF;Bryophyta;Leucobryaceae;Campylopus savannarum;(Hook.) Spruce;-8.236389;-36.191944;Silva, TO;185;Silva, TO;119424;UFP;UFPE;84750;252
GBIF;Bryophyta;Leucobryaceae;Campylopus savannarum;(Hook.) Spruce;-8.236389;-36.191944;Silva, TO;189;Silva, TO;119498;UFP;UFPE;84750;252
GBIF;Bryophyta;Leucobryaceae;Campylopus surinamensis;(Hook.) Spruce;-8.236389;-36.191944;Oliveira, T;152;Oliveira, T;119277;UFP;UFPE;84750;252
GBIF;Bryophyta;Stereophyllaceae;Entodontopsis leucostega;(Hook.) Spruce;-8.236389;-36.191944;Silva, TO;129;Silva, TO;51401;UFP;UFPE;84750;252
GBIF;Bryophyta;Stereophyllaceae;Entodontopsis leucostega;(Hook.) Spruce;-8.236389;-36.191944;Silva, TO;134;Silva, TO;51414;UFP;UFPE;84750;252
GBIF;Bryophyta;Stereophyllaceae;Entodontopsis leucostega;(Hook.) Spruce;-8.236389;-36.191944;Silva, TO;171;Silva, TO;51432;UFP;UFPE;84750;252
GBIF;Marchantiophyta;Frullaniaceae;Frullania glomerata;(Willd. ex F. Weber) Schiffn.;-8.236389;-36.191944;Silva, TO;125;Silva, T. O.;63476;UFP;UFPE;84750;252
GBIF;Marchantiophyta;Frullaniaceae;Frullania kunzei;(Lindenb. & Gottsche) A. Evans;-8.236389;-36.191944;Silva, TO;117;Silva, T. O.;72478;UFP;UFPE;84750;252
GBIF;Marchantiophyta;Frullaniaceae;Frullania riojaneirensis;Steph. ex F.A. McCormick;-8.236389;-36.191944;Silva, TO;118;Silva, T. O.;71867;UFP;UFPE;84750;252
GBIF;Bryophyta;Sematophyllaceae;Microcalpe subsimplex;Steph. ex F.A. McCormick;-8.236389;-36.191944;Silva, TO;123;Silva, TO;133029;UFP;UFPE;84750;252
GBIF;Bryophyta;Bartramiaceae;Philonotis cernua;Steph. ex F.A. McCormick;-8.236389;-36.191944;Silva, TO;147;Silva, TO;71897;UFP;UFPE;84750;252
GBIF;Bryophyta;Bartramiaceae;Philonotis hastata;Steph. ex F.A. McCormick;-8.236389;-36.191944;Silva, TO;190;Silva, TO;76226;UFP;UFPE;84750;252
GBIF;Marchantiophyta;Plagiochilaceae;Plagiochila raddiana;Steph. ex F.A. McCormick;-8.236389;-36.191944;Silva, TO;119;Silva, T. O.;191168;UFP;UFPE;84750;252
GBIF;Marchantiophyta;Ricciaceae;Riccia vitalii;Nees;-8.236389;-36.191944;Oliveira, T;A58;Oliveira, T;85004;UFP;UFPE;84750;252
GBIF;Marchantiophyta;Ricciaceae;Riccia vitalii;Nees;-8.236389;-36.191944;Silva, TO;193;Silva, T. O.;84997E;UFP;UFPE;84750;252
GBIF;Bryophyta;Cryphaeaceae;Schoenobryum concavifolium;Nees;-8.236389;-36.191944;Silva, TO;120;Silva, TO;84872A;UFP;UFPE;84750;252
GBIF;Bryophyta;Cryphaeaceae;Schoenobryum concavifolium;Sull.;-8.236389;-36.191944;Silva, TO;121;Silva, TO;84868A;UFP;UFPE;84750;252
GBIF;Bryophyta;Cryphaeaceae;Schoenobryum concavifolium;Sull.;-8.236389;-36.191944;Silva, TO;122;Silva, TO;84874A;UFP;UFPE;84750;252
GBIF;Marchantiophyta;Corsiniaceae;Cronisia weddellii;Sull.;-7.748069315;-36.08537202;"Alfons Schafer-Verwimp;Inge Verwimp";12978;Vital, D. M.;133014;MOBOT;MO;85280;253
GBIF;Bryophyta;Bryaceae;Rosulabryum billarderii;(Hampe) W.D. Reese;-8.489722;-36.059444;"Yano, O.; Andrade Lima, D.";2804;Yano, O.;123707;SP-BRYOPHYTA;IBt;85382;254
GBIF;Marchantiophyta;Lejeuneaceae;Ceratolejeunea guianensis;(Hampe) W.D. Reese;-8.489722;-36.059444;"Yano, O.; Andrade Lima, D.";2794;Yano, O.;119683;SP-BRYOPHYTA;IBt;85382;254
GBIF;Marchantiophyta;Lejeuneaceae;Cheilolejeunea acutangula;(Hampe) W.D. Reese;-8.489722;-36.059444;"Yano, O.; Andrade Lima, D.";2799;Yano, O.;119388;SP-BRYOPHYTA;IBt;85382;254
GBIF;Marchantiophyta;Lophocoleaceae;Cryptolophocolea martiana;(Hampe) W.D. Reese;-8.489722;-36.059444;"Yano, O.; Andrade Lima, D.";2798;Yano, O.;089584;SP-BRYOPHYTA;IBt;85382;254
GBIF;Bryophyta;Daltoniaceae;Daltonia splachnoides;(Hampe) W.D. Reese;-8.489722;-36.059444;"Yano, O.; Andrade Lima, D.";2796;Yano, O.;72571;SP-BRYOPHYTA;IBt;85382;254
GBIF;Marchantiophyta;Frullaniaceae;Frullania caulisequa;(Hampe) W.D. Reese;-8.489722;-36.059444;"Yano, O.; Andrade Lima, D.";2793;Yano, O.;71667;SP-BRYOPHYTA;IBt;85382;254
GBIF;Marchantiophyta;Lejeuneaceae;Lejeunea acanthogona var. grossiretis;(Hampe) W.D. Reese;-8.489722;-36.059444;"Yano, O.; Andrade Lima, D.";2786;Peralta, D. F.;79233;SP-BRYOPHYTA;IBt;85382;254
GBIF;Marchantiophyta;Lejeuneaceae;Lejeunea flava;(Hampe) W.D. Reese;-8.489722;-36.059444;"Yano, O.; Andrade Lima, D.";2795;Yano, O.;51567;SP-BRYOPHYTA;IBt;85382;254
GBIF;Marchantiophyta;Lejeuneaceae;Lejeunea phyllobola;(Hampe) W.D. Reese;-8.489722;-36.059444;"Yano, O.; Andrade Lima, D.";2789;Yano, O.;79655;SP-BRYOPHYTA;IBt;85382;254
GBIF;Marchantiophyta;Lejeuneaceae;Lepidolejeunea involuta;(Hampe) W.D. Reese;-8.489722;-36.059444;"Yano, O.; Andrade Lima, D.";2792;Peralta, D. F.;79425;SP-BRYOPHYTA;IBt;85382;254
GBIF;Bryophyta;Callicostaceae;Lepidopilidium nitens;(Hampe) W.D. Reese;-8.489722;-36.059444;"Yano, O.; Andrade Lima, D.";2805;Yano, O.;109049;SP-BRYOPHYTA;IBt;85382;254
GBIF;Bryophyta;Callicostaceae;Lepidopilum scabrisetum;(Hampe) W.D. Reese;-8.489722;-36.059444;"Yano, O.; Andrade Lima, D.";2784;"Yano, O.; Peralta, D.F.; Bordin, J. (2010)";109053;SP-BRYOPHYTA;IBt;85382;254
GBIF;Bryophyta;Dicranaceae;Leucoloma serrulatum;(Hampe) W.D. Reese;-8.489722;-36.059444;"Yano, O.; Andrade Lima, D.";2790;Yano, O.;123692;SP-BRYOPHYTA;IBt;85382;254
GBIF;Marchantiophyta;Metzgeriaceae;Metzgeria albinea;(Hampe) W.D. Reese;-8.489722;-36.059444;"Yano, O.; Andrade Lima, D.";2797;Yano, O.;42154;SP-BRYOPHYTA;IBt;85382;254
GBIF;Marchantiophyta;Metzgeriaceae;Metzgeria leptoneura;(Hampe) W.D. Reese;-8.489722;-36.059444;"Yano, O.; Andrade Lima, D.";2783;Costa, D.P.;42088;SP-BRYOPHYTA;IBt;85382;254
GBIF;Bryophyta;Sematophyllaceae;Microcalpe subsimplex;(Hampe) W.D. Reese;-8.489722;-36.059444;"Yano, O.; Andrade Lima, D.";2800;Yano, O.;146853;SP-BRYOPHYTA;IBt;85382;254
GBIF;Anthocerotophyta;Notothyladaceae;Phaeoceros laevis;(Hampe) W.D. Reese;-8.489722;-36.059444;"Yano, O.; Andrade Lima, D.";2801;"Yano, O.; Andrade Lima, D.";71833;SP-BRYOPHYTA;IBt;85382;254
GBIF;Anthocerotophyta;Notothyladaceae;Phaeoceros laevis;(Hampe) W.D. Reese;-8.489722;-36.059444;"Yano, O.; Andrade Lima, D.";2803;"Yano, O.; Andrade Lima, D.";71904;SP-BRYOPHYTA;IBt;85382;254
GBIF;Marchantiophyta;Plagiochilaceae;Plagiochila rutilans;(Hampe) W.D. Reese;-8.489722;-36.059444;"Yano, O.; Andrade Lima, D.";2791;Peralta, D. F.;191162;SP-BRYOPHYTA;IBt;85382;254
GBIF;Bryophyta;Racopilaceae;Racopilum tomentosum;(Hampe) W.D. Reese;-8.489722;-36.059444;"Yano, O.; Andrade Lima, D.";2785;Yano, O.;76242;SP-BRYOPHYTA;IBt;85382;254
GBIF;Marchantiophyta;Pallaviciniaceae;Symphyogyna brasiliensis;(Hook.) Schwägr.;-8.489722;-36.059444;"Yano, O.; Andrade Lima, D.";2802;Yano, O.;88407;SP-BRYOPHYTA;IBt;85382;254
GBIF;Bryophyta;Calymperaceae;Syrrhopodon incompletus;Mont.;-8.489722;-36.059444;"Yano, O.; Andrade Lima, D.";2782;Yano, O.;73037;SP-BRYOPHYTA;IBt;85382;254
GBIF;Bryophyta;Calymperaceae;Syrrhopodon prolifer;Mont.;-8.489722;-36.059444;"Yano, O.; Andrade Lima, D.";2787;Yano, O.;88388;SP-BRYOPHYTA;IBt;85382;254
GBIF;Marchantiophyta;Lejeuneaceae;Bryopteris diffusa;Mont.;-8.356596629;-36.02888931;"Yano, O.; Andrade Lima, D.";2773;Yano, O.;87506;SP-BRYOPHYTA;IBt;85514;255
GBIF;Marchantiophyta;Lejeuneaceae;Bryopteris diffusa;Mont.;-8.356596629;-36.02888931;"Yano, O; Andrade Lima, D";2773;Yano, O.;132997;HUCS;UCS;85514;255
GBIF;Marchantiophyta;Lejeuneaceae;Bryopteris filicina;Mont.;-8.356596629;-36.02888931;"Yano, O.; Andrade Lima, D.";2777;Yano, O.;133002;SP-BRYOPHYTA;IBt;85514;255
GBIF;Marchantiophyta;Lejeuneaceae;Bryopteris filicina;Mont.;-8.356596629;-36.02888931;"Yano, O; Andrade Lima, D";2777;Yano, O.;87505;HUCS;UCS;85514;255
GBIF;Marchantiophyta;Lejeuneaceae;Bryopteris filicina;Mont.;-8.356596629;-36.02888931;"Yano, O.; Andrade Lima, D.";2749;Yano, O.;090011;SP-BRYOPHYTA;IBt;85514;255
GBIF;Marchantiophyta;Lejeuneaceae;Bryopteris filicina;Mont.;-8.356596629;-36.02888931;"Yano, O.; Andrade Lima, D.";2778;Yano, O.;090010;SP-BRYOPHYTA;IBt;85514;255
GBIF;Marchantiophyta;Lejeuneaceae;Bryopteris filicina;Mont.;-8.356596629;-36.02888931;"Yano, O; Andrade Lima, D";2778;Yano, O.;137654;HUCS;UCS;85514;255
GBIF;Bryophyta;Bryaceae;Rosulabryum billarderii;Mont.;-8.356614624;-36.02893393;"Yano, O.; Andrade Lima, D.";2739;Yano, O.;123706;SP-BRYOPHYTA;IBt;85514;255
GBIF;Marchantiophyta;Lejeuneaceae;Cheilolejeunea filiformis;Mont.;-8.356596629;-36.02888931;"Yano, O.; Andrade Lima, D.";2781;Yano, O.;119416;SP-BRYOPHYTA;IBt;85514;255
GBIF;Marchantiophyta;Lejeuneaceae;Cheilolejeunea filiformis;Mont.;-8.356596629;-36.02888931;"Yano, O.; Andrade Lima, D.";2755;Yano, O.;119318;SP-BRYOPHYTA;IBt;85514;255
GBIF;Marchantiophyta;Lejeuneaceae;Cheilolejeunea filiformis;Mont.;-8.356596629;-36.02888931;"Yano, O.; Andrade Lima, D.";2762;Yano, O.;119321;SP-BRYOPHYTA;IBt;85514;255
GBIF;Marchantiophyta;Lejeuneaceae;Cheilolejeunea rigidula;Mont.;-8.356596629;-36.02888931;"Yano, O.; Andrade Lima, D.";2748;Yano, O.;119401;SP-BRYOPHYTA;IBt;85514;255
GBIF;Marchantiophyta;Lejeuneaceae;Cheilolejeunea xanthocarpa;Mont.;-8.356596629;-36.02888931;"Yano, O.; Andrade Lima, D.";2751;Yano, O.;90097647;SP-BRYOPHYTA;IBt;85514;255
GBIF;Bryophyta;Hypnaceae;Chryso-hypnum elegantulum;Mont.;-8.356614624;-36.02893393;"Yano, O.; Andrade Lima, D.";2752;"Yano, O.; Peralta, D.F.; Bordin, J. (2010)";64118;SP-BRYOPHYTA;IBt;85514;255
GBIF;Marchantiophyta;Lejeuneaceae;Cololejeunea paucifolia;Mont.;-8.356596629;-36.02888931;"Yano, O.; Andrade Lima, D.";2774;Yano, O.;131872;SP-BRYOPHYTA;IBt;85514;255
GBIF;Bryophyta;Hookeriaceae;Crossomitrium patrisiae;Mont.;-8.356614624;-36.02893393;"Yano, O.; Andrade Lima, D.";2737;Yano, O.;131869;SP-BRYOPHYTA;IBt;85514;255
GBIF;Bryophyta;Hookeriaceae;Crossomitrium patrisiae;Mont.;-8.356614624;-36.02893393;"Yano, O.; Andrade Lima, D.";2771;Yano, O.;135052;SP-BRYOPHYTA;IBt;85514;255
GBIF;Bryophyta;Hookeriaceae;Crossomitrium patrisiae;Mont.;-8.356614624;-36.02893393;"Yano, O.; Andrade Lima, D.";2776;Yano, O.;146828;SP-BRYOPHYTA;IBt;85514;255
GBIF;Marchantiophyta;Lejeuneaceae;Diplasiolejeunea brunnea;Mont.;-8.356596629;-36.02888931;"Yano, O.; Andrade Lima, D.";2772;Yano, O.;79063;SP-BRYOPHYTA;IBt;85514;255
GBIF;Bryophyta;Fissidentaceae;Fissidens submarginatus;Mont.;-8.356614624;-36.02893393;"Yano, O.; Andrade Lima, D.";2740;Bordin, J.;72201;SP-BRYOPHYTA;IBt;85514;255
GBIF;Bryophyta;Fissidentaceae;Fissidens submarginatus;Mont.;-8.356614624;-36.02893393;"Yano, O.; Andrade Lima, D.";2760;Bordin, J.;72202;SP-BRYOPHYTA;IBt;85514;255
GBIF;Marchantiophyta;Frullaniaceae;Frullania kunzei;Mont.;-8.356596629;-36.02888931;"Yano, O.; Andrade Lima, D.";2766;Peralta, D. F.;72503;SP-BRYOPHYTA;IBt;85514;255
speciesLink;Bryophyta;Orthotrichaceae;Groutiella tumidula;Mont.;-8.356630797;-36.02894957;M.R. Pietrobom;5247;D.F. Peralta;84580;SJRP-BRYOPHYTA;UNESP-IBILCE;85514;255
GBIF;Bryophyta;Dicranaceae;Holomitrium crispulum;Mont.;-8.356614624;-36.02893393;"Yano, O.; Andrade Lima, D.";2738;Yano, O.;79034;SP-BRYOPHYTA;IBt;85514;255
GBIF;Marchantiophyta;Lejeuneaceae;Lejeunea serpillifolioides;Mont.;-8.356596629;-36.02888931;"Yano, O.; Andrade Lima, D.";2746;Peralta, D. F.;51428;SP-BRYOPHYTA;IBt;85514;255
GBIF;Marchantiophyta;Lejeuneaceae;Lejeunea serpillifolioides;Mont.;-8.356596629;-36.02888931;"Yano, O.; Andrade Lima, D.";2767;Yano, O.;51542;SP-BRYOPHYTA;IBt;85514;255
GBIF;Bryophyta;Callicostaceae;Lepidopilum muelleri;Mont.;-8.356614624;-36.02893393;"Yano, O.; Andrade Lima, D.";2743;"Yano, O.; Peralta, D.F.; Bordin, J. (2010)";109051;SP-BRYOPHYTA;IBt;85514;255
GBIF;Bryophyta;Leucobryaceae;Leucobryum albicans;Mont.;-8.356614624;-36.02893393;"Yano, O; Andrade Lima, D";2769;Peralta, D. F.;77747;HUCS;UCS;85514;255
GBIF;Bryophyta;Leucobryaceae;Leucobryum albicans;Mont.;-8.356614624;-36.02893393;"Yano, O; Andrade-Lima, D";2769;Peralta, D. F.;77807;ICN;UFRGS;85514;255
GBIF;Bryophyta;Leucobryaceae;Leucobryum albicans;Mont.;-8.356614624;-36.02893393;Yano, O.;143;Yano, O.;96445;SP-BRYOPHYTA;IBt;85514;255
GBIF;Bryophyta;Leucobryaceae;Leucobryum albicans;Mont.;-8.356614624;-36.02893393;"Yano, O.; Andrade Lima, D.";2768;Yano, O.;96428;SP-BRYOPHYTA;IBt;85514;255
GBIF;Bryophyta;Dicranaceae;Leucoloma cruegerianum;Mont.;-8.356614624;-36.02893393;"Yano, O.; Andrade Lima, D.";2757;Yano, O.;96439;SP-BRYOPHYTA;IBt;85514;255
GBIF;Bryophyta;Orthotrichaceae;Pseudomacromitrium cirrosum;Mont.;-8.356614624;-36.02893393;"Yano, O.; Andrade Lima, D.";2764;Yano, O.;70413;SP-BRYOPHYTA;IBt;85514;255
GBIF;Bryophyta;Orthotrichaceae;Macromitrium regnellii;Mont.;-8.356614624;-36.02893393;Yano, O.;139;Yano, O.;123703;SP-BRYOPHYTA;IBt;85514;255
GBIF;Marchantiophyta;Lejeuneaceae;Marchesinia brachiata;Mont.;-8.356596629;-36.02888931;"Yano, O.; Andrade Lima, D.";2754;Yano, O.;42101;SP-BRYOPHYTA;IBt;85514;255
GBIF;Bryophyta;Meteoriaceae;Meteorium deppei;Mont.;-8.356614624;-36.02893393;"Yano, O.; Andrade Lima, D.";2759;Yano, O.;42102;SP-BRYOPHYTA;IBt;85514;255
GBIF;Marchantiophyta;Metzgeriaceae;Metzgeria albinea;Mont.;-8.356596629;-36.02888931;"Yano, O.; Andrade Lima, D.";2761;Costa, D.P.;42125;SP-BRYOPHYTA;IBt;85514;255
GBIF;Marchantiophyta;Metzgeriaceae;Metzgeria albinea;Mont.;-8.356596629;-36.02888931;Costa, D. P.;3416;Costa, D.P.;42158;RB;JBRJ;85514;255
GBIF;Marchantiophyta;Metzgeriaceae;Metzgeria ciliata;Mont.;-8.356596629;-36.02888931;Costa, D. P.;3419;Costa, D.P.;42099;RB;JBRJ;85514;255
GBIF;Marchantiophyta;Metzgeriaceae;Metzgeria furcata;Mont.;-8.356596629;-36.02888931;Costa, D. P.;3415;Costa, D.P.;133020;RB;JBRJ;85514;255
GBIF;Marchantiophyta;Metzgeriaceae;Metzgeria lechleri;Mont.;-8.356596629;-36.02888931;Costa, D. P.;3420;Costa, D.P.;100474359;RB;JBRJ;85514;255
GBIF;Marchantiophyta;Metzgeriaceae;Metzgeria myriopoda;Mont.;-8.356596629;-36.02888931;Costa, D. P.;3418;Costa, D.P.;42087;RB;JBRJ;85514;255
GBIF;Marchantiophyta;Metzgeriaceae;Metzgeria myriopoda;Mont.;-8.356596629;-36.02888931;Costa, D. P.;3417;Costa, D.P.;42234;RB;JBRJ;85514;255
GBIF;Marchantiophyta;Metzgeriaceae;Metzgeria uncigera;Mont.;-8.356596629;-36.02888931;"Yano, O.; Andrade Lima, D.";2775;Costa, D.P.;42090;SP-BRYOPHYTA;IBt;85514;255
GBIF;Bryophyta;Octoblepharaceae;Octoblepharum albidum;Mont.;-8.356614624;-36.02893393;Yano, O.;141;Yano, O.;71715;SP-BRYOPHYTA;IBt;85514;255
GBIF;Bryophyta;Octoblepharaceae;Octoblepharum albidum;Mont.;-8.356614624;-36.02893393;"Yano, O.; Andrade Lima, D.";2753;Yano, O.;70619;SP-BRYOPHYTA;IBt;85514;255
GBIF;Bryophyta;Octoblepharaceae;Octoblepharum pulvinatum;Mont.;-8.356614624;-36.02893393;"Yano, O.; Andrade Lima, D.";2756;Yano, O.;191311;SP-BRYOPHYTA;IBt;85514;255
GBIF;Bryophyta;Pterobryaceae;Orthostichidium pentastichum;Mont.;-8.356614624;-36.02893393;"Yano, O.; Andrade Lima, D.";2758;Yano, O.;76280;SP-BRYOPHYTA;IBt;85514;255
GBIF;Bryophyta;Pterobryaceae;Orthostichopsis tetragona;Mont.;-8.356614624;-36.02893393;"Yano, O.; Andrade Lima, D.";2763;Yano, O.;71839;SP-BRYOPHYTA;IBt;85514;255
GBIF;Bryophyta;Phyllogoniaceae;Phyllogonium viride;Mont.;-8.356614624;-36.02893393;"Yano, O.; Andrade Lima, D.";2770;Yano, O.;75872;SP-BRYOPHYTA;IBt;85514;255
speciesLink;Bryophyta;Phyllogoniaceae;Phyllogonium viride;Mont.;-8.356578128;-36.02886827;"Kessous, I.M.; Souza, B.P. & Couto, D.R.";;Prudencio, R.X.A.;75928;R-BRYOPHYTA;MN;85514;255
GBIF;Marchantiophyta;Plagiochilaceae;Plagiochila martiana;Mont.;-8.356596629;-36.02888931;"Yano, O.; Andrade Lima, D.";2741;Peralta, D. F.;191205;SP-BRYOPHYTA;IBt;85514;255
GBIF;Marchantiophyta;Plagiochilaceae;Plagiochila martiana;Mont.;-8.356596629;-36.02888931;"Yano, O.; Andrade Lima, D.";2742;Peralta, D. F.;191204;SP-BRYOPHYTA;IBt;85514;255
GBIF;Marchantiophyta;Plagiochilaceae;Plagiochila martiana;Mont.;-8.356596629;-36.02888931;"Yano, O.; Andrade Lima, D.";2744;Peralta, D. F.;191207;SP-BRYOPHYTA;IBt;85514;255
GBIF;Marchantiophyta;Plagiochilaceae;Plagiochila martiana;Mont.;-8.356596629;-36.02888931;"Yano, O.; Andrade Lima, D.";2738a;Yano, O.;1500;SP-BRYOPHYTA;IBt;85514;255
GBIF;Bryophyta;Neckeraceae;Porotrichum longirostre;Mitt.;-8.356614624;-36.02893393;"Yano, O.; Andrade Lima, D.";2736;Yano, O.;191481;SP-BRYOPHYTA;IBt;85514;255
GBIF;Marchantiophyta;Aneuraceae;Riccardia digitiloba;Schwägr.;-8.356596629;-36.02888931;"Yano, O.; Andrade Lima, D.";2764;Yano, O.;84990A;SP-BRYOPHYTA;IBt;85514;255
GBIF;Marchantiophyta;Lejeuneaceae;Schiffneriolejeunea polycarpa;Schwägr.;-8.356596629;-36.02888931;"Yano, O.; Andrade Lima, D.";2745;Yano, O.;85022A;SP-BRYOPHYTA;IBt;85514;255
GBIF;Bryophyta;Leskeaceae;Schwetschkea fabronioides;Schwägr.;-8.356614624;-36.02893393;K. C. Porto;2724;Buck, W. R.;84853C;NY;NYBG;85514;255
GBIF;Bryophyta;Brachytheciaceae;Squamidium leucotrichum;Schwägr.;-8.356614624;-36.02893393;"Yano, O.; Andrade Lima, D.";2750;Yano, O.;84862C;SP-BRYOPHYTA;IBt;85514;255
GBIF;Bryophyta;Calymperaceae;Syrrhopodon parasiticus;Schwägr.;-8.356614624;-36.02893393;"Yano, O.; Andrade Lima, D.";2747;Yano, O.;191258;SP-BRYOPHYTA;IBt;85514;255
GBIF;Marchantiophyta;Lepidoziaceae;Telaranea diacantha;Schwägr.;-8.356596629;-36.02888931;"Yano, O.; Andrade Lima, D.";2734;Yano, O.;188025;SP-BRYOPHYTA;IBt;85514;255
GBIF;Marchantiophyta;Lepidoziaceae;Telaranea nematodes;Schwägr.;-8.356596629;-36.02888931;"Yano, O.; Andrade Lima, D.";2770;Yano, O.;13898;SP-BRYOPHYTA;IBt;85514;255
GBIF;Anthocerotophyta;Anthocerotaceae;Anthoceros punctatus;Schwägr.;-7.905547237;-36.02044864;"Yano, O.; Andrade Lima, D.";2609;"Yano, O.; Andrade Lima, D.";50122;SP-BRYOPHYTA;IBt;85530;256
GBIF;Marchantiophyta;Lejeuneaceae;Bryopteris diffusa;Schwägr.;-7.905547237;-36.02044864;"Yano, O.; Andrade Lima, D.";2629;Yano, O.;132999;SP-BRYOPHYTA;IBt;85530;256
GBIF;Marchantiophyta;Lejeuneaceae;Bryopteris diffusa;Schwägr.;-7.905547237;-36.02044864;"Yano, O.; Andrade Lima, D.";2605;Yano, O.;133001;SP-BRYOPHYTA;IBt;85530;256
GBIF;Bryophyta;Bryaceae;Bryum argenteum;Schwägr.;-7.905547237;-36.02044864;"Yano, O.; Brito, J.Z.";2976;Yano, O.;28925;SP-BRYOPHYTA;IBt;85530;256
GBIF;Bryophyta;Bryaceae;Bryum argenteum;Schwägr.;-7.905547237;-36.02044864;"Yano, O.; Andrade Lima, D.";2608;Yano, O.;49699;SP-BRYOPHYTA;IBt;85530;256
GBIF;Bryophyta;Bryaceae;Gemmabryum coronatum;Schwägr.;-7.905547237;-36.02044864;"Yano, O.; Andrade Lima, D.";2612;Yano, O.;49693;SP-BRYOPHYTA;IBt;85530;256
GBIF;Bryophyta;Leucobryaceae;Campylopus arctocarpus;Schwägr.;-7.905547237;-36.02044864;"Yano, O.; Andrade Lima, D.";2633;Yano, O.;119247;SP-BRYOPHYTA;IBt;85530;256
GBIF;Bryophyta;Leucobryaceae;Campylopus pilifer;Schwägr.;-7.905547237;-36.02044864;"Yano, O.; Andrade Lima, D.";2611;Yano, O.;119459;SP-BRYOPHYTA;IBt;85530;256
GBIF;Marchantiophyta;Cephaloziellaceae;Cephaloziella fragillima;Schwägr.;-7.905547237;-36.02044864;"Yano, O.; Andrade Lima, D.";2642;Yano, O.;119452;SP-BRYOPHYTA;IBt;85530;256
GBIF;Marchantiophyta;Lejeuneaceae;Cheilolejeunea filiformis;Schwägr.;-7.905547237;-36.02044864;"Yano, O.; Andrade Lima, D.";2622;Yano, O.;119499;SP-BRYOPHYTA;IBt;85530;256
GBIF;Marchantiophyta;Lejeuneaceae;Cheilolejeunea filiformis;Schwägr.;-7.905547237;-36.02044864;"Yano, O.; Andrade Lima, D.";2600;Yano, O.;119582;SP-BRYOPHYTA;IBt;85530;256
GBIF;Marchantiophyta;Lejeuneaceae;Cheilolejeunea xanthocarpa;(Hampe) W.D. Reese;-7.905547237;-36.02044864;"Yano, O.; Andrade Lima, D.";2617;Yano, O.;CINC-B-0015427;SP-BRYOPHYTA;IBt;85530;256
GBIF;Marchantiophyta;Lejeuneaceae;Cheilolejeunea xanthocarpa;(Hampe) W.D. Reese;-7.905547237;-36.02044864;"Yano, O.; Andrade Lima, D.";2597;Yano, O.;TENN-B-0109054;SP-BRYOPHYTA;IBt;85530;256
GBIF;Marchantiophyta;Lejeuneaceae;Cheilolejeunea xanthocarpa;Mont.;-7.905547237;-36.02044864;O. Yano;2617;Yano, O.;131866;NY;NYBG;85530;256
GBIF;Bryophyta;Hookeriaceae;Crossomitrium patrisiae;Mont.;-7.905547237;-36.02044864;"Yano, O.; Andrade Lima, D.";2627;Yano, O.;146800;SP-BRYOPHYTA;IBt;85530;256
GBIF;Bryophyta;Hookeriaceae;Crossomitrium patrisiae;Mont.;-7.905547237;-36.02044864;"Yano, O.; Andrade Lima, D.";2637;Yano, O.;77380;SP-BRYOPHYTA;IBt;85530;256
GBIF;Bryophyta;Hookeriaceae;Crossomitrium patrisiae;Mont.;-7.905547237;-36.02044864;"Yano, O.; Andrade Lima, D.";2641;Yano, O.;72527;SP-BRYOPHYTA;IBt;85530;256
GBIF;Bryophyta;Hookeriaceae;Crossomitrium patrisiae;Mont.;-7.905547237;-36.02044864;"Yano, O.; Andrade Lima, D.";2649;Yano, O.;133024;SP-BRYOPHYTA;IBt;85530;256
GBIF;Marchantiophyta;Lejeuneaceae;Diplasiolejeunea brunnea;Mont.;-7.905547237;-36.02044864;"Yano, O.; Andrade Lima, D.";2647;Peralta, D. F.;79059;SP-BRYOPHYTA;IBt;85530;256
GBIF;Marchantiophyta;Lejeuneaceae;Diplasiolejeunea brunnea;Mont.;-7.905547237;-36.02044864;"Yano, O.; Andrade Lima, D.";2607;Yano, O.;79060;SP-BRYOPHYTA;IBt;85530;256
GBIF;Marchantiophyta;Lejeuneaceae;Drepanolejeunea anoplantha;Mont.;-7.905547237;-36.02044864;"Yano, O.; Andrade Lima, D.";2638;Yano, O.;61625;SP-BRYOPHYTA;IBt;85530;256
GBIF;Bryophyta;Funariaceae;Entosthodon bonplandii;Mont.;-7.905547237;-36.02044864;"Yano, O.; Andrade Lima, D.";2613;Yano, O.;51400;SP-BRYOPHYTA;IBt;85530;256
GBIF;Bryophyta;Fabroniaceae;Fabronia ciliaris;Mont.;-7.903056;-36.044167;"Yano, O.; Andrade Lima, D.";2593;Yano, O.;51635;SP-BRYOPHYTA;IBt;85530;256
GBIF;Bryophyta;Fissidentaceae;Fissidens hornschuchii;Mont.;-7.905547237;-36.02044864;"Yano, O.; Andrade Lima, D.";2978;Bordin, J.;77954;SP-BRYOPHYTA;IBt;85530;256
GBIF;Bryophyta;Fissidentaceae;Fissidens submarginatus;Mont.;-7.905547237;-36.02044864;"Yano, O.; Andrade Lima, D.";2977;Bordin, J.;72204;SP-BRYOPHYTA;IBt;85530;256
GBIF;Bryophyta;Meteoriaceae;Floribundaria flaccida;Mont.;-7.905547237;-36.02044864;"Yano, O.; Andrade Lima, D.";2628;Yano, O.;71954;SP-BRYOPHYTA;IBt;85530;256
GBIF;Marchantiophyta;Frullaniaceae;Frullania caulisequa;Mont.;-7.905547237;-36.02044864;"Yano, O.; Andrade Lima, D.";2598;Yano, O.;71674;SP-BRYOPHYTA;IBt;85530;256
GBIF;Marchantiophyta;Frullaniaceae;Frullania caulisequa;Mont.;-7.905547237;-36.02044864;"Yano, O.; Andrade Lima, D.";2599;Yano, O.;71670;SP-BRYOPHYTA;IBt;85530;256
GBIF;Marchantiophyta;Frullaniaceae;Frullania kunzei;Mont.;-7.905547237;-36.02044864;"Yano, O.; Andrade Lima, D.";2620;Yano, O.;96214;SP-BRYOPHYTA;IBt;85530;256
GBIF;Marchantiophyta;Frullaniaceae;Frullania obscura;Mont.;-7.905547237;-36.02044864;"Yano, O.; Andrade Lima, D.";2615;Yano, O.;63469;SP-BRYOPHYTA;IBt;85530;256
GBIF;Marchantiophyta;Frullaniaceae;Frullania riojaneirensis;Mont.;-7.905547237;-36.02044864;"Yano, O.; Andrade Lima, D.";2594;Yano, O.;71878;SP-BRYOPHYTA;IBt;85530;256
GBIF;Marchantiophyta;Lejeuneaceae;Frullanoides tristis;(Sw. ex Brid.) Besch.;-7.905547237;-36.02044864;"Yano, O.; Andrade Lima, D.";2626;Yano, O.;RB01186829;SP-BRYOPHYTA;IBt;85530;256
GBIF;Bryophyta;Sematophyllaceae;Jirivanaea galipensis;(Sw. ex Brid.) Besch.;-7.905547237;-36.02044864;"Yano, O.; Andrade Lima, D.";2619;Yano, O.;109035;SP-BRYOPHYTA;IBt;85530;256
GBIF;Bryophyta;Callicostaceae;Lepidopilum muelleri;(Sw. ex Brid.) Besch.;-7.905547237;-36.02044864;"Yano, O.; Andrade Lima, D.";2630;"Yano, O.; Peralta, D.F.; Bordin, J. (2010)";109050;SP-BRYOPHYTA;IBt;85530;256
GBIF;Marchantiophyta;Lejeuneaceae;Leptolejeunea exocellata;(Sw. ex Brid.) Besch.;-7.905547237;-36.02044864;"Yano, O.; Andrade Lima, D.";2645;Peralta, D. F.;77780;SP-BRYOPHYTA;IBt;85530;256
GBIF;Marchantiophyta;Lejeuneaceae;Leptolejeunea exocellata;(Sw. ex Brid.) Besch.;-7.905547237;-36.02044864;"Yano, O.; Andrade Lima, D.";2646;Peralta, D. F.;77782;SP-BRYOPHYTA;IBt;85530;256
GBIF;Marchantiophyta;Lejeuneaceae;Leptolejeunea exocellata;(Sw. ex Brid.) Besch.;-7.905547237;-36.02044864;"Yano, O.; Andrade Lima, D.";2645a;Yano, O.;77810;SP-BRYOPHYTA;IBt;85530;256
GBIF;Marchantiophyta;Lejeuneaceae;Leptolejeunea exocellata;(Sw. ex Brid.) Besch.;-7.905547237;-36.02044864;"Yano, O.; Andrade Lima, D.";2648;Yano, O.;79105;SP-BRYOPHYTA;IBt;85530;256
GBIF;Marchantiophyta;Lejeuneaceae;Leptolejeunea exocellata;(Sw. ex Brid.) Besch.;-7.905547237;-36.02044864;"Yano, O; Andrade-Lima, D";2648;Yano, O.;79430;HUFABC;UFABC;85530;256
GBIF;Bryophyta;Orthotrichaceae;Macrocoma frigida;(Sw. ex Brid.) Besch.;-7.905547237;-36.02044864;"Yano, O.; Andrade Lima, D.";2623;Yano, O.;123756;SP-BRYOPHYTA;IBt;85530;256
GBIF;Bryophyta;Orthotrichaceae;Macromitrium viticulosum;(Sw. ex Brid.) Besch.;-7.905547237;-36.02044864;"Yano, O.; Andrade Lima, D.";2614;Yano, O.;14249;SP-BRYOPHYTA;IBt;85530;256
GBIF;Marchantiophyta;Lejeuneaceae;Marchesinia brachiata;(Sw. ex Brid.) Besch.;-7.905547237;-36.02044864;"Yano, O.; Andrade Lima, D.";2603;Yano, O.;42098;SP-BRYOPHYTA;IBt;85530;256
GBIF;Bryophyta;Meteoriaceae;Meteorium deppei;(Sw. ex Brid.) Besch.;-7.905547237;-36.02044864;"Yano, O.; Andrade Lima, D.";2604;Yano, O.;42109;SP-BRYOPHYTA;IBt;85530;256
GBIF;Marchantiophyta;Metzgeriaceae;Metzgeria albinea;Schwägr.;-7.905547237;-36.02044864;"Yano, O.; Andrade Lima, D.";2621;Costa, D.P.;42095;SP-BRYOPHYTA;IBt;85530;256
GBIF;Marchantiophyta;Metzgeriaceae;Metzgeria lechleri;Schwägr.;-7.905547237;-36.02044864;"Yano, O.; Andrade Lima, D.";2625;Costa, D.P.;146845;SP-BRYOPHYTA;IBt;85530;256
GBIF;Marchantiophyta;Metzgeriaceae;Metzgeria liebmanniana;Schwägr.;-7.905547237;-36.02044864;"Yano, O.; Andrade Lima, D.";2639;Costa, D.P.;42085;SP-BRYOPHYTA;IBt;85530;256
GBIF;Bryophyta;Octoblepharaceae;Octoblepharum albidum;Schwägr.;-7.905547237;-36.02044864;"Yano, O.; Andrade Lima, D.";2606;Yano, O.;71717;SP-BRYOPHYTA;IBt;85530;256
GBIF;Bryophyta;Pterobryaceae;Orthostichopsis tortipilis;Schwägr.;-7.905547237;-36.02044864;"Yano, O.; Andrade Lima, D.";2618;Yano, O.;71900;SP-BRYOPHYTA;IBt;85530;256
GBIF;Bryophyta;Meteoriaceae;Papillaria hyalinotricha;Schwägr.;-7.903056;-36.044167;"Yano, O.; Andrade Lima, D.";2595;Visnadi, S.R.;71842;SP-BRYOPHYTA;IBt;85530;256
GBIF;Bryophyta;Phyllogoniaceae;Phyllogonium fulgens;Schwägr.;-7.905547237;-36.02044864;"Yano, O.; Andrade Lima, D.";2601;Yano, O.;76232;SP-BRYOPHYTA;IBt;85530;256
GBIF;Bryophyta;Phyllogoniaceae;Phyllogonium fulgens;Schwägr.;-7.905547237;-36.02044864;"Yano, O.; Andrade Lima, D.";2634;Yano, O.;76214;SP-BRYOPHYTA;IBt;85530;256
GBIF;Bryophyta;Phyllogoniaceae;Phyllogonium fulgens;Schwägr.;-7.903056;-36.044167;Olga Yano, D. Andrade-Lima;2634;"Yano, O.; Andrade Lima, D.";76227;BOT;NHMUK;85530;256
GBIF;Marchantiophyta;Plagiochilaceae;Plagiochila corrugata;Schwägr.;-7.905547237;-36.02044864;"Yano, O.; Andrade Lima, D.";2596;Yano, O.;150124;SP-BRYOPHYTA;IBt;85530;256
GBIF;Marchantiophyta;Plagiochilaceae;Plagiochila crispabilis;Schwägr.;-7.905547237;-36.02044864;"Yano, O.; Andrade Lima, D.";2635;Yano, O.;191192;SP-BRYOPHYTA;IBt;85530;256
GBIF;Marchantiophyta;Plagiochilaceae;Plagiochila laetevirens;Schwägr.;-7.905547237;-36.02044864;"Yano, O.; Andrade Lima, D.";2632;Yano, O.;191477;SP-BRYOPHYTA;IBt;85530;256
GBIF;Marchantiophyta;Plagiochilaceae;Plagiochila rutilans;Schwägr.;-7.905547237;-36.02044864;"Yano, O.; Andrade Lima, D.";2640;Yano, O.;191159;SP-BRYOPHYTA;IBt;85530;256
GBIF;Marchantiophyta;Porellaceae;Porella brasiliensis;Schwägr.;-7.905547237;-36.02044864;"Yano, O.; Andrade Lima, D.";2631;Yano, O.;191482;SP-BRYOPHYTA;IBt;85530;256
GBIF;Marchantiophyta;Radulaceae;Radula cubensis;Schwägr.;-7.905547237;-36.02044864;"Yano, O.; Andrade Lima, D.";2636;Yano, O.;76267;SP-BRYOPHYTA;IBt;85530;256
GBIF;Bryophyta;Orthotrichaceae;Schlotheimia tecta;Schwägr.;-7.905547237;-36.02044864;"Yano, O.; Andrade Lima, D.";2602;"Yano, O.; Peralta, D.F.; Bordin, J. (2010)";84963C;SP-BRYOPHYTA;IBt;85530;256
GBIF;Bryophyta;Cryphaeaceae;Schoenobryum concavifolium;Schwägr.;-7.905547237;-36.02044864;"Yano, O.; Andrade Lima, D.";2616;Yano, O.;84870B;SP-BRYOPHYTA;IBt;85530;256
GBIF;Bryophyta;Cryphaeaceae;Schoenobryum concavifolium;Schwägr.;-7.903056;-36.044167;"Yano, O.; Andrade Lima, D.";2592;Yano, O.;84867C;SP-BRYOPHYTA;IBt;85530;256
GBIF;Bryophyta;Brachytheciaceae;Squamidium leucotrichum;Schwägr.;-7.905547237;-36.02044864;"Yano, O.; Andrade Lima, D.";2624;Yano, O.;84864B;SP-BRYOPHYTA;IBt;85530;256
GBIF;Bryophyta;Pottiaceae;Weissia controversa;Schwägr.;-7.905547237;-36.02044864;"Yano, O.; Andrade Lima, D.";2610;Yano, O.;190334;SP-BRYOPHYTA;IBt;85530;256
GBIF;Bryophyta;Archidiaceae;Archidium julicaule;Schwägr.;-8.663611;-36.005833;Vital, D. M.;2889;Vital, D. M.;50083;SP-BRYOPHYTA;IBt;85633;257
GBIF;Bryophyta;Archidiaceae;Archidium ohioense;Schwägr.;-8.663611;-36.005833;Vital, D. M.;2890;Vital, D. M.;089590;SP-BRYOPHYTA;IBt;85633;257
GBIF;Marchantiophyta;Corsiniaceae;Cronisia weddellii;Schwägr.;-8.663611;-36.005833;Vital, D. M.;2889;Vital, D. M.;146799;SP-BRYOPHYTA;IBt;85633;257
GBIF;Marchantiophyta;Ricciaceae;Riccia vitalii;Schwägr.;-8.663611;-36.005833;Vital, D. M.;2890;Vital, D. M.;85006B;SP-BRYOPHYTA;IBt;85633;257
GBIF;Bryophyta;Bryaceae;Bryum argenteum;Schwägr.;-8.624472;-35.980861;Silva, TO;A1789;Silva, TO;64169;UFP;UFPE;85763;258
GBIF;Bryophyta;Leucobryaceae;Campylopus savannarum;Schwägr.;-8.62444266;-35.98086653;Oliveira, T;75;Silva, TO;79582;UFP;UFPE;85763;258
GBIF;Bryophyta;Leucobryaceae;Campylopus savannarum;Schwägr.;-8.62444266;-35.98086653;Oliveira, T;79;Silva, TO;79584;UFP;UFPE;85763;258
GBIF;Bryophyta;Leucobryaceae;Campylopus savannarum;Schwägr.;-8.62444266;-35.98086653;Oliveira, T;81;Silva, TO;80415;UFP;UFPE;85763;258
GBIF;Bryophyta;Leucobryaceae;Campylopus savannarum;Schwägr.;-8.62444266;-35.98086653;Oliveira, T;83;Silva, TO;80164;UFP;UFPE;85763;258
GBIF;Bryophyta;Leucobryaceae;Campylopus savannarum;Schwägr.;-8.62444266;-35.98086653;Oliveira, T;87;Silva, TO;01289248;UFP;UFPE;85763;258
GBIF;Marchantiophyta;Lejeuneaceae;Bryopteris diffusa;Schwägr.;-8.283333;-35.976111;Yano, O.;144;Yano, O.;87507;SP-BRYOPHYTA;IBt;85775;259
speciesLink;Marchantiophyta;Dumortieraceae;Dumortiera hirsuta;Schwägr.;-8.283329964;-35.97610092;M.R. Pietrobom;5246;D.F. Peralta;51767;SJRP-BRYOPHYTA;UNESP-IBILCE;85775;259
speciesLink;Marchantiophyta;Plagiochilaceae;Plagiochila rutilans;Schwägr.;-8.283329964;-35.97610092;M.R. Pietrobom;5245;D.F. Peralta;BM001244403;SJRP-BRYOPHYTA;UNESP-IBILCE;85775;259
GBIF;Marchantiophyta;Ricciaceae;Riccia vitalii;Schwägr.;-8.197813;-35.966908;"Alfons Schafer-Verwimp;Inge Verwimp";SchÃƒÂ¤fer-Verwimp 12984;Jovet-Ast, S.;84992E;MOBOT;MO;85778;260
GBIF;Marchantiophyta;Ricciaceae;Riccia vitalii;Schwägr.;-8.458056;-35.944722;Vital, D. M.;2891;Vital, D. M.;84995A;SP-BRYOPHYTA;IBt;85898;261
GBIF;Marchantiophyta;Ricciaceae;Riccia vitalii;Schwägr.;-8.20828;-35.95734;Schafer-Verwimp;;Jovet-Ast, S.;84995E;TAA;EMU;85906;262
GBIF;Bryophyta;Bryaceae;Rhodobryum beyrichianum;Schwägr.;-8.240011181;-35.92080692;Ataide, M.;s.n.;"Yano, O.; Peralta, D.F.; Bordin, J. (2010)";85051B;SP-BRYOPHYTA;IBt;86033;263
GBIF;Marchantiophyta;Lejeuneaceae;Anoplolejeunea conferta;Schwägr.;-7.061389;-35.925833;Vital, D. M.;5425;Vital, D. M.;50073;SP-BRYOPHYTA;IBt;86074;264
GBIF;Bryophyta;Calymperaceae;Calymperes palisotii;Schwägr.;-7.061389;-35.925833;Vital, D.M.;5436;Vital, D.M.;90051801;SP-BRYOPHYTA;IBt;86074;264
GBIF;Marchantiophyta;Lejeuneaceae;Ceratolejeunea cubensis;Schwägr.;-7.061389;-35.925833;Vital, D. M.;5426;Vital, D. M.;119533;SP-BRYOPHYTA;IBt;86074;264
GBIF;Marchantiophyta;Lejeuneaceae;Cheilolejeunea rigidula;(Müll. Hal.) Müll. Hal.;-7.061389;-35.925833;Vital, D. M.;5425;Vital, D. M.;NY1667604;SP-BRYOPHYTA;IBt;86074;264
GBIF;Marchantiophyta;Lejeuneaceae;Cheilolejeunea rigidula;(Mitt.) W.D. Reese;-7.061389;-35.925833;Vital, D. M.;5430;Vital, D. M.;1221022;SP-BRYOPHYTA;IBt;86074;264
GBIF;Marchantiophyta;Frullaniaceae;Frullania caulisequa;(Mitt.) W.D. Reese;-7.061389;-35.925833;Vital, D. M.;5424;Vital, D. M.;70195;SP-BRYOPHYTA;IBt;86074;264
GBIF;Marchantiophyta;Frullaniaceae;Frullania caulisequa;(Mitt.) W.D. Reese;-7.061389;-35.925833;Vital, D. M.;5425;Vital, D. M.;70486;SP-BRYOPHYTA;IBt;86074;264
GBIF;Marchantiophyta;Frullaniaceae;Frullania kunzei;(Mitt.) W.D. Reese;-7.061389;-35.925833;Vital, D. M.;5424;Vital, D. M.;70152;SP-BRYOPHYTA;IBt;86074;264
GBIF;Bryophyta;Orthotrichaceae;Groutiella tumidula;(Mitt.) W.D. Reese;-7.061389;-35.925833;Vital, D.M.;5438;Vital, D.M.;77318;SP-BRYOPHYTA;IBt;86074;264
GBIF;Bryophyta;Orthotrichaceae;Groutiella tumidula;(Mitt.) W.D. Reese;-7.061389;-35.925833;Vital, D.M.;5440;Vital, D.M.;79383;SP-BRYOPHYTA;IBt;86074;264
GBIF;Bryophyta;Pterobryaceae;Henicodium geniculatum;(Mitt.) W.D. Reese;-7.061389;-35.925833;Vital, D.M.;5439;Vital, D.M.;79204;SP-BRYOPHYTA;IBt;86074;264
GBIF;Marchantiophyta;Metzgeriaceae;Metzgeria lechleri;(Mitt.) W.D. Reese;-7.061389;-35.925833;Vital, D. M.;5427;Vital, D. M.;42235;SP-BRYOPHYTA;IBt;86074;264
GBIF;Marchantiophyta;Plagiochilaceae;Plagiochila raddiana;(Mitt.) W.D. Reese;-7.061389;-35.925833;Vital, D. M.;5428;Vital, D. M.;191172;SP-BRYOPHYTA;IBt;86074;264
GBIF;Marchantiophyta;Frullaniaceae;Frullania ericoides;(Mitt.) W.D. Reese;-7.358333;-35.898333;"Yano, O.; Andrade Lima, D.";2733;Yano, O.;77944;SP-BRYOPHYTA;IBt;86192;265
GBIF;Bryophyta;Fabroniaceae;Fabronia ciliaris var. polycarpa;(Mitt.) W.D. Reese;-7.218664117;-35.88217413;Vital, D.M.;5422;Vital, D.M.;51626;SP-BRYOPHYTA;IBt;86197;266
GBIF;Bryophyta;Pottiaceae;Hyophila involuta;(Mitt.) W.D. Reese;-7.218664117;-35.88217413;Vital, D.M.;5423;Costa, D.P.;70396;SP-BRYOPHYTA;IBt;86197;266
GBIF;Marchantiophyta;Lejeuneaceae;Myriocoleopsis minutissima;(Mitt.) W.D. Reese;-7.218378208;-35.88160584;Vital, D. M.;5421;Vital, D. M.;191467;SP-BRYOPHYTA;IBt;86197;266
GBIF;Marchantiophyta;Lejeuneaceae;Myriocoleopsis minutissima subsp. myriocarpa;(Mitt.) W.D. Reese;-7.218378208;-35.88160584;Vital, D. M.;5421;Vital, D. M.;191445;SP-BRYOPHYTA;IBt;86197;266
GBIF;Marchantiophyta;Ricciaceae;Riccia vitalii;(Mitt.) W.D. Reese;-7.218378208;-35.88160584;Vital, D. M.;2895;Vital, D. M.;85005B;SP-BRYOPHYTA;IBt;86197;266
GBIF;Bryophyta;Archidiaceae;Archidium ohioense;(Mitt.) W.D. Reese;-7.033056;-35.857222;Vital, D.M.;5444;Vital, D.M.;87081;SP-BRYOPHYTA;IBt;86326;267
GBIF;Bryophyta;Bryaceae;Bryum argenteum;(Mitt.) W.D. Reese;-7.033056;-35.857222;Vital, D.M.;5446;Vital, D.M.;49734;SP-BRYOPHYTA;IBt;86326;267
GBIF;Bryophyta;Fissidentaceae;Fissidens taxifolius;(Mitt.) W.D. Reese;-7.033056;-35.857222;Vital, D.M.;5445;Vital, D.M.;72367;SP-BRYOPHYTA;IBt;86326;267
GBIF;Marchantiophyta;Ricciaceae;Riccia wainionis;(Mitt.) W.D. Reese;-7.033056;-35.857222;Vital, D. M.;5447;Vital, D. M.;88405;SP-BRYOPHYTA;IBt;86326;267
speciesLink;Marchantiophyta;Frullaniaceae;Frullania brasiliensis;(Mitt.) W.D. Reese;-8.233329773;-35.7969017;M.R. Pietrobom-Silva;4611;D.F. Peralta;123769;SJRP-BRYOPHYTA;UNESP-IBILCE;86534;268
GBIF;Bryophyta;Archidiaceae;Archidium ohioense;(Mitt.) W.D. Reese;-6.967038405;-35.79601987;Vital, D.M.;5433;Vital, D.M.;87098;SP-BRYOPHYTA;IBt;86578;269
GBIF;Bryophyta;Bryaceae;Rosulabryum capillare;(Mitt.) W.D. Reese;-6.967038405;-35.79601987;Vital, D.M.;5435;Vital, D.M.;49732;SP-BRYOPHYTA;IBt;86578;269
GBIF;Bryophyta;Fissidentaceae;Fissidens taxifolius;(Mitt.) W.D. Reese;-6.967038405;-35.79601987;Vital, D.M.;5434;Vital, D.M.;72368;SP-BRYOPHYTA;IBt;86578;269
GBIF;Marchantiophyta;Metzgeriaceae;Metzgeria myriopoda;Hampe;-8.146111;-35.7425;K.C. Porto;;Costa, D.P.;42236;RB;JBRJ;86779;270
GBIF;Bryophyta;Pottiaceae;Hydrogonium orientale;(Sw.) Spruce;-6.983611;-35.744444;Silva, MPP;325;Silva, M. P. P.;64238;UFP;UFPE;86819;271
GBIF;Bryophyta;Sematophyllaceae;Brittonodoxa subpinnata;(Steph.) Herzog;-6.983611;-35.744444;Silva, MPP;313;Silva, M. P. P.;84320;UFP;UFPE;86819;271
GBIF;Bryophyta;Sematophyllaceae;Brittonodoxa subpinnata;(Steph.) Herzog;-6.983611;-35.744444;Silva, MPP;350;Silva, M. P. P.;84462;UFP;UFPE;86819;271
GBIF;Bryophyta;Sematophyllaceae;Brittonodoxa subpinnata;L.;-6.983611;-35.744444;Silva, MPP;361;Silva, M. P. P.;64242;UFP;UFPE;86819;271
GBIF;Bryophyta;Callicostaceae;Callicostella rufescens;L.;-6.983611;-35.744444;Silva, MPP;371;Silva, M. P. P.;28271;UFP;UFPE;86819;271
GBIF;Bryophyta;Callicostaceae;Callicostella rufescens;(Mitt.) M. Fleisch.;-6.983611;-35.744444;Silva, MPP;375;Silva, M. P. P.;29418;UFP;UFPE;86819;271
GBIF;Bryophyta;Calymperaceae;Calymperes palisotii;(Mont.) J.J. Engel & G.L. Merr.;-6.983611;-35.744444;Silva, MPP;327;Silva, M. P. P.;103385656;UFP;UFPE;86819;271
GBIF;Bryophyta;Calymperaceae;Calymperes palisotii;(Mont.) J.J. Engel & G.L. Merr.;-6.983611;-35.744444;Silva, MPP;352;Silva, M. P. P.;90157081;UFP;UFPE;86819;271
GBIF;Bryophyta;Calymperaceae;Calymperes palisotii;(Mont.) J.J. Engel & G.L. Merr.;-6.983611;-35.744444;Silva, MPP;359;Silva, M. P. P.;90155607;UFP;UFPE;86819;271
GBIF;Bryophyta;Calymperaceae;Calymperes palisotii;(Mont.) J.J. Engel & G.L. Merr.;-6.983611;-35.744444;Silva, MPP;378;Silva, M. P. P.;64206;UFP;UFPE;86819;271
GBIF;Marchantiophyta;Lejeuneaceae;Caudalejeunea lehmanniana;(Gottsche ex Austin) M. Howe;-6.983611;-35.744444;Silva, MPP;344;Marinho, F;119341;UFP;UFPE;86819;271
GBIF;Marchantiophyta;Lejeuneaceae;Cheilolejeunea adnata;(Gottsche ex Austin) M. Howe;-6.983611;-35.744444;Silva, MPP;323;Silva, M. P. P.;119642;UFP;UFPE;86819;271
GBIF;Marchantiophyta;Lejeuneaceae;Cheilolejeunea rigidula;(Gottsche ex Austin) M. Howe;-6.983611;-35.744444;Silva, MPP;332;Marinho, F;1797323;UFP;UFPE;86819;271
GBIF;Marchantiophyta;Lejeuneaceae;Cheilolejeunea rigidula;(Gottsche ex Austin) M. Howe;-6.983611;-35.744444;Silva, MPP;349;Marinho, F;1777075;UFP;UFPE;86819;271
GBIF;Marchantiophyta;Lejeuneaceae;Cheilolejeunea rigidula;(Gottsche ex Austin) M. Howe;-6.983611;-35.744444;Silva, MPP;345;Marinho, F;NY01916620;UFP;UFPE;86819;271
GBIF;Marchantiophyta;Lejeuneaceae;Cheilolejeunea rigidula;(Gottsche ex Austin) M. Howe;-6.983611;-35.744444;Silva, MPP;320;Silva, M. P. P.;137667;UFP;UFPE;86819;271
GBIF;Marchantiophyta;Lejeuneaceae;Cheilolejeunea rigidula;(Gottsche ex Austin) M. Howe;-6.983611;-35.744444;Silva, MPP;338;Silva, M. P. P.;137676;UFP;UFPE;86819;271
GBIF;Marchantiophyta;Lejeuneaceae;Cheilolejeunea rigidula;(Gottsche ex Austin) M. Howe;-6.983611;-35.744444;Silva, MPP;334;Silva, M. P. P.;102499951;UFP;UFPE;86819;271
GBIF;Marchantiophyta;Lejeuneaceae;Cololejeunea subcardiocarpa;(Gottsche ex Austin) M. Howe;-6.983611;-35.744444;Silva, MPP;347;Silva, M. P. P.;146798;UFP;UFPE;86819;271
GBIF;Marchantiophyta;Lejeuneaceae;Drepanolejeunea fragilis;(Gottsche ex Austin) M. Howe;-6.983611;-35.744444;Silva, MPP;363;Silva, M. P. P.;51825;UFP;UFPE;86819;271
GBIF;Marchantiophyta;Lejeuneaceae;Drepanolejeunea fragilis;(Gottsche ex Austin) M. Howe;-6.983611;-35.744444;Silva, MPP;354;Silva, M. P. P.;51771;UFP;UFPE;86819;271
GBIF;Marchantiophyta;Lejeuneaceae;Drepanolejeunea mosenii;(Spruce) J.J. Engel & G.L. Merr.;-6.983611;-35.744444;Silva, MPP;348;Silva, M. P. P.;51710;UFP;UFPE;86819;271
GBIF;Bryophyta;Stereophyllaceae;Entodontopsis leucostega;(Hedw.) Bruch & Schimp.;-6.983611;-35.744444;Silva, MPP;312;Marinho, F;71639;UFP;UFPE;86819;271
GBIF;Bryophyta;Stereophyllaceae;Entodontopsis leucostega;(Hedw.) Schimp.;-6.983611;-35.744444;Silva, MPP;324;Silva, M. P. P.;51426;UFP;UFPE;86819;271
GBIF;Bryophyta;Stereophyllaceae;Entodontopsis leucostega;Lorentz;-6.983611;-35.744444;Silva, MPP;337;Silva, M. P. P.;51490;UFP;UFPE;86819;271
GBIF;Bryophyta;Stereophyllaceae;Entodontopsis leucostega;(Spruce) Sukkharak & Gradst.;-6.983611;-35.744444;Silva, MPP;356;Silva, M. P. P.;51512;UFP;UFPE;86819;271
GBIF;Bryophyta;Fissidentaceae;Fissidens guianensis;(Spruce) Sukkharak & Gradst.;-6.983611;-35.744444;Silva, MPP;326;Silva, M. P. P.;77951;UFP;UFPE;86819;271
GBIF;Bryophyta;Fissidentaceae;Fissidens inaequalis;(Spruce) Sukkharak & Gradst.;-6.983611;-35.744444;Silva, MPP;377;Silva, M. P. P.;72198;UFP;UFPE;86819;271
GBIF;Bryophyta;Fissidentaceae;Fissidens pellucidus;(Hedw.) Jenn.;-6.983611;-35.744444;Silva, MPP;322;Silva, M. P. P.;72178;UFP;UFPE;86819;271
GBIF;Bryophyta;Fissidentaceae;Fissidens radicans;(Hedw.) Jenn.;-6.97851;-35.75123;"Yano, O.; Andrade Lima, D.";2727;Bordin, J.;72192;SP-BRYOPHYTA;IBt;86819;271
GBIF;Bryophyta;Fissidentaceae;Fissidens zollingeri;(Hedw.) Jenn.;-6.983611;-35.744444;Silva, MPP;321;Silva, M. P. P.;71942;UFP;UFPE;86819;271
GBIF;Bryophyta;Fissidentaceae;Fissidens zollingeri;(Hedw.) Jenn.;-6.97851;-35.75123;"Yano, O.; Andrade Lima, D.";2716;Pursell, R. A.;71935;SP-BRYOPHYTA;IBt;86819;271
GBIF;Marchantiophyta;Frullaniaceae;Frullania ericoides;(Hedw.) Jenn.;-6.983611;-35.744444;Silva, MPP;339;Marinho, F;71864;UFP;UFPE;86819;271
GBIF;Marchantiophyta;Frullaniaceae;Frullania ericoides;(Hedw.) Jenn.;-6.983611;-35.744444;Silva, MPP;351;Lima, E;71903;UFP;UFPE;86819;271
GBIF;Marchantiophyta;Frullaniaceae;Frullania riojaneirensis;(Hedw.) Jenn.;-6.983611;-35.744444;Silva, MPP;351;Silva, M. P. P.;96224;UFP;UFPE;86819;271
GBIF;Bryophyta;Orthotrichaceae;Groutiella apiculata;(Hedw.) Jenn.;-6.983611;-35.744444;Silva, MPP;313;Silva, M. P. P.;72470;UFP;UFPE;86819;271
GBIF;Bryophyta;Orthotrichaceae;Groutiella chimborazensis;(Hedw.) Jenn.;-6.983611;-35.744444;Silva, MPP;342;Marinho, F;72479;UFP;UFPE;86819;271
GBIF;Bryophyta;Orthotrichaceae;Groutiella tomentosa;(Hedw.) Jenn.;-6.983611;-35.744444;Silva, MPP;358;Silva, M. P. P.;70403;UFP;UFPE;86819;271
GBIF;Bryophyta;Pterobryaceae;Henicodium geniculatum;(Hedw.) Jenn.;-6.983611;-35.744444;Silva, MPP;376;Silva, M. P. P.;79183;UFP;UFPE;86819;271
GBIF;Bryophyta;Pylaisiadelphaceae;Isopterygium tenerum;(Hedw.) Jenn.;-6.983611;-35.744444;Silva, MPP;329;Marinho, F;51792;UFP;UFPE;86819;271
GBIF;Bryophyta;Pylaisiadelphaceae;Isopterygium tenerum;(Hedw.) Jenn.;-6.983611;-35.744444;Silva, MPP;340;Marinho, F;77767;UFP;UFPE;86819;271
GBIF;Bryophyta;Pylaisiadelphaceae;Isopterygium tenerum;(Hedw.) Jenn.;-6.983611;-35.744444;Silva, MPP;353;Silva, M. P. P.;79238;UFP;UFPE;86819;271
GBIF;Bryophyta;Pylaisiadelphaceae;Isopterygium tenerum;(Hedw.) Jenn.;-6.983611;-35.744444;Silva, MPP;362;Silva, M. P. P.;77804;UFP;UFPE;86819;271
GBIF;Marchantiophyta;Lejeuneaceae;Lejeunea laetevirens;(Hedw.) Jenn.;-6.983611;-35.744444;Silva, MPP;360;Silva, M. P. P.;79084;UFP;UFPE;86819;271
GBIF;Marchantiophyta;Lejeuneaceae;Lejeunea phyllobola;(Hedw.) Jenn.;-6.983611;-35.744444;Silva, MPP;343;Marinho, F;79102;UFP;UFPE;86819;271
GBIF;Marchantiophyta;Lejeuneaceae;Lejeunea phyllobola;(Hedw.) Jenn.;-6.983611;-35.744444;Silva, MPP;336;Marinho, F;79236;UFP;UFPE;86819;271
GBIF;Marchantiophyta;Lejeuneaceae;Lejeunea phyllobola;(Hedw.) Jenn.;-6.983611;-35.744444;Silva, MPP;374;Silva, M. P. P.;79101;UFP;UFPE;86819;271
GBIF;Marchantiophyta;Lejeuneaceae;Lejeunea phyllobola;(Hedw.) Jenn.;-6.983611;-35.744444;Silva, MPP;328;Silva, M. P. P.;79150;UFP;UFPE;86819;271
GBIF;Marchantiophyta;Lejeuneaceae;Leptolejeunea elliptica;(Hedw.) Jenn.;-6.983611;-35.744444;Silva, MPP;319;Silva, M. P. P.;51640;UFP;UFPE;86819;271
GBIF;Marchantiophyta;Lejeuneaceae;Lopholejeunea subfusca;(Hedw.) Jenn.;-6.983611;-35.744444;Silva, MPP;315;Silva, M. P. P.;123695;UFP;UFPE;86819;271
GBIF;Marchantiophyta;Lejeuneaceae;Lopholejeunea subfusca;(Hedw.) Jenn.;-6.983611;-35.744444;Silva, MPP;314;Silva, M. P. P.;119970;UFP;UFPE;86819;271
GBIF;Marchantiophyta;Lejeuneaceae;Lopholejeunea subfusca;(Schrad. ex Hedw.) Limpr.;-6.983611;-35.744444;Silva, MPP;317;Silva, M. P. P.;119972;UFP;UFPE;86819;271
GBIF;Marchantiophyta;Lejeuneaceae;Lopholejeunea subfusca;(Schrad. ex Hedw.) Limpr.;-6.983611;-35.744444;Silva, MPP;318;Silva, M. P. P.;123742;UFP;UFPE;86819;271
GBIF;Marchantiophyta;Lejeuneaceae;Marchesinia brachiata;Müll. Hal.;-6.983611;-35.744444;Silva, MPP;370;Silva, M. P. P.;42104;UFP;UFPE;86819;271
GBIF;Bryophyta;Octoblepharaceae;Octoblepharum albidum;(Müll. Hal.) Pursell;-6.983611;-35.744444;Silva, MPP;346;Marinho, F;150146;UFP;UFPE;86819;271
GBIF;Bryophyta;Octoblepharaceae;Octoblepharum albidum;(Müll. Hal.) Pursell;-6.983611;-35.744444;Silva, MPP;330;Silva, M. P. P.;191283;UFP;UFPE;86819;271
GBIF;Bryophyta;Octoblepharaceae;Octoblepharum albidum;(Müll. Hal.) Pursell;-6.983611;-35.744444;Silva, MPP;357;Silva, M. P. P.;191300;UFP;UFPE;86819;271
GBIF;Bryophyta;Octoblepharaceae;Octoblepharum albidum;(Müll. Hal.) Pursell;-6.97851;-35.75123;"Yano, O.; Andrade Lima, D.";2720;Yano, O.;150140;SP-BRYOPHYTA;IBt;86819;271
GBIF;Bryophyta;Octoblepharaceae;Octoblepharum albidum;(Müll. Hal.) Pursell;-6.97851;-35.75123;"Yano, O.; Andrade Lima, D.";2728;Yano, O.;191286;SP-BRYOPHYTA;IBt;86819;271
GBIF;Bryophyta;Stereophyllaceae;Pilosium chlorophyllum;(Müll. Hal.) Pursell;-6.983611;-35.744444;Silva, MPP;367;Silva, M. P. P.;191512;UFP;UFPE;86819;271
GBIF;Bryophyta;Stereophyllaceae;Pilosium chlorophyllum;(Müll. Hal.) Pursell;-6.983611;-35.744444;Silva, MPP;368;Silva, M. P. P.;191511;UFP;UFPE;86819;271
GBIF;Bryophyta;Stereophyllaceae;Pilosium chlorophyllum;(Müll. Hal.) Pursell;-6.983611;-35.744444;Silva, MPP;369;Silva, M. P. P.;191513;UFP;UFPE;86819;271
GBIF;Marchantiophyta;Plagiochilaceae;Plagiochila montagnei;(Müll. Hal.) Pursell;-6.983611;-35.744444;Silva, MPP;372;Silva, M. P. P.;191181;UFP;UFPE;86819;271
GBIF;Bryophyta;Racopilaceae;Racopilum tomentosum;(Hampe) W.R. Buck;-6.983611;-35.744444;Silva, MPP;335;Silva, M. P. P.;71832;UFP;UFPE;86819;271
GBIF;Bryophyta;Orthotrichaceae;Schlotheimia henscheniana;(Mont.) Carv.-Silva, P.E.A.S. Câmara & W.R. Buck;-6.97851;-35.75123;"Yano, O.; Andrade Lima, D.";2718;Yano, O.;85030A;SP-BRYOPHYTA;IBt;86819;271
GBIF;Marchantiophyta;Lejeuneaceae;Symbiezidium barbiflorum;Bruch;-6.983611;-35.744444;Silva, MPP;333;Marinho, F;13744;UFP;UFPE;86819;271
GBIF;Bryophyta;Calymperaceae;Syrrhopodon incompletus;Bruch;-6.97851;-35.75123;Farias, RS;70;Farias, R. S.;72182;UFP;UFPE;86819;271
GBIF;Bryophyta;Calymperaceae;Syrrhopodon incompletus;Bruch;-6.97851;-35.75123;Farias, RS;71;Farias, R. S.;73066;UFP;UFPE;86819;271
GBIF;Bryophyta;Calymperaceae;Syrrhopodon incompletus;Bruch;-6.97851;-35.75123;Farias, RS;72;Farias, R. S.;72119;UFP;UFPE;86819;271
GBIF;Bryophyta;Calymperaceae;Syrrhopodon incompletus;Bruch;-6.97851;-35.75123;Farias, RS;73;Farias, R. S.;72118;UFP;UFPE;86819;271
GBIF;Bryophyta;Calymperaceae;Syrrhopodon incompletus;(Müll. Hal.) R.H. Zander;-6.97851;-35.75123;Farias, RS;74;Farias, R. S.;72121;UFP;UFPE;86819;271
GBIF;Bryophyta;Calymperaceae;Syrrhopodon incompletus;(Hook. & Wilson) Pursell;-6.97851;-35.75123;Farias, RS;75;Farias, R. S.;73176;UFP;UFPE;86819;271
GBIF;Bryophyta;Calymperaceae;Syrrhopodon incompletus;(Hook. & Wilson) Pursell;-6.97851;-35.75123;Farias, RS;76;Farias, R. S.;73057;UFP;UFPE;86819;271
GBIF;Bryophyta;Calymperaceae;Syrrhopodon incompletus;(Hook. & Wilson) Pursell;-6.97851;-35.75123;Farias, RS;77;Farias, R. S.;73068;UFP;UFPE;86819;271
GBIF;Bryophyta;Calymperaceae;Syrrhopodon incompletus;(Hook. & Wilson) Pursell;-6.97851;-35.75123;Farias, RS;79;Farias, R. S.;72132;UFP;UFPE;86819;271
GBIF;Bryophyta;Calymperaceae;Syrrhopodon incompletus;(Hook. & Wilson) Pursell;-6.97851;-35.75123;Farias, RS;81;Farias, R. S.;73009;UFP;UFPE;86819;271
GBIF;Bryophyta;Calymperaceae;Syrrhopodon incompletus;(Hook. & Wilson) Pursell;-6.97851;-35.75123;Farias, RS;83;Farias, R. S.;72122;UFP;UFPE;86819;271
GBIF;Bryophyta;Calymperaceae;Syrrhopodon incompletus;(Hook. & Wilson) Pursell;-6.97851;-35.75123;Farias, RS;84;Farias, R. S.;72128;UFP;UFPE;86819;271
GBIF;Bryophyta;Calymperaceae;Syrrhopodon incompletus;(Hook. & Wilson) Pursell;-6.97851;-35.75123;Farias, RS;85;Farias, R. S.;73059;UFP;UFPE;86819;271
GBIF;Bryophyta;Calymperaceae;Syrrhopodon incompletus;(Hook. & Wilson) Pursell;-6.97851;-35.75123;Farias, RS;86;Farias, R. S.;73061;UFP;UFPE;86819;271
GBIF;Bryophyta;Calymperaceae;Syrrhopodon lanceolatus;(Hook. & Wilson) Pursell;-6.97851;-35.75123;"Yano, O.; Andrade Lima, D.";2722;Yano, O.;73010;SP-BRYOPHYTA;IBt;86819;271
GBIF;Bryophyta;Calymperaceae;Syrrhopodon lanceolatus;(Hook. & Wilson) Pursell;-6.97851;-35.75123;"Yano, O.; Andrade Lima, D.";2729;Yano, O.;72177;SP-BRYOPHYTA;IBt;86819;271
GBIF;Bryophyta;Calymperaceae;Syrrhopodon ligulatus;(Hook. & Wilson) Pursell;-6.983611;-35.744444;Silva, MPP;373;Silva, M. P. P.;74225;UFP;UFPE;86819;271
GBIF;Bryophyta;Calymperaceae;Syrrhopodon ligulatus;(Hook. & Wilson) Pursell;-6.97851;-35.75123;Farias, RS;80;Farias, R. S.;74226;UFP;UFPE;86819;271
GBIF;Bryophyta;Calymperaceae;Syrrhopodon ligulatus;(Hook. & Wilson) Pursell;-6.97851;-35.75123;Farias, RS;82;Farias, R. S.;74227;UFP;UFPE;86819;271
GBIF;Bryophyta;Calymperaceae;Syrrhopodon parasiticus;(Hook. & Wilson) Pursell;-6.97851;-35.75123;Farias, RS;78;Farias, R. S.;191261;UFP;UFPE;86819;271
GBIF;Bryophyta;Orthotrichaceae;Groutiella tumidula;(Hook. & Wilson) Pursell;-6.961242103;-35.75646718;"Yano, O; Andrade-Lima, D";2718;Lima,  J. S.;79384;HUFABC;UFABC;86820;272
GBIF;Bryophyta;Calymperaceae;Syrrhopodon incompletus;(Hook. & Wilson) Pursell;-8.470278;-35.728611;"Yano, O.; Porto, K.C.; Gradstein, S.R.";25456;Yano, O.;72131;SP-BRYOPHYTA;IBt;86888;273
GBIF;Bryophyta;Calymperaceae;Syrrhopodon prolifer;(Hook. & Wilson) Pursell;-8.470278;-35.728611;"Yano, O.; Porto, K.C.; Gradstein, S.R.";25427;Yano, O.;88388;SP-BRYOPHYTA;IBt;86888;273
GBIF;Bryophyta;Calymperaceae;Syrrhopodon prolifer;(Hampe) Pursell;-8.470278;-35.728611;"Yano, O.; Porto, K.C.; Gradstein, S.R.";25441;Yano, O.;2335;SP-BRYOPHYTA;IBt;86888;273
GBIF;Bryophyta;Calymperaceae;Syrrhopodon prolifer;(Müll. Hal.) Broth.;-8.470278;-35.728611;"Yano, O.; Porto, K.C.; Gradstein, S.R.";25445;Yano, O.;001501;SP-BRYOPHYTA;IBt;86888;273
GBIF;Bryophyta;Calymperaceae;Syrrhopodon prolifer;(Müll. Hal.) Broth.;-8.470278;-35.728611;"Yano, O.; Porto, K.C.; Gradstein, S.R.";25455;Yano, O.;88395;SP-BRYOPHYTA;IBt;86888;273
GBIF;Marchantiophyta;Lejeuneaceae;Cololejeunea cardiocarpa;(Egunyomi & Olar.) R.H. Zander;-6.964145526;-35.71582226;"Yano, O.; Andrade Lima, D.";2732;Yano, O.;146826;SP-BRYOPHYTA;IBt;86935;274
GBIF;Marchantiophyta;Lejeuneaceae;Diplasiolejeunea unidentata;(Egunyomi & Olar.) R.H. Zander;-6.969955394;-35.71582226;"Yano, O.; Andrade Lima, D.";2711;Yano, O.;51717;SP-BRYOPHYTA;IBt;86935;274
GBIF;Bryophyta;Stereophyllaceae;Entodontopsis leucostega;Müll. Hal.;-6.969955394;-35.71582226;"Yano, O.; Andrade Lima, D.";2713;Yano, O.;51462;SP-BRYOPHYTA;IBt;86935;274
GBIF;Bryophyta;Fabroniaceae;Fabronia ciliaris var. polycarpa;Müll. Hal.;-6.969955394;-35.71582226;"Yano, O.; Andrade Lima, D.";2706;Yano, O.;51555;SP-BRYOPHYTA;IBt;86935;274
GBIF;Marchantiophyta;Frullaniaceae;Frullania kunzei;Müll. Hal.;-6.969955394;-35.71582226;"Yano, O.; Andrade Lima, D.";2710;Yano, O.;70154;SP-BRYOPHYTA;IBt;86935;274
GBIF;Marchantiophyta;Frullaniaceae;Frullania kunzei;Müll. Hal.;-6.964145526;-35.71582226;"Yano, O.; Andrade Lima, D.";2731;Yano, O.;63493;SP-BRYOPHYTA;IBt;86935;274
GBIF;Marchantiophyta;Frullaniaceae;Frullania riojaneirensis;Müll. Hal.;-6.969955394;-35.71582226;"Yano, O.; Andrade Lima, D.";2707;Yano, O.;71892;SP-BRYOPHYTA;IBt;86935;274
GBIF;Marchantiophyta;Frullaniaceae;Frullania riojaneirensis;Hedw.;-6.969955394;-35.71582226;"Yano, O.; Andrade Lima, D.";2715;Yano, O.;70203;SP-BRYOPHYTA;IBt;86935;274
GBIF;Marchantiophyta;Lejeuneaceae;Harpalejeunea oxyphylla;Hedw.;-6.964145526;-35.71582226;"Yano, O.; Andrade Lima, D.";2730;Yano, O.;77734;SP-BRYOPHYTA;IBt;86935;274
GBIF;Bryophyta;Helicophyllaceae;Helicophyllum torquatum;Hedw.;-6.969955394;-35.71582226;"Yano, O.; Andrade Lima, D.";2714;Yano, O.;79402;SP-BRYOPHYTA;IBt;86935;274
GBIF;Marchantiophyta;Lejeuneaceae;Lejeunea deplanata;Hedw.;-6.969955394;-35.71582226;"Yano, O.; Andrade Lima, D.";2708;Yano, O.;77800;SP-BRYOPHYTA;IBt;86935;274
GBIF;Marchantiophyta;Lejeuneaceae;Lejeunea deplanata;(Broth.) H.A. Crum;-6.964145526;-35.71582226;"Yano, O.; Andrade Lima, D.";2721;Yano, O.;79139;SP-BRYOPHYTA;IBt;86935;274
GBIF;Marchantiophyta;Lejeuneaceae;Lejeunea deplanata;(Broth.) H.A. Crum;-6.964145526;-35.71582226;"Yano, O.; Andrade Lima, D.";2719;Yano, O.;77822;SP-BRYOPHYTA;IBt;86935;274
GBIF;Marchantiophyta;Lejeuneaceae;Lejeunea flava;(Broth.) H.A. Crum;-6.964145526;-35.71582226;"Yano, O.; Andrade Lima, D.";2717;Yano, O.;61642;SP-BRYOPHYTA;IBt;86935;274
GBIF;Marchantiophyta;Lejeuneaceae;Lopholejeunea subfusca;(Broth.) H.A. Crum;-6.969955394;-35.71582226;"Yano, O.; Andrade Lima, D.";2712;Yano, O.;123768;SP-BRYOPHYTA;IBt;86935;274
GBIF;Marchantiophyta;Lejeuneaceae;Lopholejeunea subfusca;(Broth.) H.A. Crum;-6.964145526;-35.71582226;"Yano, O.; Andrade Lima, D.";2723;Yano, O.;123747;SP-BRYOPHYTA;IBt;86935;274
GBIF;Marchantiophyta;Lejeuneaceae;Lopholejeunea subfusca;(Broth.) H.A. Crum;-6.964145526;-35.71582226;"Yano, O.; Andrade Lima, D.";2724;Yano, O.;123752;SP-BRYOPHYTA;IBt;86935;274
GBIF;Bryophyta;Octoblepharaceae;Octoblepharum albidum;(Broth.) H.A. Crum;-6.969399935;-35.71575034;Vasconcelos, J. M.;s.n.;Yano, O.;46913;SP-BRYOPHYTA;IBt;86935;274
GBIF;Marchantiophyta;Plagiochilaceae;Plagiochila disticha;(Broth.) H.A. Crum;-6.964145526;-35.71582226;"Yano, O.; Andrade Lima, D.";2725;Yano, O.;191170;SP-BRYOPHYTA;IBt;86935;274
GBIF;Bryophyta;Orthotrichaceae;Schlotheimia henscheniana;(A. Jaeger) Goffinet;-6.969955394;-35.71582226;"Yano, O.; Andrade Lima, D.";2705;Yano, O.;85029C;SP-BRYOPHYTA;IBt;86935;274
GBIF;Bryophyta;Orthotrichaceae;Schlotheimia henscheniana;(A. Jaeger) Goffinet;-6.969955394;-35.71582226;"Yano, O.; Andrade Lima, D.";2709;Yano, O.;85025B;SP-BRYOPHYTA;IBt;86935;274
GBIF;Bryophyta;Archidiaceae;Archidium julicaule;(Hedw.) Manuel;-6.963333;-35.691667;Vital, D. M.;2892;Vital, D. M.;72879;SP-BRYOPHYTA;IBt;87046;275
GBIF;Marchantiophyta;Corsiniaceae;Cronisia fimbriata;(Hedw.) Manuel;-6.963333;-35.691667;Vital, D. M.;2893;Peralta, D. F.;131873;SP-BRYOPHYTA;IBt;87046;275
GBIF;Marchantiophyta;Corsiniaceae;Cronisia weddellii;(Hedw.) Manuel;-6.963333;-35.691667;Vital, D. M.;2894;Vital, D. M.;131871;SP-BRYOPHYTA;IBt;87046;275
speciesLink;Bryophyta;Octoblepharaceae;Octoblepharum albidum;(Hedw.) Manuel;-6.963329792;-35.69169998;J.M. Vasconcelos;s/n;O.Yano;210657;SPSF;IF;87046;275
GBIF;Marchantiophyta;Ricciaceae;Riccia oerstediana;(Hedw.) Manuel;-6.963333;-35.691667;Vital, D. M.;2892;Vital, D. M.;84982A;SP-BRYOPHYTA;IBt;87046;275
GBIF;Marchantiophyta;Ricciaceae;Riccia vitalii;(Hedw.) Manuel;-6.963333;-35.691667;Vital, D. M.;2892;Vital, D. M.;84999B;SP-BRYOPHYTA;IBt;87046;275
GBIF;Bryophyta;Fissidentaceae;Fissidens biformis;(Hedw.) Manuel;-6.455479541;-35.67584385;"Kanagawa, AI; Carvalho, HGA de";JPB13712;Bordin, J.;51688;JPB;UFPB;87064;276
GBIF;Bryophyta;Archidiaceae;Archidium ohioense;(Hedw.) Manuel;-7.038381969;-35.62964791;"Yano, O.; Andrade Lima, D.";3699;Yano, O.;87086;SP-BRYOPHYTA;IBt;87264;277
GBIF;Marchantiophyta;Corsiniaceae;Cronisia weddellii;(Hedw.) Manuel;-7.03716841;-35.62124905;"Yano, O.; Andrade Lima, D.";2702;Yano, O.;119967;SP-BRYOPHYTA;IBt;87264;277
GBIF;Bryophyta;Stereophyllaceae;Entodontopsis cultelliformis;(Hedw.) Manuel;-7.038381969;-35.62964791;"Yano, O.; Andrade Lima, D.";2703;Yano, O.;96450;SP-BRYOPHYTA;IBt;87264;277
GBIF;Bryophyta;Helicophyllaceae;Helicophyllum torquatum;(Hedw.) Manuel;-7.038381969;-35.62964791;"Yano, O.; Andrade Lima, D.";2700;Yano, O.;77317;SP-BRYOPHYTA;IBt;87264;277
GBIF;Bryophyta;Helicophyllaceae;Helicophyllum torquatum;(Hedw.) Manuel;-7.038381969;-35.62964791;"Yano, O.; Andrade Lima, D.";2704;Yano, O.;79341;SP-BRYOPHYTA;IBt;87264;277
GBIF;Bryophyta;Pottiaceae;Hyophila involuta;(Hedw.) Manuel;-7.038381969;-35.62964791;"Yano, O.; Andrade Lima, D.";2701;Yano, O.;84750;SP-BRYOPHYTA;IBt;87264;277
GBIF;Bryophyta;Fissidentaceae;Fissidens goyazensis;(Hedw.) Manuel;-7.171667;-35.583333;"Yano, O.; Andrade Lima, D.";2696;Bordin, J.;77851;SP-BRYOPHYTA;IBt;87471;278
GBIF;Bryophyta;Pottiaceae;Hyophila involuta;(Hedw.) Manuel;-7.171667;-35.583333;"Yano, O.; Andrade Lima, D.";2695;Yano, O.;70355;SP-BRYOPHYTA;IBt;87471;278
GBIF;Bryophyta;Bartramiaceae;Philonotis cernua;(Spruce) R.M. Schust.;-7.171667;-35.583333;"Yano, O.; Andrade Lima, D.";2697;Yano, O.;71901;SP-BRYOPHYTA;IBt;87471;278
GBIF;Marchantiophyta;Ricciaceae;Riccia vitalii;(Spruce) R.M. Schust.;-5.820375879;-35.55257436;Vital, D. M.;1973;Vital, D. M.;84998C;HUSC;UNISANTA;87621;279
